Real_Time,Temp_C,Cond_uScm-1,CellVoltage,StateofCharge,ErrorCode
Real_Time,Temp_C,Cond_uScm-1,CellVoltage,StateofCharge,ErrorCode
946684805,23.59,0.00,0.92,0.00,0
946684822,23.59,0.00,0.06,0.00,0
946684843,23.60,0.00,0.05,0.00,0
946684863,24.07,0.00,0.05,0.00,0
946684883,25.93,0.00,0.05,0.00,0
946684902,31.07,0.00,0.05,0.00,0
946684922,29.95,0.00,0.05,0.00,0
946684943,26.60,0.00,0.05,0.00,0
946684963,24.51,0.00,0.05,0.00,0
946684983,23.61,0.00,0.05,0.00,0
946685002,22.99,0.00,0.05,0.00,0
946685022,22.53,0.00,0.05,0.00,0
946685043,22.25,0.00,0.05,0.00,0
946685063,22.07,0.00,0.05,0.00,0
946685082,22.05,0.00,0.05,0.00,0
946685102,22.04,0.00,0.05,0.00,0
946685122,22.03,0.00,0.05,0.00,0
946685143,22.03,0.00,0.05,0.00,0
946685163,22.04,0.00,0.05,0.00,0
946685183,22.06,0.00,0.05,0.00,0
946685202,22.08,0.00,0.05,0.00,0
946685222,22.29,0.00,0.05,0.00,0
946685243,22.45,0.00,0.05,0.00,0
946685263,25.90,0.00,0.05,0.00,0
946685283,24.61,0.00,0.05,0.00,0
946685302,23.22,0.00,0.05,0.00,0
946685322,22.09,0.00,0.05,0.00,0
946685343,25.87,0.00,0.05,0.00,0
946685363,26.89,0.00,0.05,0.00,0
Real_Time,Temp_C,Cond_uScm-1,CellVoltage,StateofCharge,ErrorCode
946684805,23.19,0.00,0.69,0.04,0
Real_Time,Temp_C,Cond_uScm-1,CellVoltage,StateofCharge,ErrorCode
946684805,23.36,0.00,0.74,0.00,0
946684822,23.37,0.00,0.05,0.00,0
946684843,23.50,0.00,0.05,0.00,0
946684863,23.51,0.00,0.05,0.00,0
946684883,23.54,0.00,0.05,0.00,0
946684902,23.73,0.00,0.05,0.00,0
946684922,23.87,0.00,0.05,0.00,0
946684943,24.34,0.00,0.05,0.00,0
946684963,23.35,0.00,0.05,0.00,0
946684983,22.15,0.00,0.05,0.00,0
946685002,23.80,0.00,0.05,0.00,0
946685022,22.81,0.00,0.05,0.00,0
946685043,22.05,0.00,0.05,0.00,0
946685063,21.37,0.00,0.05,0.00,0
946685082,20.91,0.00,0.05,0.00,0
946685102,20.56,0.00,0.05,0.00,0
946685122,20.43,0.00,0.05,0.00,0
946685142,20.43,0.00,0.05,0.00,0
946685163,20.41,0.00,0.05,0.00,0
946685183,20.39,0.00,0.05,0.00,0
946685202,20.39,0.00,0.05,0.00,0
Real_Time,Temp_C,Cond_uScm-1,CellVoltage,StateofCharge,ErrorCode
946684805,22.21,0.00,0.70,0.09,0
946684823,22.23,0.00,0.05,0.02,0
946684843,22.37,0.00,0.05,0.00,0
946684862,22.37,0.00,0.05,0.00,0
946684882,22.38,0.00,0.05,0.00,0
946684902,22.39,95.39,0.05,0.00,0
946684923,22.41,0.00,0.05,0.00,0
946684943,22.43,0.00,0.05,0.00,0
946684962,22.64,0.00,0.05,0.00,0
946684982,24.10,0.00,0.05,0.00,0
946685002,26.46,0.00,0.05,0.00,0
946685023,26.48,0.00,0.05,0.00,0
946685043,26.07,0.00,0.05,0.00,0
946685062,25.61,0.00,0.05,0.00,0
946685082,25.40,0.00,0.05,0.00,0
946685102,25.55,0.00,0.05,0.00,0
946685123,25.82,0.00,0.05,0.00,0
Real_Time,Temp_C,Cond_uScm-1,CellVoltage,StateofCharge,ErrorCode
946684805,23.33,0.00,0.72,0.10,0
946684823,23.47,0.00,0.05,0.02,0
946684843,23.47,98.00,0.05,0.00,0
946684862,23.48,0.00,0.05,0.00,0
946684882,23.49,0.00,0.05,0.00,0
946684902,23.51,0.00,0.05,0.00,0
946684923,23.52,0.00,0.05,0.00,0
946684943,23.52,0.00,0.05,0.00,0
946684963,23.53,0.00,0.05,0.00,0
946684982,23.53,0.00,0.05,0.00,0
946685002,25.79,0.00,0.05,0.00,0
946685023,27.70,0.00,0.05,0.00,0
946685043,27.09,0.00,0.05,0.00,0
946685063,26.65,0.00,0.05,0.00,0
946685082,26.42,0.00,0.05,0.00,0
946685102,26.73,0.00,0.05,0.00,0
946685123,28.27,0.00,0.05,0.00,0
Real_Time,Temp_C,Cond_uScm-1,CellVoltage,StateofCharge,ErrorCode
946684805,25.06,0.00,0.71,0.08,0
946684823,25.61,0.00,0.05,0.00,0
946684843,29.62,0.00,0.05,0.00,0
946684863,31.18,0.00,0.05,0.00,0
946684882,30.31,0.00,0.05,0.00,0
946684902,29.40,0.00,0.05,0.00,0
Real_Time,Temp_C,Cond_uScm-1,CellVoltage,StateofCharge,ErrorCode
946684805,22.27,0.00,0.84,99.24,0
946684823,22.40,0.00,0.05,97.82,0
946684843,22.40,0.00,0.05,96.39,0
946684862,22.40,0.00,0.05,94.81,0
946684882,22.40,0.00,0.05,93.23,0
946684902,22.40,0.00,0.05,91.80,0
946684923,22.40,0.00,0.05,90.22,0
946684943,22.40,0.00,0.05,88.64,0
946684962,22.40,0.00,0.05,87.21,0
946684982,22.40,0.00,0.05,85.77,0
946685002,22.39,0.00,0.05,84.34,0
946685023,22.39,0.00,0.05,82.70,0
946685043,22.39,0.00,0.05,81.07,0
946685063,22.40,0.00,0.05,79.77,0
946685082,22.40,0.00,0.05,78.30,0
946685102,22.40,0.00,0.05,76.83,0
946685123,22.39,0.00,0.05,75.37,0
946685143,22.39,0.00,0.05,73.89,0
946685162,22.40,0.00,0.05,72.41,0
946685182,22.41,0.00,0.05,70.94,0
946685202,22.43,0.00,0.05,69.46,0
946685223,22.44,0.00,0.05,68.02,0
946685243,22.46,0.00,0.05,66.72,0
946685262,22.48,0.00,0.05,65.28,0
946685282,22.50,0.00,0.05,63.98,0
946685302,22.65,0.00,0.05,62.53,0
946685323,23.06,0.00,0.05,61.06,0
946685343,23.08,0.00,0.05,59.79,0
946685363,23.10,0.00,0.05,58.53,0
946685382,23.13,0.00,0.05,56.95,0
946685402,23.15,0.00,0.05,55.36,0
946685423,23.17,0.00,0.05,54.10,0
946685443,23.18,0.00,0.05,52.70,0
946685463,23.19,0.00,0.05,51.16,0
946685482,23.20,0.00,0.05,49.62,0
946685502,23.21,0.00,0.05,48.09,0
946685523,23.21,0.00,0.05,46.91,0
946685543,23.21,0.00,0.05,45.28,0
946685563,23.22,0.00,0.05,44.05,0
946685582,23.22,0.00,0.05,42.41,0
946685602,23.22,0.00,0.05,41.19,0
946685623,23.22,0.00,0.05,39.75,0
946685643,23.21,0.00,0.05,38.30,0
946685663,22.88,0.00,0.05,36.86,0
946685682,22.60,0.00,0.05,35.42,0
946685702,22.61,0.00,0.05,33.84,0
946685723,22.88,13620.00,0.05,32.55,0
946685743,23.29,13670.00,0.05,30.83,0
946685763,23.42,13750.00,0.05,29.54,0
946685782,23.44,13760.00,0.05,28.25,0
946685802,23.45,13760.00,0.05,26.54,0
946685823,23.46,13770.00,0.05,25.25,0
946685843,23.64,13830.00,0.05,23.96,0
946685863,23.66,13830.00,0.05,22.67,0
946685882,23.68,13830.00,0.05,20.95,0
946685902,23.69,13830.00,0.05,19.57,0
946685923,23.69,13830.00,0.05,18.02,0
946685943,23.70,13830.00,0.05,16.73,0
946685963,23.69,13840.00,0.05,15.17,0
946685982,23.69,13840.00,0.05,13.88,0
946686002,23.68,13840.00,0.05,12.33,0
946686023,23.67,13840.00,0.05,11.03,0
946686043,23.67,13850.00,0.05,9.48,0
946686063,23.66,13840.00,0.05,8.21,0
946686082,23.65,13850.00,0.05,6.73,0
946686102,23.65,13850.00,0.05,5.40,0
946686122,23.64,13850.00,0.05,4.21,0
946686143,23.63,13850.00,0.05,2.94,0
946686163,23.63,13840.00,0.05,1.98,0
946686182,23.37,0.00,0.05,1.25,0
946686202,23.11,0.00,0.05,0.55,0
946686222,23.10,0.00,0.05,0.10,0
946686243,23.09,77120.00,0.05,0.02,0
946686263,23.08,78120.00,0.05,0.00,0
946686282,23.07,78260.00,0.05,0.00,0
946686302,23.06,78370.00,0.05,0.00,0
946686322,23.05,78470.00,0.05,0.00,0
946686343,23.04,78510.00,0.05,0.00,0
946686363,23.03,78530.00,0.05,0.00,0
946686382,23.03,78560.00,0.05,0.00,0
946686402,23.03,78570.00,0.05,0.00,0
946686422,23.02,78590.00,0.05,0.00,0
946686442,23.02,78590.00,0.05,0.00,0
946686463,23.02,78650.00,0.05,0.00,0
946686483,23.02,78680.00,0.05,0.00,0
946686502,23.01,78660.00,0.05,0.00,0
946686522,23.01,78680.00,0.05,0.00,0
946686542,23.01,78690.00,0.05,0.00,0
946686563,23.01,78690.00,0.05,0.00,0
946686583,23.00,78690.00,0.05,0.00,0
946686602,23.00,8877.00,0.05,0.00,0
946686622,22.73,1044.00,0.24,0.00,0
Real_Time,Temp_C,Cond_uScm-1,CellVoltage,StateofCharge,ErrorCode
946684805,10.60,0.00,4.10,86.20,0
946684823,10.62,0.00,4.10,86.20,0
946684843,10.64,0.00,4.10,86.20,0
946684862,10.66,0.00,4.10,86.20,0
946684882,10.67,0.00,4.10,86.20,0
946684902,10.68,0.00,4.10,86.20,0
946684923,10.68,0.00,4.10,86.20,0
946684943,10.69,0.00,4.10,86.20,0
946684963,10.69,0.00,4.10,86.20,0
946684982,10.69,0.00,4.10,86.20,0
946685002,10.69,0.00,4.10,86.20,0
946685022,10.69,0.00,4.10,86.20,0
946685043,10.69,0.00,4.10,86.20,0
946685063,10.69,0.00,4.10,86.20,0
946685083,10.69,0.00,4.10,86.20,0
946685102,10.69,0.00,4.10,86.20,0
946685122,10.69,0.00,4.10,86.20,0
946685142,10.69,0.00,4.10,86.34,0
946685163,10.69,0.00,4.10,86.34,0
946685183,10.69,0.00,4.10,86.34,0
946685202,10.69,0.00,4.10,86.34,0
946685222,10.69,0.00,4.10,86.34,0
946685242,10.69,0.00,4.10,86.34,0
946685262,10.68,0.00,4.10,86.34,0
946685283,10.68,0.00,4.10,86.34,0
946685303,10.69,0.00,4.10,86.34,0
946685322,10.69,0.00,4.10,86.34,0
946685342,10.69,0.00,4.10,86.34,0
946685362,10.69,0.00,4.10,86.34,0
946685382,10.69,0.00,4.10,86.34,0
946685402,10.69,0.00,4.10,86.34,0
946685423,10.69,0.00,4.10,86.34,0
946685443,10.69,0.00,4.10,86.34,0
946685462,10.69,0.00,4.10,86.34,0
946685482,10.69,0.00,4.10,86.34,0
946685502,10.69,0.00,4.10,86.34,0
946685522,10.69,0.00,4.10,86.34,0
946685543,10.69,0.00,4.09,86.49,0
946685563,10.69,0.00,4.09,86.49,0
946685582,10.69,0.00,4.09,86.49,0
946685602,10.69,0.00,4.09,86.49,0
946685622,10.69,0.00,4.09,86.49,0
946685643,10.69,0.00,4.09,86.49,0
946685663,10.69,0.00,4.09,86.49,0
946685683,10.69,0.00,4.09,86.49,0
946685702,10.68,0.00,4.09,86.49,0
946685722,10.68,0.00,4.09,86.49,0
946685742,10.69,0.00,4.09,86.49,0
946685763,10.69,0.00,4.09,86.49,0
946685783,10.68,0.00,4.09,86.49,0
946685803,10.69,0.00,4.09,86.49,0
946685822,10.69,0.00,4.09,86.49,0
946685842,10.69,0.00,4.09,86.49,0
946685862,10.69,0.00,4.09,86.49,0
946685883,10.69,0.00,4.09,86.49,0
946685903,10.69,0.00,4.09,86.49,0
946685922,10.69,0.00,4.09,86.49,0
946685942,10.69,0.00,4.09,86.49,0
946685962,10.68,0.00,4.09,86.49,0
946685982,10.69,0.00,4.09,86.63,0
946686003,10.69,0.00,4.09,86.63,0
946686023,10.69,0.00,4.09,86.63,0
946686042,10.68,0.00,4.09,86.63,0
946686062,10.68,0.00,4.09,86.63,0
946686082,10.68,0.00,4.09,86.63,0
946686103,10.68,0.00,4.09,86.63,0
946686123,10.68,0.00,4.09,86.63,0
946686143,10.68,0.00,4.09,86.63,0
946686162,10.68,0.00,4.09,86.63,0
946686182,10.68,0.00,4.09,86.63,0
946686202,10.68,0.00,4.09,86.63,0
946686223,10.68,0.00,4.09,86.63,0
946686243,10.68,0.00,4.09,86.63,0
946686263,10.68,0.00,4.09,86.63,0
946686282,10.68,0.00,4.09,86.63,0
946686302,10.68,0.00,4.09,86.63,0
946686322,10.68,0.00,4.09,86.63,0
946686342,10.68,0.00,4.09,86.63,0
946686363,10.68,0.00,4.09,86.63,0
946686383,10.68,0.00,4.09,86.63,0
946686402,10.68,0.00,4.09,86.63,0
946686422,10.68,0.00,4.09,86.63,0
946686442,10.68,0.00,4.09,86.63,0
946686462,10.68,0.00,4.09,86.63,0
946686483,10.68,0.00,4.09,86.63,0
946686503,10.68,0.00,4.09,86.63,0
946686523,10.68,0.00,4.09,86.78,0
946686542,10.68,0.00,4.09,86.78,0
946686562,10.68,0.00,4.09,86.78,0
946686582,10.68,0.00,4.09,86.78,0
946686603,10.68,0.00,4.09,86.78,0
946686623,10.68,0.00,4.09,86.78,0
946686643,10.68,0.00,4.09,86.78,0
946686662,10.68,0.00,4.09,86.78,0
946686682,10.68,0.00,4.09,86.78,0
946686702,10.68,0.00,4.09,86.78,0
946686723,10.68,0.00,4.09,86.78,0
946686743,10.68,0.00,4.09,86.78,0
946686762,10.68,0.00,4.09,86.78,0
946686782,10.68,0.00,4.09,86.78,0
946686802,10.67,0.00,4.09,86.78,0
946686822,10.68,0.00,4.09,86.78,0
946686843,10.69,0.00,4.09,86.78,0
946686863,10.70,0.00,4.09,86.78,0
946686882,10.71,0.00,4.09,86.78,0
946686902,10.72,0.00,4.09,86.78,0
946686922,10.73,0.00,4.09,86.78,0
946686943,10.73,0.00,4.09,86.78,0
946686963,10.74,0.00,4.09,86.78,0
946686983,10.74,0.00,4.09,86.78,0
946687002,10.75,0.00,4.09,86.78,0
946687022,10.75,0.00,4.09,86.78,0
946687042,10.76,0.00,4.09,86.78,0
946687063,10.76,0.00,4.09,86.78,0
946687083,10.76,0.00,4.09,86.78,0
946687103,10.76,0.00,4.09,86.78,0
946687122,10.76,0.00,4.09,86.78,0
946687142,10.77,0.00,4.09,86.92,0
946687162,10.77,0.00,4.09,86.92,0
946687183,10.77,0.00,4.09,86.92,0
946687203,10.77,0.00,4.09,86.92,0
946687223,10.77,0.00,4.09,86.92,0
946687242,10.77,0.00,4.09,86.92,0
946687262,10.77,0.00,4.09,86.92,0
946687282,10.77,0.00,4.09,86.92,0
946687303,10.77,0.00,4.09,86.92,0
946687323,10.78,0.00,4.09,86.92,0
946687342,10.77,0.00,4.09,86.92,0
946687362,10.77,0.00,4.09,86.92,0
946687382,10.77,0.00,4.09,86.92,0
946687402,10.77,0.00,4.09,86.92,0
946687423,10.76,0.00,4.09,86.92,0
946687443,10.76,0.00,4.09,86.92,0
946687462,10.76,0.00,4.09,86.92,0
946687482,10.76,0.00,4.09,86.92,0
946687502,10.76,0.00,4.09,86.92,0
946687523,10.76,0.00,4.09,86.92,0
946687543,10.76,0.00,4.09,86.92,0
946687563,10.76,0.00,4.09,86.92,0
946687582,10.76,0.00,4.09,86.92,0
946687602,10.77,0.00,4.09,86.92,0
946687622,10.78,0.00,4.09,86.92,0
946687643,10.80,0.00,4.09,86.92,0
946687663,10.83,0.00,4.09,86.92,0
946687683,10.97,0.00,4.09,86.92,0
946687702,10.98,0.00,4.09,86.92,0
946687722,11.01,0.00,4.09,86.92,0
946687742,11.14,0.00,4.09,86.92,0
946687763,11.15,0.00,4.09,86.92,0
946687783,11.18,0.00,4.09,86.92,0
946687803,11.35,0.00,4.09,86.92,0
946687822,11.36,0.00,4.09,86.92,0
946687842,11.39,0.00,4.09,86.92,0
946687862,11.55,0.00,4.09,86.92,0
946687883,11.56,0.00,4.09,86.92,0
946687903,11.70,0.00,4.09,86.92,0
946687922,11.72,0.00,4.09,86.92,0
946687942,11.85,0.00,4.09,86.92,0
946687962,11.86,0.00,4.09,87.06,0
946687983,12.00,0.00,4.09,87.06,0
946688003,12.02,0.00,4.09,87.06,0
946688023,12.15,0.00,4.09,87.06,0
946688042,12.16,0.00,4.09,87.06,0
946688062,12.34,0.00,4.09,87.06,0
946688082,12.35,0.00,4.09,87.06,0
946688103,12.37,0.00,4.09,87.06,0
946688123,12.51,0.00,4.09,87.06,0
946688143,12.53,0.00,4.09,87.06,0
946688162,12.56,0.00,4.09,87.06,0
946688182,12.74,0.00,4.09,87.06,0
946688202,12.76,0.00,4.09,87.06,0
946688223,12.90,0.00,4.09,87.06,0
946688243,12.91,0.00,4.09,87.06,0
946688263,12.93,0.00,4.09,87.06,0
946688282,13.08,0.00,4.09,87.06,0
946688302,13.09,0.00,4.09,87.06,0
946688322,13.22,0.00,4.09,87.06,0
946688343,13.22,0.00,4.09,87.06,0
946688363,13.24,0.00,4.09,87.06,0
946688382,13.27,0.00,4.09,87.06,0
946688402,13.42,0.00,4.09,87.06,0
946688422,13.43,0.00,4.09,87.06,0
946688442,13.45,0.00,4.09,87.06,0
946688463,13.48,0.00,4.09,87.06,0
946688483,13.62,0.00,4.09,87.06,0
946688502,13.63,0.00,4.09,87.06,0
946688522,13.65,0.00,4.09,87.06,0
946688542,13.67,0.00,4.09,87.06,0
946688563,13.81,0.00,4.09,87.06,0
946688583,13.81,0.00,4.09,87.06,0
946688603,13.83,0.00,4.09,87.06,0
946688622,13.95,0.00,4.09,87.06,0
946688642,13.95,0.00,4.09,87.06,0
946688662,13.96,0.00,4.09,87.06,0
946688683,13.98,0.00,4.09,87.06,0
946688703,13.99,0.00,4.09,87.06,0
946688723,14.02,0.00,4.09,87.06,0
946688742,14.18,0.00,4.09,87.06,0
946688762,14.18,0.00,4.09,87.06,0
946688782,14.19,0.00,4.09,87.06,0
946688803,14.20,0.00,4.09,87.06,0
946688823,14.22,0.00,4.09,87.06,0
946688843,14.24,0.00,4.09,87.06,0
946688862,14.26,0.00,4.09,87.06,0
946688882,14.29,0.00,4.09,87.06,0
946688902,14.42,0.00,4.09,87.06,0
946688923,14.43,0.00,4.09,87.06,0
946688943,14.43,0.00,4.09,87.06,0
946688962,14.44,0.00,4.09,87.06,0
946688982,14.45,0.00,4.09,87.06,0
946689002,14.47,0.00,4.09,87.06,0
946689022,14.49,0.00,4.09,87.06,0
946689043,14.52,0.00,4.09,87.06,0
946689063,14.54,0.00,4.09,87.06,0
946689082,14.56,0.00,4.09,87.06,0
946689102,14.58,0.00,4.09,87.06,0
946689122,14.60,0.00,4.09,87.21,0
946689143,14.63,0.00,4.09,87.21,0
946689163,14.65,0.00,4.09,87.21,0
946689183,14.67,0.00,4.09,87.21,0
946689202,14.70,0.00,4.09,87.21,0
946689222,14.71,0.00,4.09,87.21,0
946689242,14.73,0.00,4.09,87.21,0
946689262,14.75,0.00,4.09,87.21,0
946689283,14.77,0.00,4.09,87.21,0
946689303,14.79,0.00,4.09,87.21,0
946689322,14.81,0.00,4.09,87.21,0
946689342,14.83,0.00,4.09,87.21,0
946689362,14.85,0.00,4.09,87.21,0
946689382,14.87,0.00,4.09,87.21,0
946689403,14.88,0.00,4.09,87.21,0
946689423,14.90,0.00,4.09,87.21,0
946689442,14.92,0.00,4.09,87.21,0
946689462,14.94,0.00,4.09,87.21,0
946689482,14.96,0.00,4.09,87.21,0
946689503,15.09,0.00,4.09,87.21,0
946689523,15.10,0.00,4.09,87.21,0
946689543,15.24,0.00,4.09,87.21,0
946689562,15.25,0.00,4.09,87.21,0
946689582,15.27,0.00,4.09,87.21,0
946689602,15.43,0.00,4.09,87.21,0
946689622,15.45,0.00,4.09,87.21,0
946689643,15.62,0.00,4.09,87.21,0
946689663,15.64,0.00,4.09,87.21,0
946689683,15.77,0.00,4.09,87.21,0
946689702,15.80,0.00,4.09,87.21,0
946689722,15.99,0.00,4.09,87.21,0
946689742,16.13,0.00,4.09,87.21,0
946689763,16.15,0.00,4.09,87.21,0
946689783,16.34,0.00,4.09,87.21,0
946689802,16.36,0.00,4.09,87.21,0
946689822,16.53,0.00,4.09,87.21,0
946689842,16.55,0.00,4.09,87.21,0
946689862,16.73,0.00,4.09,87.21,0
946689883,16.76,0.00,4.09,87.21,0
946689903,16.99,0.00,4.09,87.21,0
946689922,17.00,0.00,4.09,87.21,0
946689942,17.18,0.00,4.09,87.21,0
946689962,17.20,0.00,4.09,87.21,0
946689982,17.44,0.00,4.09,87.21,0
946690003,17.45,0.00,4.09,87.21,0
946690023,17.60,0.00,4.09,87.21,0
946690043,17.63,0.00,4.09,87.21,0
946690062,17.81,0.00,4.09,87.21,0
946690082,17.95,0.00,4.09,87.21,0
946690102,17.97,0.00,4.09,87.21,0
946690123,18.15,0.00,4.09,87.21,0
946690143,18.17,0.00,4.09,87.21,0
946690162,18.39,0.00,4.09,87.21,0
946690182,18.52,0.00,4.09,87.21,0
946690202,18.54,0.00,4.09,87.21,0
946690222,18.73,0.00,4.09,87.21,0
946690243,18.75,0.00,4.09,87.21,0
946690263,18.91,0.00,4.09,87.21,0
946690283,19.05,0.00,4.09,87.21,0
946690302,19.07,0.00,4.09,87.21,0
946690322,19.28,0.00,4.09,87.21,0
946690342,19.30,0.00,4.09,87.21,0
946690363,19.47,0.00,4.09,87.21,0
946690383,19.63,0.00,4.09,87.21,0
946690403,19.65,0.00,4.09,87.21,0
946690422,19.81,0.00,4.09,87.21,0
946690442,19.83,0.00,4.09,87.21,0
946690462,20.03,0.00,4.09,87.21,0
946690483,20.17,0.00,4.09,87.21,0
946690503,20.19,0.00,4.09,87.21,0
946690523,20.35,0.00,4.09,87.21,0
946690542,20.37,0.00,4.09,87.21,0
946690562,20.58,0.00,4.09,87.21,0
946690582,20.61,0.00,4.09,87.21,0
946690603,20.82,0.00,4.09,87.21,0
946690623,20.84,0.00,4.09,87.21,0
946690642,21.04,0.00,4.09,87.21,0
946690662,21.06,0.00,4.09,87.21,0
946690682,21.25,0.00,4.09,87.21,0
946690703,21.27,0.00,4.09,87.21,0
946690723,21.43,0.00,4.09,87.21,0
946690743,21.58,0.00,4.09,87.21,0
946690762,21.60,0.00,4.09,87.21,0
946690782,21.79,0.00,4.09,87.21,0
946690802,21.93,0.00,4.09,87.21,0
946690823,21.95,0.00,4.09,87.21,0
946690843,22.11,0.00,4.09,87.21,0
946690863,22.25,0.00,4.09,87.21,0
946690882,22.27,0.00,4.09,87.21,0
946690902,22.41,0.00,4.09,87.21,0
946690922,22.55,0.00,4.09,87.21,0
946690943,22.58,0.00,4.09,87.21,0
946690963,22.73,0.00,4.09,87.21,0
946690983,22.76,0.00,4.09,87.21,0
946691002,23.00,0.00,4.09,87.21,0
946691022,23.01,0.00,4.09,87.21,0
946691042,23.19,0.00,4.09,87.21,0
946691063,23.33,0.00,4.09,87.21,0
946691083,23.35,0.00,4.09,87.21,0
946691102,23.49,0.00,4.09,87.21,0
946691122,23.52,0.00,4.09,87.21,0
946691142,23.71,0.00,4.09,87.21,0
946691162,23.73,0.00,4.09,87.21,0
946691183,23.91,0.00,4.09,87.21,0
946691203,24.06,0.00,4.09,87.21,0
946691223,24.08,0.00,4.09,87.21,0
946691242,24.24,0.00,4.09,87.21,0
946691262,24.27,0.00,4.09,87.21,0
946691282,24.47,0.00,4.09,87.21,0
946691303,24.50,0.00,4.09,87.21,0
946691323,24.69,0.00,4.09,87.21,0
946691343,24.71,0.00,4.09,87.21,0
946691362,24.88,0.00,4.09,87.21,0
946691382,24.91,0.00,4.09,87.21,0
946691402,25.11,0.00,4.09,87.21,0
946691422,25.24,0.00,4.09,87.21,0
946691443,25.25,0.00,4.09,87.21,0
946691463,25.39,0.00,4.09,87.21,0
946691482,25.41,0.00,4.09,87.21,0
946691502,25.58,0.00,4.09,87.21,0
946691522,25.60,0.00,4.09,87.21,0
946691543,25.76,0.00,4.09,87.21,0
946691563,25.77,0.00,4.09,87.21,0
946691583,25.92,0.00,4.09,87.21,0
946691602,25.93,0.00,4.09,87.21,0
946691622,26.07,0.00,4.09,87.21,0
946691642,26.08,0.00,4.09,87.21,0
946691662,26.21,0.00,4.09,87.21,0
946691683,26.23,0.00,4.09,87.21,0
946691703,26.39,0.00,4.09,87.21,0
946691723,26.39,0.00,4.09,87.21,0
946691742,26.41,0.00,4.09,87.21,0
946691762,26.54,0.00,4.09,87.21,0
946691782,26.55,0.00,4.09,87.21,0
946691803,26.58,0.00,4.09,87.21,0
946691823,26.74,0.00,4.09,87.21,0
946691842,26.75,0.00,4.09,87.21,0
946691862,26.90,0.00,4.09,87.21,0
946691882,26.90,0.00,4.09,87.21,0
946691903,26.92,0.00,4.08,87.21,0
946691923,27.09,0.00,4.09,87.21,0
946691943,27.10,0.00,4.08,87.21,0
946691962,27.23,0.00,4.08,87.21,0
946691982,27.24,0.00,4.08,87.21,0
946692002,27.26,0.00,4.08,87.21,0
946692023,27.41,0.00,4.08,87.21,0
946692043,27.42,0.00,4.08,87.21,0
946692063,27.44,0.00,4.08,87.21,0
946692082,27.58,0.00,4.08,87.21,0
946692102,27.59,0.00,4.08,87.21,0
946692122,27.73,0.00,4.08,87.21,0
946692143,27.74,0.00,4.08,87.21,0
946692163,27.76,0.00,4.08,87.21,0
946692183,27.78,0.00,4.08,87.21,0
946692202,27.96,0.00,4.08,87.21,0
946692222,27.97,0.00,4.08,87.21,0
946692242,27.98,0.00,4.08,87.21,0
946692263,28.01,0.00,4.08,87.21,0
946692283,28.15,0.00,4.08,87.21,0
946692302,28.15,0.00,4.08,87.21,0
946692322,28.17,0.00,4.08,87.21,0
946692342,28.20,0.00,4.08,87.21,0
946692362,28.22,0.00,4.08,87.21,0
946692383,28.37,0.00,4.08,87.21,0
946692403,28.38,0.00,4.08,87.21,0
946692422,28.39,0.00,4.08,87.21,0
946692442,28.41,0.00,4.08,87.21,0
946692462,28.54,0.00,4.08,87.21,0
946692483,28.54,0.00,4.08,87.21,0
946692503,28.56,0.00,4.08,87.21,0
946692523,28.57,0.00,4.08,87.21,0
946692542,28.59,0.00,4.08,87.21,0
946692562,28.73,0.00,4.08,87.21,0
946692582,28.73,0.00,4.08,87.21,0
946692603,28.74,0.00,4.08,87.21,0
946692623,28.75,0.00,4.08,87.21,0
946692643,28.77,0.00,4.08,87.21,0
946692662,28.79,0.00,4.08,87.21,0
946692682,28.81,0.00,4.08,87.21,0
946692702,28.84,0.00,4.08,87.21,0
946692723,28.97,0.00,4.08,87.21,0
946692743,28.97,0.00,4.08,87.21,0
946692763,28.98,0.00,4.08,87.21,0
946692782,28.99,0.00,4.08,87.21,0
946692802,29.00,0.00,4.08,87.21,0
946692822,29.02,0.00,4.08,87.21,0
946692843,29.04,0.00,4.08,87.21,0
946692863,29.06,0.00,4.08,87.21,0
946692882,29.08,0.00,4.08,87.21,0
946692902,29.10,0.00,4.08,87.21,0
946692922,29.12,0.00,4.08,87.21,0
946692942,29.14,0.00,4.08,87.21,0
946692963,29.16,0.00,4.08,87.21,0
946692983,29.19,0.00,4.08,87.21,0
946693002,29.21,0.00,4.08,87.21,0
946693022,29.23,0.00,4.08,87.21,0
946693042,29.25,0.00,4.08,87.21,0
946693062,29.27,0.00,4.08,87.21,0
946693083,29.29,0.00,4.08,87.21,0
946693103,29.31,0.00,4.08,87.21,0
946693122,29.33,0.00,4.08,87.21,0
946693142,29.34,0.00,4.08,87.21,0
946693162,29.36,0.00,4.08,87.21,0
946693183,29.38,0.00,4.08,87.21,0
946693203,29.39,0.00,4.08,87.21,0
946693223,29.42,0.00,4.08,87.21,0
946693242,29.43,0.00,4.08,87.21,0
946693262,29.45,0.00,4.08,87.21,0
946693282,29.47,0.00,4.08,87.21,0
946693303,29.48,0.00,4.08,87.21,0
946693323,29.49,0.00,4.08,87.21,0
946693343,29.50,0.00,4.08,87.21,0
946693362,29.52,0.00,4.08,87.21,0
946693382,29.53,0.00,4.08,87.21,0
946693402,29.55,0.00,4.08,87.21,0
946693423,29.56,0.00,4.08,87.21,0
946693443,29.57,0.00,4.08,87.21,0
946693463,29.58,0.00,4.08,87.21,0
946693482,29.59,0.00,4.08,87.21,0
946693502,29.61,0.00,4.08,87.21,0
946693522,29.62,0.00,4.08,87.21,0
946693543,29.63,0.00,4.08,87.21,0
946693563,29.64,0.00,4.08,87.21,0
946693583,29.65,0.00,4.08,87.21,0
946693602,29.66,0.00,4.08,87.21,0
946693622,29.67,0.00,4.08,87.21,0
946693642,29.68,0.00,4.08,87.21,0
946693663,29.70,0.00,4.08,87.21,0
946693683,29.71,0.00,4.08,87.21,0
946693702,29.71,0.00,4.08,87.21,0
946693722,29.72,0.00,4.08,87.21,0
946693742,29.73,0.00,4.08,87.21,0
946693763,29.74,0.00,4.08,87.21,0
946693783,29.75,0.00,4.08,87.21,0
946693803,29.75,0.00,4.08,87.21,0
946693822,29.76,0.00,4.08,87.21,0
946693842,29.77,0.00,4.08,87.21,0
946693862,29.77,0.00,4.08,87.21,0
946693883,29.78,0.00,4.08,87.21,0
946693903,29.79,0.00,4.08,87.21,0
946693923,29.79,0.00,4.08,87.21,0
946693942,29.80,0.00,4.08,87.21,0
946693962,29.80,0.00,4.08,87.21,0
946693982,29.81,0.00,4.08,87.21,0
946694003,29.82,0.00,4.08,87.21,0
946694023,29.83,0.00,4.08,87.21,0
946694043,29.83,0.00,4.08,87.21,0
946694062,29.84,0.00,4.08,87.21,0
946694082,29.84,0.00,4.08,87.21,0
946694102,29.85,0.00,4.08,87.21,0
946694123,29.85,0.00,4.08,87.21,0
946694143,29.86,0.00,4.08,87.21,0
946694163,29.87,0.00,4.08,87.21,0
946694182,29.87,0.00,4.08,87.21,0
946694202,29.88,0.00,4.08,87.21,0
946694222,29.88,0.00,4.08,87.21,0
946694243,29.89,0.00,4.08,87.21,0
946694263,29.89,0.00,4.08,87.21,0
946694282,29.90,0.00,4.08,87.21,0
946694302,29.91,0.00,4.08,87.21,0
946694322,29.91,0.00,4.08,87.21,0
946694343,29.91,0.00,4.08,87.21,0
946694363,29.92,0.00,4.08,87.21,0
946694383,29.92,0.00,4.08,87.21,0
946694402,29.93,0.00,4.08,87.21,0
946694422,29.93,0.00,4.08,87.21,0
946694442,29.93,0.00,4.08,87.21,0
946694463,29.94,0.00,4.08,87.21,0
946694483,29.94,0.00,4.08,87.21,0
946694503,29.95,0.00,4.08,87.21,0
946694522,29.96,0.00,4.08,87.21,0
946694542,29.96,0.00,4.08,87.21,0
946694562,29.96,0.00,4.08,87.21,0
946694583,29.97,0.00,4.08,87.21,0
946694603,29.97,0.00,4.08,87.21,0
946694623,29.98,0.00,4.08,87.21,0
946694642,29.98,0.00,4.08,87.21,0
946694662,29.98,0.00,4.08,87.21,0
946694682,29.98,0.00,4.08,87.21,0
946694703,29.99,0.00,4.08,87.21,0
946694723,29.99,0.00,4.08,87.21,0
946694742,29.99,0.00,4.08,87.21,0
946694762,29.99,0.00,4.08,87.21,0
946694782,29.99,0.00,4.08,87.21,0
946694802,29.99,0.00,4.08,87.21,0
946694823,30.00,0.00,4.08,87.21,0
946694843,30.00,0.00,4.08,87.21,0
946694862,30.00,0.00,4.08,87.21,0
946694882,30.00,0.00,4.08,87.21,0
946694902,30.01,0.00,4.08,87.21,0
946694923,30.01,0.00,4.08,87.21,0
946694943,30.01,0.00,4.08,87.21,0
946694963,30.01,0.00,4.08,87.21,0
946694982,30.02,0.00,4.08,87.21,0
946695002,30.02,0.00,4.08,87.21,0
946695022,30.02,0.00,4.08,87.21,0
946695043,30.02,0.00,4.08,87.21,0
946695063,30.02,0.00,4.08,87.21,0
946695083,30.03,0.00,4.08,87.21,0
946695102,30.03,0.00,4.08,87.21,0
946695122,30.03,0.00,4.08,87.21,0
946695142,30.03,0.00,4.08,87.21,0
946695162,30.03,0.00,4.08,87.06,0
946695183,30.04,0.00,4.08,87.06,0
946695203,30.03,0.00,4.08,87.06,0
946695222,30.04,0.00,4.08,87.06,0
946695242,30.04,0.00,4.08,87.06,0
946695262,30.04,0.00,4.08,87.06,0
946695283,30.04,0.00,4.08,87.06,0
946695303,30.04,0.00,4.08,87.06,0
946695323,30.04,0.00,4.08,87.06,0
946695342,30.04,0.00,4.08,87.06,0
946695362,30.05,0.00,4.08,87.06,0
946695382,30.05,0.00,4.08,87.06,0
946695403,30.05,0.00,4.08,87.06,0
946695423,30.05,0.00,4.08,87.06,0
946695443,30.05,0.00,4.08,87.06,0
946695462,30.05,0.00,4.08,87.06,0
946695482,30.05,0.00,4.08,87.06,0
946695502,30.05,0.00,4.08,87.06,0
946695523,30.05,0.00,4.08,87.06,0
946695543,30.05,0.00,4.08,87.06,0
946695563,30.05,0.00,4.08,87.06,0
946695582,30.05,0.00,4.08,87.06,0
946695602,30.05,0.00,4.08,87.06,0
946695622,30.05,0.00,4.08,87.06,0
946695643,30.06,0.00,4.08,87.06,0
946695663,30.05,0.00,4.08,87.06,0
946695683,30.05,0.00,4.08,87.06,0
946695702,30.06,0.00,4.08,87.06,0
946695722,30.06,0.00,4.08,87.06,0
946695742,30.06,0.00,4.08,87.06,0
946695763,30.06,0.00,4.08,87.06,0
946695783,30.06,0.00,4.08,87.06,0
946695803,30.06,0.00,4.08,87.06,0
946695822,30.06,0.00,4.08,87.06,0
946695842,30.07,0.00,4.08,87.06,0
946695862,30.06,0.00,4.08,87.06,0
946695883,30.06,0.00,4.08,87.06,0
946695903,30.06,0.00,4.08,87.06,0
946695923,30.06,0.00,4.08,87.06,0
946695942,30.06,0.00,4.08,87.06,0
946695962,30.06,0.00,4.08,87.06,0
946695982,30.07,0.00,4.08,87.06,0
946696003,30.07,0.00,4.08,87.06,0
946696023,30.07,0.00,4.08,87.06,0
946696042,30.07,0.00,4.08,87.06,0
946696062,30.06,0.00,4.08,87.06,0
946696082,30.06,0.00,4.08,87.06,0
946696102,30.05,4549.00,4.08,87.06,0
946696123,29.47,14510.00,4.08,87.06,0
946696143,29.27,13880.00,4.08,87.06,0
946696162,29.27,13840.00,4.08,87.06,0
946696182,29.26,14390.00,4.08,87.06,0
946696202,29.13,17110.00,4.08,87.06,0
946696223,28.98,21320.00,4.08,87.06,0
946696243,28.81,22780.00,4.08,87.06,0
946696263,28.81,22710.00,4.08,87.06,0
946696282,28.81,22660.00,4.08,87.06,0
946696302,28.82,22680.00,4.08,87.06,0
946696322,28.83,22700.00,4.08,87.06,0
946696343,28.84,22710.00,4.08,87.06,0
946696363,28.86,22750.00,4.08,87.06,0
946696383,28.88,22760.00,4.08,87.06,0
946696402,28.89,22800.00,4.08,87.06,0
946696422,28.91,22830.00,4.08,87.06,0
946696442,28.92,22810.00,4.08,87.06,0
946696463,28.94,22830.00,4.08,87.06,0
946696483,28.96,22840.00,4.08,87.06,0
946696502,28.98,22860.00,4.08,87.06,0
946696522,29.00,22850.00,4.08,87.06,0
946696542,29.02,22870.00,4.08,87.06,0
946696562,29.03,22870.00,4.08,87.06,0
946696583,29.05,22890.00,4.08,87.06,0
946696603,29.07,22890.00,4.08,87.06,0
946696622,29.08,22910.00,4.08,87.06,0
946696642,29.10,22940.00,4.08,87.06,0
946696662,29.12,23060.00,4.08,87.06,0
946696683,29.14,23070.00,4.08,87.06,0
946696703,29.15,23080.00,4.08,87.06,0
946696723,29.16,23090.00,4.08,87.06,0
946696742,29.18,23100.00,4.08,87.06,0
946696762,29.20,23100.00,4.08,87.06,0
946696782,29.21,23100.00,4.08,87.06,0
946696802,29.23,23110.00,4.08,87.06,0
946696823,29.25,23130.00,4.08,87.06,0
946696843,29.26,23200.00,4.08,87.06,0
946696862,29.28,23200.00,4.08,87.06,0
946696882,29.30,23200.00,4.08,87.06,0
946696902,29.31,23210.00,4.08,87.06,0
946696922,29.32,23200.00,4.08,87.06,0
946696943,29.33,23220.00,4.08,87.06,0
946696963,29.35,23240.00,4.08,87.06,0
946696982,29.36,23230.00,4.08,86.92,0
946697002,29.37,23230.00,4.08,86.92,0
946697022,29.38,23240.00,4.08,86.92,0
946697043,29.39,23240.00,4.08,86.92,0
946697063,29.40,23250.00,4.08,86.92,0
946697083,29.42,23260.00,4.08,86.92,0
946697102,29.43,23270.00,4.08,86.92,0
946697122,29.44,23280.00,4.08,86.92,0
946697142,29.46,23290.00,4.08,86.92,0
946697163,29.47,23280.00,4.08,86.92,0
946697183,29.48,23280.00,4.08,86.92,0
946697203,29.49,23290.00,4.08,86.92,0
946697222,29.50,23290.00,4.08,86.92,0
946697242,29.51,23300.00,4.08,86.92,0
946697262,29.52,23300.00,4.08,86.92,0
946697283,29.53,23310.00,4.08,86.92,0
946697303,29.54,23310.00,4.08,86.92,0
946697323,29.55,23300.00,4.08,86.92,0
946697342,29.56,23310.00,4.08,86.92,0
946697362,29.57,23300.00,4.08,86.92,0
946697382,29.57,23310.00,4.08,86.92,0
946697403,29.58,23320.00,4.08,86.92,0
946697423,29.59,23330.00,4.08,86.92,0
946697442,29.60,23320.00,4.08,86.92,0
946697462,29.61,23330.00,4.08,86.92,0
946697482,29.62,23330.00,4.08,86.92,0
946697502,29.63,23330.00,4.08,86.92,0
946697523,29.64,23330.00,4.08,86.92,0
946697543,29.65,23350.00,4.08,86.92,0
946697562,29.65,23340.00,4.08,86.92,0
946697582,29.66,23350.00,4.08,86.92,0
946697602,29.67,23350.00,4.08,86.92,0
946697623,29.67,23350.00,4.08,86.92,0
946697643,29.68,23360.00,4.08,86.92,0
946697663,29.69,23370.00,4.08,86.92,0
946697682,29.70,23370.00,4.08,86.92,0
946697702,29.71,23370.00,4.08,86.92,0
946697722,29.72,23370.00,4.08,86.92,0
946697743,29.72,23370.00,4.08,86.92,0
946697763,29.73,23370.00,4.08,86.92,0
946697783,29.73,23370.00,4.08,86.92,0
946697802,29.74,23370.00,4.08,86.92,0
946697822,29.75,23370.00,4.08,86.92,0
946697842,29.75,23370.00,4.08,86.92,0
946697863,29.76,23370.00,4.08,86.92,0
946697883,29.77,23380.00,4.08,86.92,0
946697902,29.77,23370.00,4.08,86.92,0
946697922,29.78,23380.00,4.08,86.92,0
946697942,29.78,23390.00,4.08,86.92,0
946697962,29.79,23380.00,4.08,86.92,0
946697983,29.80,23380.00,4.08,86.92,0
946698003,29.80,23390.00,4.08,86.92,0
946698023,29.81,23390.00,4.08,86.92,0
946698042,29.81,23390.00,4.08,86.92,0
946698062,29.82,23390.00,4.08,86.92,0
946698082,29.82,23400.00,4.08,86.92,0
946698103,29.83,23400.00,4.08,86.92,0
946698123,29.83,23390.00,4.08,86.92,0
946698143,29.83,23400.00,4.08,86.92,0
946698162,29.84,23390.00,4.08,86.92,0
946698182,29.84,23390.00,4.08,86.92,0
946698202,29.84,23390.00,4.08,86.92,0
946698223,29.84,23400.00,4.08,86.92,0
946698243,29.85,23400.00,4.08,86.92,0
946698262,29.86,23400.00,4.08,86.92,0
946698282,29.86,23410.00,4.08,86.92,0
946698302,29.86,23410.00,4.08,86.92,0
946698322,29.87,23420.00,4.08,86.92,0
946698343,29.87,23410.00,4.08,86.92,0
946698363,29.88,23420.00,4.08,86.92,0
946698382,29.88,23420.00,4.08,86.92,0
946698402,29.89,23420.00,4.08,86.92,0
946698422,29.89,23420.00,4.08,86.92,0
946698443,29.90,23420.00,4.08,86.92,0
946698463,29.90,23420.00,4.08,86.78,0
946698483,29.90,23780.00,4.08,86.78,0
946698502,29.90,23780.00,4.08,86.78,0
946698522,29.90,23780.00,4.08,86.78,0
946698542,29.91,23780.00,4.08,86.78,0
946698563,29.91,23790.00,4.08,86.78,0
946698583,29.91,23780.00,4.08,86.78,0
946698603,29.92,23780.00,4.08,86.78,0
946698622,29.92,23780.00,4.08,86.78,0
946698642,29.91,23770.00,4.08,86.78,0
946698662,29.90,23770.00,4.08,86.78,0
946698683,29.89,23750.00,4.08,86.78,0
946698703,29.88,23750.00,4.08,86.78,0
946698723,29.87,23730.00,4.08,86.78,0
946698742,29.87,23750.00,4.08,86.78,0
946698762,29.86,23740.00,4.08,86.78,0
946698782,29.85,23730.00,4.08,86.78,0
946698803,29.84,23720.00,4.08,86.78,0
946698823,29.83,23720.00,4.08,86.78,0
946698842,29.81,23710.00,4.08,86.78,0
946698862,29.80,23700.00,4.08,86.78,0
946698882,29.78,23680.00,4.08,86.78,0
946698903,29.76,23670.00,4.08,86.78,0
946698923,29.75,23670.00,4.08,86.78,0
946698943,29.72,23670.00,4.08,86.78,0
946698962,29.70,23650.00,4.08,86.78,0
946698982,29.68,23620.00,4.08,86.78,0
946699002,29.65,23620.00,4.08,86.78,0
946699023,29.63,23620.00,4.08,86.78,0
946699043,29.49,23610.00,4.08,86.78,0
946699063,29.50,23600.00,4.08,86.78,0
946699082,29.49,23580.00,4.08,86.78,0
946699102,29.48,23580.00,4.08,86.78,0
946699122,29.47,23570.00,4.07,86.78,0
946699143,29.45,23550.00,4.07,86.78,0
946699163,29.44,23530.00,4.07,86.78,0
946699183,29.42,23530.00,4.08,86.78,0
946699202,29.40,23530.00,4.07,86.78,0
946699222,29.38,23510.00,4.07,86.78,0
946699242,29.35,23500.00,4.07,86.78,0
946699263,29.33,23490.00,4.07,86.78,0
946699283,29.31,23490.00,4.07,86.78,0
946699302,29.28,23480.00,4.07,86.78,0
946699322,29.26,23450.00,4.07,86.78,0
946699342,29.12,23450.00,4.07,86.78,0
946699362,29.12,23440.00,4.07,86.78,0
946699383,29.12,23430.00,4.07,86.78,0
946699403,29.11,23420.00,4.07,86.78,0
946699422,29.09,23410.00,4.07,86.78,0
946699442,29.08,23400.00,4.07,86.78,0
946699462,29.06,23390.00,4.07,86.78,0
946699483,29.04,23380.00,4.07,86.78,0
946699503,29.02,23370.00,4.07,86.78,0
946699523,29.00,23360.00,4.07,86.78,0
946699542,28.98,23350.00,4.07,86.78,0
946699562,28.96,23350.00,4.07,86.78,0
946699582,28.81,23320.00,4.07,86.78,0
946699603,28.81,23310.00,4.07,86.78,0
946699623,28.81,23310.00,4.07,86.78,0
946699643,28.81,23290.00,4.07,86.78,0
946699662,28.79,23270.00,4.07,86.78,0
946699682,28.78,23270.00,4.07,86.78,0
946699702,28.76,23260.00,4.07,86.78,0
946699723,28.75,23250.00,4.07,86.78,0
946699743,28.72,23240.00,4.07,86.78,0
946699762,28.70,23230.00,4.07,86.78,0
946699782,28.68,23220.00,4.07,86.78,0
946699802,28.66,23210.00,4.07,86.78,0
946699822,28.64,23200.00,4.07,86.78,0
946699843,28.61,23180.00,4.07,86.78,0
946699863,28.47,23170.00,4.07,86.78,0
946699882,28.47,23160.00,4.07,86.78,0
946699902,28.46,23160.00,4.07,86.63,0
946699922,28.46,23150.00,4.07,86.63,0
946699943,28.45,23140.00,4.07,86.63,0
946699963,28.43,23130.00,4.07,86.63,0
946699983,28.42,23110.00,4.07,86.63,0
946700002,28.40,23110.00,4.07,86.63,0
946700022,28.38,23090.00,4.07,86.63,0
946700042,28.24,23080.00,4.07,86.63,0
946700063,28.24,23070.00,4.07,86.63,0
946700083,28.25,23060.00,4.07,86.63,0
946700103,28.24,23060.00,4.07,86.63,0
946700122,28.23,23030.00,4.07,86.63,0
946700142,28.21,23030.00,4.07,86.63,0
946700162,28.20,23010.00,4.07,86.63,0
946700183,28.18,23010.00,4.07,86.63,0
946700203,28.16,22990.00,4.07,86.63,0
946700222,28.14,22990.00,4.07,86.63,0
946700242,28.12,22970.00,4.07,86.63,0
946700262,27.98,22960.00,4.07,86.63,0
946700282,27.98,22950.00,4.07,86.63,0
946700303,27.98,22940.00,4.07,86.63,0
946700323,27.97,22930.00,4.07,86.63,0
946700343,27.96,22920.00,4.07,86.63,0
946700362,27.94,22910.00,4.07,86.63,0
946700382,27.93,22910.00,4.07,86.63,0
946700402,27.91,22890.00,4.07,86.63,0
946700423,27.89,22880.00,4.07,86.63,0
946700443,27.88,22870.00,4.07,86.63,0
946700463,27.86,22860.00,4.07,86.63,0
946700482,27.83,22850.00,4.07,86.63,0
946700502,27.69,22840.00,4.07,86.63,0
946700522,27.70,22840.00,4.07,86.63,0
946700543,27.69,22820.00,4.07,86.63,0
946700563,27.68,22810.00,4.07,86.63,0
946700582,27.67,22770.00,4.07,86.63,0
946700602,27.66,22750.00,4.07,86.63,0
946700622,27.64,22760.00,4.07,86.63,0
946700642,27.62,22760.00,4.07,86.63,0
946700663,27.60,22740.00,4.07,86.63,0
946700683,27.58,22720.00,4.07,86.63,0
946700702,27.55,22730.00,4.07,86.63,0
946700722,27.53,22720.00,4.07,86.63,0
946700742,27.51,22700.00,4.07,86.63,0
946700763,27.49,22680.00,4.07,86.63,0
946700783,27.46,0.00,4.07,86.63,0
946700803,27.44,22440.00,4.07,86.63,0
946700822,27.29,22640.00,4.07,86.63,0
946700842,27.30,22680.00,4.07,86.63,0
946700862,27.30,22720.00,4.07,86.63,0
946700883,27.30,22700.00,4.07,86.63,0
946700903,27.29,22670.00,4.07,86.63,0
946700923,27.27,22650.00,4.07,86.63,0
946700942,27.26,22640.00,4.07,86.63,0
946700962,27.25,22620.00,4.07,86.63,0
946700982,27.23,22600.00,4.07,86.63,0
946701003,27.21,22600.00,4.07,86.63,0
946701023,27.19,22590.00,4.07,86.63,0
946701042,27.17,22600.00,4.07,86.63,0
946701062,27.15,22580.00,4.07,86.63,0
946701082,27.13,22580.00,4.07,86.63,0
946701102,27.10,22580.00,4.07,86.63,0
946701123,27.08,22560.00,4.07,86.63,0
946701143,27.06,22550.00,4.07,86.63,0
946701162,27.04,22530.00,4.07,86.63,0
946701182,27.01,22530.00,4.07,86.63,0
946701202,26.99,22520.00,4.07,86.49,0
946701223,26.96,22510.00,4.07,86.49,0
946701243,26.94,22510.00,4.07,86.49,0
946701263,26.91,22500.00,4.07,86.49,0
946701282,26.89,22490.00,4.07,86.49,0
946701302,26.86,22480.00,4.07,86.49,0
946701322,26.84,22460.00,4.07,86.49,0
946701343,26.82,22450.00,4.07,86.49,0
946701363,26.80,22440.00,4.07,86.49,0
946701383,26.77,22430.00,4.07,86.49,0
946701402,26.75,22420.00,4.07,86.49,0
946701422,26.72,22410.00,4.07,86.49,0
946701442,26.70,22400.00,4.07,86.49,0
946701463,26.68,22390.00,4.07,86.49,0
946701483,26.56,22380.00,4.07,86.49,0
946701502,26.56,22380.00,4.07,86.49,0
946701522,26.55,22370.00,4.07,86.49,0
946701542,26.54,22360.00,4.07,86.49,0
946701562,26.52,22350.00,4.07,86.49,0
946701583,26.51,22350.00,4.07,86.49,0
946701603,26.50,22340.00,4.07,86.49,0
946701622,26.48,22340.00,4.07,86.49,0
946701642,26.46,22340.00,4.07,86.49,0
946701662,26.44,22310.00,4.07,86.49,0
946701683,26.42,22300.00,4.07,86.49,0
946701703,26.39,22290.00,4.07,86.49,0
946701723,26.37,22280.00,4.07,86.49,0
946701742,26.34,22260.00,4.07,86.49,0
946701762,26.32,22260.00,4.07,86.49,0
946701782,26.30,22250.00,4.07,86.49,0
946701803,26.28,22230.00,4.07,86.49,0
946701823,26.26,22230.00,4.07,86.49,0
946701843,26.24,22220.00,4.07,86.49,0
946701862,26.22,22200.00,4.07,86.49,0
946701882,26.19,22190.00,4.07,86.49,0
946701902,26.17,22180.00,4.07,86.49,0
946701923,26.15,22170.00,4.07,86.49,0
946701943,26.13,22160.00,4.07,86.49,0
946701962,26.11,22170.00,4.07,86.49,0
946701982,26.09,22160.00,4.07,86.49,0
946702002,26.06,22140.00,4.07,86.49,0
946702022,26.03,22140.00,4.07,86.49,0
946702043,26.01,22130.00,4.07,86.49,0
946702063,25.99,22130.00,4.07,86.49,0
946702082,25.97,22110.00,4.07,86.49,0
946702102,25.84,22100.00,4.07,86.49,0
946702122,25.84,22100.00,4.07,86.49,0
946702143,25.83,22090.00,4.07,86.49,0
946702163,25.82,22070.00,4.07,86.49,0
946702183,25.81,22060.00,4.07,86.49,0
946702202,25.80,22060.00,4.07,86.49,0
946702222,25.78,22050.00,4.07,86.49,0
946702242,25.76,22040.00,4.07,86.49,0
946702263,25.75,22030.00,4.07,86.49,0
946702283,25.73,22020.00,4.07,86.49,0
946702303,25.70,22010.00,4.07,86.49,0
946702322,25.68,22000.00,4.07,86.49,0
946702342,25.66,21990.00,4.07,86.49,0
946702362,25.64,21980.00,4.07,86.49,0
946702383,25.62,21970.00,4.07,86.49,0
946702403,25.60,21960.00,4.07,86.49,0
946702422,25.58,21960.00,4.07,86.49,0
946702442,25.55,21950.00,4.07,86.49,0
946702462,25.53,21940.00,4.07,86.49,0
946702482,25.51,21920.00,4.07,86.49,0
946702503,25.38,21910.00,4.07,86.49,0
946702523,25.38,21910.00,4.07,86.34,0
946702542,25.38,21900.00,4.07,86.34,0
946702562,25.37,21890.00,4.07,86.34,0
946702582,25.36,21880.00,4.07,86.34,0
946702603,25.34,21880.00,4.07,86.34,0
946702623,25.33,21860.00,4.07,86.34,0
946702643,25.32,21850.00,4.07,86.34,0
946702662,25.30,21830.00,4.07,86.34,0
946702682,25.27,21830.00,4.07,86.34,0
946702702,25.25,21830.00,4.07,86.34,0
946702723,25.24,21810.00,4.07,86.34,0
946702743,25.21,21800.00,4.07,86.34,0
946702763,25.19,21800.00,4.07,86.34,0
946702782,25.17,21780.00,4.07,86.34,0
946702802,25.15,21780.00,4.07,86.34,0
946702822,25.13,21770.00,4.07,86.34,0
946702842,25.11,21760.00,4.07,86.34,0
946702863,25.09,21750.00,4.07,86.34,0
946702883,25.06,21740.00,4.07,86.34,0
946702902,25.04,21730.00,4.07,86.34,0
946702922,25.02,21720.00,4.07,86.34,0
946702942,24.99,21710.00,4.07,86.34,0
946702963,24.97,21710.00,4.07,86.34,0
946702983,24.95,21700.00,4.07,86.34,0
946703003,24.93,21690.00,4.07,86.34,0
946703022,24.91,21680.00,4.07,86.34,0
946703042,24.89,21670.00,4.07,86.34,0
946703062,24.87,21670.00,4.07,86.34,0
946703083,24.85,21650.00,4.07,86.34,0
946703103,24.82,21640.00,4.07,86.34,0
946703123,24.80,21640.00,4.07,86.34,0
946703142,24.78,21620.00,4.07,86.34,0
946703162,24.76,21610.00,4.07,86.34,0
946703182,24.73,21600.00,4.07,86.34,0
946703203,24.71,21600.00,4.07,86.34,0
946703223,24.69,21590.00,4.07,86.34,0
946703242,24.67,21580.00,4.07,86.34,0
946703262,24.65,21570.00,4.07,86.34,0
946703282,24.63,21550.00,4.07,86.34,0
946703302,24.61,21550.00,4.07,86.34,0
946703323,24.60,21540.00,4.07,86.34,0
946703343,24.57,21540.00,4.07,86.34,0
946703362,24.55,21530.00,4.07,86.34,0
946703382,24.53,21510.00,4.07,86.34,0
946703402,24.39,21490.00,4.07,86.34,0
946703423,24.39,21500.00,4.07,86.34,0
946703443,24.39,21490.00,4.07,86.34,0
946703463,24.39,21480.00,4.07,86.34,0
946703482,24.38,21470.00,4.07,86.34,0
946703502,24.37,21460.00,4.07,86.34,0
946703522,24.35,21450.00,4.07,86.34,0
946703543,24.33,21440.00,4.07,86.34,0
946703563,24.31,21450.00,4.07,86.34,0
946703583,24.30,21440.00,4.07,86.34,0
946703602,24.28,21430.00,4.07,86.34,0
946703622,24.26,21420.00,4.07,86.34,0
946703642,24.24,21420.00,4.07,86.34,0
946703663,24.22,21400.00,4.07,86.34,0
946703683,24.20,21390.00,4.07,86.34,0
946703703,24.08,21380.00,4.07,86.34,0
946703722,24.08,21380.00,4.07,86.34,0
946703742,24.08,21370.00,4.07,86.34,0
946703762,24.07,21360.00,4.07,86.34,0
946703783,24.07,21350.00,4.07,86.20,0
946703803,24.05,21340.00,4.07,86.20,0
946703823,24.04,21330.00,4.07,86.20,0
946703842,24.02,21330.00,4.07,86.20,0
946703862,24.00,21310.00,4.07,86.20,0
946703882,23.99,21300.00,4.07,86.20,0
946703903,23.97,21290.00,4.07,86.20,0
946703923,23.95,21290.00,4.07,86.20,0
946703943,23.93,21280.00,4.07,86.20,0
946703962,23.91,21270.00,4.07,86.20,0
946703982,23.89,21250.00,4.07,86.20,0
946704002,23.88,21260.00,4.07,86.20,0
946704023,23.85,21230.00,4.07,86.20,0
946704043,23.83,21220.00,4.07,86.20,0
946704062,23.81,21220.00,4.07,86.20,0
946704082,23.79,21200.00,4.07,86.20,0
946704102,23.76,21210.00,4.07,86.20,0
946704122,23.74,21190.00,4.07,86.20,0
946704143,23.72,21190.00,4.07,86.20,0
946704163,23.70,21180.00,4.07,86.20,0
946704182,23.68,21170.00,4.07,86.20,0
946704202,23.66,21160.00,4.07,86.20,0
946704222,23.64,21150.00,4.07,86.20,0
946704242,23.62,21150.00,4.07,86.20,0
946704263,23.60,21140.00,4.07,86.20,0
946704283,23.58,21130.00,4.07,86.20,0
946704303,23.56,21120.00,4.07,86.20,0
946704322,23.54,21110.00,4.07,86.20,0
946704342,23.52,21110.00,4.07,86.20,0
946704362,23.50,21100.00,4.07,86.20,0
946704383,23.48,21100.00,4.07,86.20,0
946704403,23.46,21090.00,4.07,86.20,0
946704422,23.44,21080.00,4.07,86.20,0
946704442,23.42,21080.00,4.07,86.20,0
946704462,23.40,21060.00,4.07,86.20,0
946704482,23.38,21060.00,4.07,86.20,0
946704503,23.36,21050.00,4.07,86.20,0
946704523,23.34,21040.00,4.07,86.20,0
946704542,23.32,21030.00,4.07,86.20,0
946704562,23.30,21030.00,4.07,86.20,0
946704582,23.29,21020.00,4.07,86.20,0
946704603,23.26,21010.00,4.07,86.20,0
946704623,23.24,21010.00,4.07,86.20,0
946704643,23.22,20990.00,4.07,86.20,0
946704662,23.20,20990.00,4.07,86.20,0
946704682,23.18,20980.00,4.07,86.20,0
946704702,23.16,20970.00,4.07,86.20,0
946704723,23.14,20970.00,4.07,86.20,0
946704743,23.12,20960.00,4.07,86.20,0
946704763,23.10,20950.00,4.07,86.20,0
946704782,23.08,20940.00,4.07,86.20,0
946704802,23.05,20930.00,4.07,86.20,0
946704822,23.03,20930.00,4.07,86.20,0
946704843,23.01,20920.00,4.07,86.20,0
946704863,22.99,20910.00,4.07,86.20,0
946704882,22.97,20900.00,4.07,86.20,0
946704902,22.94,20890.00,4.07,86.20,0
946704922,22.92,20890.00,4.07,86.20,0
946704942,22.91,20890.00,4.07,86.20,0
946704963,22.89,20870.00,4.07,86.20,0
946704983,22.87,20870.00,4.07,86.20,0
946705002,22.85,20860.00,4.07,86.20,0
946705022,22.83,20850.00,4.07,86.06,0
946705042,22.81,20830.00,4.07,86.06,0
946705063,22.79,20830.00,4.07,86.06,0
946705083,22.77,20820.00,4.07,86.06,0
946705103,22.75,20820.00,4.07,86.06,0
946705122,22.73,20810.00,4.07,86.06,0
946705142,22.71,20800.00,4.07,86.06,0
946705162,22.69,20790.00,4.07,86.06,0
946705183,22.67,20780.00,4.07,86.06,0
946705203,22.66,20770.00,4.07,86.06,0
946705223,22.63,20770.00,4.07,86.06,0
946705242,22.61,20750.00,4.07,86.06,0
946705262,22.59,20750.00,4.07,86.06,0
946705282,22.57,20740.00,4.07,86.06,0
946705303,22.55,20730.00,4.07,86.06,0
946705323,22.53,20720.00,4.07,86.06,0
946705342,22.51,20710.00,4.07,86.06,0
946705362,22.49,20710.00,4.07,86.06,0
946705382,22.47,20690.00,4.07,86.06,0
946705402,22.45,20690.00,4.07,86.06,0
946705423,22.43,20680.00,4.07,86.06,0
946705443,22.41,20670.00,4.07,86.06,0
946705463,22.39,20660.00,4.07,86.06,0
946705482,22.37,20660.00,4.07,86.06,0
946705502,22.35,20650.00,4.07,86.06,0
946705522,22.33,20640.00,4.07,86.06,0
946705543,22.31,20630.00,4.07,86.06,0
946705563,22.29,20620.00,4.07,86.06,0
946705583,22.27,20610.00,4.07,86.06,0
946705602,22.25,20600.00,4.07,86.06,0
946705622,22.23,20590.00,4.07,86.06,0
946705642,22.21,20590.00,4.07,86.06,0
946705663,22.19,20580.00,4.07,86.06,0
946705683,22.17,20560.00,4.07,86.06,0
946705703,22.15,20560.00,4.07,86.06,0
946705722,22.13,20550.00,4.07,86.06,0
946705742,22.11,20550.00,4.07,86.06,0
946705762,22.10,20540.00,4.07,86.06,0
946705783,22.08,20520.00,4.07,86.06,0
946705803,22.06,20510.00,4.07,86.06,0
946705823,22.04,20510.00,4.07,86.06,0
946705842,22.02,20500.00,4.07,86.06,0
946705862,22.00,20500.00,4.07,86.06,0
946705882,21.98,20490.00,4.07,86.06,0
946705903,21.96,20470.00,4.07,86.06,0
946705923,21.94,20460.00,4.07,86.06,0
946705943,21.92,20460.00,4.07,86.06,0
946705962,21.90,20450.00,4.07,86.06,0
946705982,21.88,20440.00,4.07,86.06,0
946706002,21.86,20430.00,4.07,86.06,0
946706023,21.84,20430.00,4.07,86.06,0
946706043,21.82,20420.00,4.07,86.06,0
946706063,21.80,20410.00,4.07,86.06,0
946706082,21.78,20400.00,4.07,86.06,0
946706102,21.76,20390.00,4.07,86.06,0
946706122,21.74,20380.00,4.07,86.06,0
946706143,21.72,20370.00,4.07,86.06,0
946706163,21.70,20360.00,4.07,86.06,0
946706183,21.68,20350.00,4.07,86.06,0
946706202,21.66,20340.00,4.07,86.06,0
946706222,21.64,20340.00,4.07,86.06,0
946706242,21.62,20330.00,4.07,86.06,0
946706263,21.60,20320.00,4.07,85.91,0
946706283,21.58,20320.00,4.07,85.91,0
946706303,21.56,20310.00,4.07,85.91,0
946706322,21.53,20300.00,4.07,85.91,0
946706342,21.51,20290.00,4.07,85.91,0
946706362,21.50,20280.00,4.07,85.91,0
946706383,21.48,20270.00,4.07,85.91,0
946706403,21.46,20260.00,4.07,85.91,0
946706422,21.44,20250.00,4.07,85.91,0
946706442,21.42,20240.00,4.07,85.91,0
946706462,21.41,20240.00,4.07,85.91,0
946706483,21.39,20230.00,4.07,85.91,0
946706503,21.37,20220.00,4.07,85.91,0
946706523,21.35,20210.00,4.07,85.91,0
946706542,21.33,20210.00,4.07,85.91,0
946706562,21.31,20200.00,4.07,85.91,0
946706582,21.29,20200.00,4.07,85.91,0
946706603,21.27,20190.00,4.07,85.91,0
946706623,21.26,20170.00,4.07,85.91,0
946706643,21.23,20160.00,4.07,85.91,0
946706662,21.22,20160.00,4.07,85.91,0
946706682,21.19,20150.00,4.07,85.91,0
946706702,21.18,20140.00,4.07,85.91,0
946706723,21.16,20130.00,4.07,85.91,0
946706743,21.14,20120.00,4.07,85.91,0
946706762,21.12,20120.00,4.07,85.91,0
946706782,21.10,20110.00,4.07,85.91,0
946706802,21.08,20100.00,4.07,85.91,0
946706822,21.07,20090.00,4.07,85.91,0
946706843,21.05,20090.00,4.07,85.91,0
946706863,21.02,20080.00,4.07,85.91,0
946706882,21.00,20080.00,4.07,85.91,0
946706902,20.99,20060.00,4.07,85.91,0
946706922,20.97,20050.00,4.07,85.91,0
946706943,20.95,20040.00,4.07,85.91,0
946706963,20.93,20030.00,4.07,85.91,0
946706983,20.91,20030.00,4.07,85.91,0
946707002,20.90,20020.00,4.07,85.91,0
946707022,20.88,20010.00,4.07,85.91,0
946707042,20.86,20010.00,4.07,85.91,0
946707063,20.84,20000.00,4.07,85.91,0
946707083,20.82,19990.00,4.07,85.91,0
946707103,20.80,19980.00,4.07,85.91,0
946707122,20.78,19970.00,4.07,85.91,0
946707142,20.76,19970.00,4.07,85.91,0
946707162,20.74,19960.00,4.07,85.91,0
946707182,20.73,19950.00,4.07,85.91,0
946707203,20.71,19940.00,4.07,85.91,0
946707223,20.69,19930.00,4.07,85.91,0
946707242,20.68,19930.00,4.07,85.91,0
946707262,20.66,19920.00,4.07,85.91,0
946707282,20.64,19910.00,4.07,85.91,0
946707303,20.62,19910.00,4.07,85.91,0
946707323,20.60,19900.00,4.07,85.91,0
946707343,20.58,19890.00,4.07,85.91,0
946707362,20.57,19890.00,4.07,85.91,0
946707382,20.55,19880.00,4.07,85.91,0
946707402,20.53,19870.00,4.07,85.91,0
946707423,20.51,19860.00,4.07,85.91,0
946707443,20.49,19850.00,4.07,85.77,0
946707463,20.47,19850.00,4.07,85.77,0
946707482,20.45,19840.00,4.07,85.77,0
946707502,20.43,19830.00,4.07,85.77,0
946707522,20.41,19820.00,4.07,85.77,0
946707543,20.39,19810.00,4.07,85.77,0
946707563,20.38,19810.00,4.07,85.77,0
946707582,20.36,19800.00,4.07,85.77,0
946707602,20.34,19800.00,4.07,85.77,0
946707622,20.32,19790.00,4.07,85.77,0
946707642,20.30,19780.00,4.07,85.77,0
946707663,20.28,19770.00,4.07,85.77,0
946707683,20.27,19760.00,4.07,85.77,0
946707702,20.25,19750.00,4.07,85.77,0
946707722,20.23,19750.00,4.07,85.77,0
946707742,20.21,19740.00,4.07,85.77,0
946707763,20.19,19730.00,4.07,85.77,0
946707783,20.17,19730.00,4.07,85.77,0
946707803,20.15,19720.00,4.07,85.77,0
946707822,20.14,19710.00,4.07,85.77,0
946707842,20.12,19700.00,4.07,85.77,0
946707862,20.10,19700.00,4.07,85.77,0
946707883,20.08,19690.00,4.07,85.77,0
946707903,20.06,19680.00,4.07,85.77,0
946707923,20.05,19680.00,4.07,85.77,0
946707942,20.03,19670.00,4.07,85.77,0
946707962,20.01,19660.00,4.07,85.77,0
946707982,19.89,19650.00,4.07,85.77,0
946708003,19.90,19640.00,4.07,85.77,0
946708023,19.89,19630.00,4.07,85.77,0
946708042,19.89,19630.00,4.07,85.77,0
946708062,19.88,19620.00,4.07,85.77,0
946708082,19.87,19610.00,4.07,85.77,0
946708102,19.86,19610.00,4.07,85.77,0
946708123,19.84,19600.00,4.07,85.77,0
946708143,19.83,19590.00,4.07,85.77,0
946708162,19.82,19590.00,4.07,85.77,0
946708182,19.80,19580.00,4.07,85.77,0
946708202,19.79,19580.00,4.07,85.77,0
946708223,19.77,19570.00,4.07,85.77,0
946708243,19.76,19560.00,4.07,85.77,0
946708263,19.74,19550.00,4.07,85.77,0
946708282,19.72,19540.00,4.07,85.77,0
946708302,19.70,19530.00,4.07,85.77,0
946708322,19.69,19520.00,4.07,85.77,0
946708343,19.67,19520.00,4.07,85.77,0
946708363,19.65,19510.00,4.07,85.77,0
946708383,19.63,19510.00,4.07,85.77,0
946708402,19.61,19500.00,4.07,85.77,0
946708422,19.60,19490.00,4.07,85.77,0
946708442,19.58,19480.00,4.07,85.77,0
946708463,19.56,19480.00,4.07,85.77,0
946708483,19.55,19470.00,4.07,85.77,0
946708502,19.53,19460.00,4.07,85.77,0
946708522,19.51,19460.00,4.07,85.77,0
946708542,19.49,19450.00,4.07,85.77,0
946708562,19.48,19440.00,4.07,85.77,0
946708583,19.46,19440.00,4.07,85.77,0
946708603,19.44,19430.00,4.07,85.77,0
946708622,19.42,19420.00,4.07,85.77,0
946708642,19.40,19410.00,4.07,85.77,0
946708662,19.39,19410.00,4.07,85.77,0
946708682,19.37,19400.00,4.07,85.63,0
946708703,19.35,19400.00,4.07,85.63,0
946708723,19.33,19380.00,4.07,85.63,0
946708743,19.32,19380.00,4.07,85.63,0
946708762,19.30,19370.00,4.07,85.63,0
946708782,19.28,19360.00,4.07,85.63,0
946708802,19.26,19360.00,4.07,85.63,0
946708823,19.24,19340.00,4.07,85.63,0
946708843,19.23,19340.00,4.07,85.63,0
946708862,19.21,19330.00,4.07,85.63,0
946708882,19.19,19320.00,4.07,85.63,0
946708902,19.17,19320.00,4.07,85.63,0
946708922,19.15,19310.00,4.07,85.63,0
946708943,19.14,19310.00,4.07,85.63,0
946708963,19.12,19300.00,4.07,85.63,0
946708983,19.10,19290.00,4.06,85.63,0
946709002,19.09,19290.00,4.06,85.63,0
946709022,19.07,19280.00,4.07,85.63,0
946709042,19.06,19270.00,4.07,85.63,0
946709063,19.04,19260.00,4.06,85.63,0
946709083,19.02,19270.00,4.06,85.63,0
946709103,19.01,19250.00,4.07,85.63,0
946709122,18.99,19250.00,4.06,85.63,0
946709142,18.97,19230.00,4.06,85.63,0
946709162,18.96,19230.00,4.06,85.63,0
946709183,18.94,19220.00,4.06,85.63,0
946709203,18.92,19210.00,4.06,85.63,0
946709222,18.90,19210.00,4.06,85.63,0
946709242,18.88,19190.00,4.06,85.63,0
946709262,18.86,19190.00,4.06,85.63,0
946709282,18.84,19180.00,4.06,85.63,0
946709303,18.83,19180.00,4.06,85.63,0
946709323,18.81,19170.00,4.06,85.63,0
946709342,18.80,19170.00,4.06,85.63,0
946709362,18.78,19150.00,4.06,85.63,0
946709382,18.76,19150.00,4.06,85.63,0
946709402,18.75,19140.00,4.06,85.63,0
946709423,18.73,19140.00,4.06,85.63,0
946709443,18.71,19130.00,4.06,85.63,0
946709463,18.69,19130.00,4.06,85.63,0
946709482,18.68,19120.00,4.06,85.63,0
946709502,18.67,19110.00,4.06,85.63,0
946709522,18.65,19100.00,4.06,85.63,0
946709543,18.63,19090.00,4.06,85.63,0
946709563,18.61,19080.00,4.06,85.63,0
946709582,18.60,19080.00,4.06,85.63,0
946709602,18.58,19080.00,4.06,85.63,0
946709622,18.56,19070.00,4.06,85.63,0
946709642,18.54,19060.00,4.06,85.63,0
946709663,18.53,19060.00,4.06,85.63,0
946709683,18.51,19050.00,4.06,85.63,0
946709702,18.50,19040.00,4.06,85.63,0
946709722,18.48,19030.00,4.06,85.63,0
946709742,18.46,19020.00,4.06,85.63,0
946709763,18.44,19020.00,4.06,85.63,0
946709783,18.43,19020.00,4.06,85.63,0
946709803,18.41,19000.00,4.06,85.63,0
946709822,18.39,19000.00,4.06,85.63,0
946709842,18.38,18990.00,4.06,85.63,0
946709862,18.36,18980.00,4.06,85.48,0
946709883,18.34,18980.00,4.06,85.48,0
946709903,18.32,18970.00,4.06,85.48,0
946709923,18.31,18960.00,4.06,85.48,0
946709942,18.29,18960.00,4.06,85.48,0
946709962,18.27,18950.00,4.06,85.48,0
946709982,18.26,18940.00,4.06,85.48,0
946710003,18.24,18930.00,4.06,85.48,0
946710023,18.22,18920.00,4.06,85.48,0
946710042,18.21,18920.00,4.06,85.48,0
946710062,18.19,18920.00,4.06,85.48,0
946710082,18.17,18910.00,4.06,85.48,0
946710102,18.15,18900.00,4.06,85.48,0
946710123,18.14,18890.00,4.06,85.48,0
946710143,18.12,18890.00,4.06,85.48,0
946710162,18.11,18880.00,4.06,85.48,0
946710182,18.09,18880.00,4.06,85.48,0
946710202,18.08,18870.00,4.06,85.48,0
946710223,18.06,18860.00,4.06,85.48,0
946710243,18.04,18850.00,4.06,85.48,0
946710263,18.02,18850.00,4.06,85.48,0
946710282,18.00,18840.00,4.06,85.48,0
946710302,17.99,18830.00,4.06,85.48,0
946710322,17.97,18830.00,4.06,85.48,0
946710343,17.96,18820.00,4.06,85.48,0
946710363,17.94,18810.00,4.06,85.48,0
946710383,17.93,18800.00,4.06,85.48,0
946710402,17.91,18800.00,4.06,85.48,0
946710422,17.90,18790.00,4.06,85.48,0
946710442,17.88,18780.00,4.06,85.48,0
946710463,17.86,18770.00,4.06,85.48,0
946710483,17.85,18730.00,4.06,85.48,0
946710502,17.83,18740.00,4.06,85.48,0
946710522,17.81,18740.00,4.06,85.48,0
946710542,17.80,18740.00,4.06,85.48,0
946710562,17.78,18760.00,4.06,85.48,0
946710583,17.76,18750.00,4.06,85.48,0
946710603,17.75,18740.00,4.06,85.48,0
946710622,17.73,18730.00,4.06,85.48,0
946710642,17.72,18720.00,4.06,85.48,0
946710662,17.70,18720.00,4.06,85.48,0
946710683,17.69,18710.00,4.06,85.48,0
946710703,17.67,18710.00,4.06,85.48,0
946710723,17.65,18690.00,4.06,85.48,0
946710742,17.64,18690.00,4.06,85.48,0
946710762,17.62,18680.00,4.06,85.48,0
946710782,17.61,18680.00,4.06,85.48,0
946710803,17.59,18670.00,4.06,85.48,0
946710823,17.57,18660.00,4.06,85.48,0
946710843,17.56,18650.00,4.06,85.48,0
946710862,17.54,18650.00,4.06,85.48,0
946710882,17.52,18640.00,4.06,85.48,0
946710902,17.51,18630.00,4.06,85.48,0
946710923,17.49,18620.00,4.06,85.48,0
946710943,17.48,18620.00,4.06,85.48,0
946710962,17.46,18620.00,4.06,85.48,0
946710982,17.44,18600.00,4.06,85.48,0
946711002,17.43,18600.00,4.06,85.48,0
946711022,17.41,18600.00,4.06,85.48,0
946711043,17.40,18580.00,4.06,85.48,0
946711063,17.38,18580.00,4.06,85.34,0
946711082,17.36,18570.00,4.06,85.34,0
946711102,17.34,18560.00,4.06,85.34,0
946711122,17.33,18560.00,4.06,85.34,0
946711143,17.32,18550.00,4.06,85.34,0
946711163,17.30,18540.00,4.06,85.34,0
946711183,17.29,18540.00,4.06,85.34,0
946711202,17.27,18530.00,4.06,85.34,0
946711222,17.25,18520.00,4.06,85.34,0
946711242,17.24,18520.00,4.06,85.34,0
946711263,17.21,18510.00,4.06,85.34,0
946711283,17.20,18500.00,4.06,85.34,0
946711303,17.18,18490.00,4.06,85.34,0
946711322,17.17,18480.00,4.06,85.34,0
946711342,17.16,18480.00,4.06,85.34,0
946711362,17.14,18470.00,4.06,85.34,0
946711383,17.12,18460.00,4.06,85.34,0
946711403,17.10,18460.00,4.06,85.34,0
946711422,17.09,18450.00,4.06,85.34,0
946711442,17.07,18440.00,4.06,85.34,0
946711462,17.06,18430.00,4.06,85.34,0
946711482,17.04,18430.00,4.06,85.34,0
946711503,17.02,18420.00,4.06,85.34,0
946711523,17.01,18410.00,4.06,85.34,0
946711542,16.99,18410.00,4.06,85.34,0
946711562,16.98,18400.00,4.06,85.34,0
946711582,16.96,18390.00,4.06,85.34,0
946711603,16.95,18390.00,4.06,85.34,0
946711623,16.93,18370.00,4.06,85.34,0
946711643,16.92,18360.00,4.06,85.34,0
946711662,16.91,18360.00,4.06,85.34,0
946711682,16.89,18350.00,4.06,85.34,0
946711702,16.88,18340.00,4.06,85.34,0
946711723,16.86,18330.00,4.06,85.34,0
946711743,16.84,18310.00,4.06,85.34,0
946711763,16.83,18300.00,4.06,85.34,0
946711782,16.81,18300.00,4.06,85.34,0
946711802,16.80,18290.00,4.06,85.34,0
946711822,16.78,18280.00,4.06,85.34,0
946711843,16.76,18270.00,4.06,85.34,0
946711863,16.75,18270.00,4.06,85.34,0
946711882,16.73,18260.00,4.06,85.34,0
946711902,16.71,18250.00,4.06,85.34,0
946711922,16.70,18240.00,4.06,85.34,0
946711942,16.69,18230.00,4.06,85.34,0
946711963,16.67,18230.00,4.06,85.34,0
946711983,16.66,18220.00,4.06,85.34,0
946712002,16.64,18220.00,4.06,85.34,0
946712022,16.62,18220.00,4.06,85.34,0
946712042,16.61,18210.00,4.06,85.34,0
946712063,16.59,18200.00,4.06,85.34,0
946712083,16.58,18190.00,4.06,85.34,0
946712103,16.56,18190.00,4.06,85.34,0
946712122,16.55,18180.00,4.06,85.34,0
946712142,16.53,18170.00,4.06,85.34,0
946712162,16.52,18160.00,4.06,85.20,0
946712182,16.50,18160.00,4.06,85.20,0
946712203,16.49,18150.00,4.06,85.20,0
946712223,16.47,18140.00,4.06,85.20,0
946712242,16.46,18130.00,4.06,85.20,0
946712262,16.44,18130.00,4.06,85.20,0
946712282,16.43,18120.00,4.06,85.20,0
946712302,16.41,18120.00,4.06,85.20,0
946712323,16.39,18110.00,4.06,85.20,0
946712343,16.38,18100.00,4.06,85.20,0
946712362,16.36,18100.00,4.06,85.20,0
946712382,16.34,18090.00,4.06,85.20,0
946712402,16.33,18080.00,4.06,85.20,0
946712423,16.32,18080.00,4.06,85.20,0
946712443,16.30,18070.00,4.06,85.20,0
946712463,16.28,18060.00,4.06,85.20,0
946712482,16.27,18060.00,4.06,85.20,0
946712502,16.25,18050.00,4.06,85.20,0
946712522,16.24,18040.00,4.06,85.20,0
946712543,16.22,18030.00,4.06,85.20,0
946712563,16.21,18030.00,4.06,85.20,0
946712583,16.20,18020.00,4.06,85.20,0
946712602,16.18,18020.00,4.06,85.20,0
946712622,16.17,18010.00,4.06,85.20,0
946712642,16.15,18000.00,4.06,85.20,0
946712662,16.14,18000.00,4.06,85.20,0
946712683,16.12,17990.00,4.06,85.20,0
946712703,16.11,17990.00,4.06,85.20,0
946712722,16.09,17980.00,4.06,85.20,0
946712742,16.08,17970.00,4.06,85.20,0
946712762,16.06,17960.00,4.06,85.20,0
946712783,16.05,17960.00,4.06,85.20,0
946712803,16.03,17950.00,4.06,85.20,0
946712823,16.01,17950.00,4.06,85.20,0
946712842,16.00,17940.00,4.06,85.20,0
946712862,15.99,17930.00,4.06,85.20,0
946712882,15.97,17800.00,4.06,85.20,0
946712903,15.95,17840.00,4.06,85.20,0
946712923,15.94,17810.00,4.06,85.20,0
946712943,15.92,17800.00,4.06,85.20,0
946712962,15.91,17790.00,4.06,85.20,0
946712982,15.89,17810.00,4.06,85.20,0
946713002,15.87,17780.00,4.06,85.20,0
946713023,15.86,17780.00,4.06,85.20,0
946713043,15.85,17780.00,4.06,85.20,0
946713062,15.83,17750.00,4.06,85.20,0
946713082,15.82,17740.00,4.06,85.20,0
946713102,15.81,17730.00,4.06,85.20,0
946713122,15.80,17710.00,4.06,85.20,0
946713143,15.78,17700.00,4.06,85.20,0
946713163,15.76,17690.00,4.06,85.20,0
946713182,15.75,17690.00,4.06,85.20,0
946713202,15.73,17680.00,4.06,85.20,0
946713222,15.72,17680.00,4.06,85.20,0
946713243,15.71,17680.00,4.06,85.20,0
946713263,15.69,17660.00,4.06,85.20,0
946713283,15.68,17650.00,4.06,85.20,0
946713302,15.67,17640.00,4.06,85.20,0
946713322,15.65,17650.00,4.06,85.05,0
946713342,15.64,17660.00,4.06,85.05,0
946713363,15.62,17630.00,4.06,85.05,0
946713383,15.61,17640.00,4.06,85.05,0
946713403,15.60,17660.00,4.06,85.05,0
946713422,15.58,17650.00,4.06,85.05,0
946713442,15.56,17640.00,4.06,85.05,0
946713462,15.55,17640.00,4.06,85.05,0
946713483,15.54,17640.00,4.06,85.05,0
946713503,15.53,17620.00,4.06,85.05,0
946713522,15.51,17610.00,4.06,85.05,0
946713542,15.49,17600.00,4.06,85.05,0
946713562,15.48,17590.00,4.06,85.05,0
946713582,15.47,17580.00,4.06,85.05,0
946713603,15.45,17580.00,4.06,85.05,0
946713623,15.44,17570.00,4.06,85.05,0
946713642,15.42,17570.00,4.06,85.05,0
946713662,15.41,17560.00,4.06,85.05,0
946713682,15.40,17560.00,4.06,85.05,0
946713703,15.38,17550.00,4.06,85.05,0
946713723,15.37,17540.00,4.06,85.05,0
946713743,15.36,17540.00,4.06,85.05,0
946713762,15.34,17530.00,4.06,85.05,0
946713782,15.33,17530.00,4.06,85.05,0
946713802,15.32,17530.00,4.06,85.05,0
946713823,15.30,17520.00,4.06,85.05,0
946713843,15.29,17510.00,4.06,85.05,0
946713863,15.27,17500.00,4.06,85.05,0
946713882,15.26,17450.00,4.06,85.05,0
946713902,15.24,17460.00,4.06,85.05,0
946713922,15.23,17460.00,4.06,85.05,0
946713943,15.22,17450.00,4.06,85.05,0
946713963,15.20,17440.00,4.06,85.05,0
946713982,15.19,17440.00,4.06,85.05,0
946714002,15.18,17430.00,4.06,85.05,0
946714022,15.16,17430.00,4.06,85.05,0
946714042,15.15,17430.00,4.06,85.05,0
946714063,15.14,17420.00,4.06,85.05,0
946714083,15.12,17420.00,4.06,85.05,0
946714102,15.11,17400.00,4.06,85.05,0
946714122,15.09,17400.00,4.06,85.05,0
946714142,15.08,17390.00,4.06,85.05,0
946714163,15.06,17390.00,4.06,85.05,0
946714183,15.05,17380.00,4.06,85.05,0
946714203,15.04,17380.00,4.06,85.05,0
946714222,15.02,17380.00,4.06,85.05,0
946714242,15.01,17380.00,4.06,85.05,0
946714262,15.00,17360.00,4.06,85.05,0
946714283,14.98,17380.00,4.06,85.05,0
946714303,14.97,17360.00,4.06,85.05,0
946714323,14.96,17340.00,4.06,85.05,0
946714342,14.94,17340.00,4.06,85.05,0
946714362,14.93,17340.00,4.06,85.05,0
946714382,14.92,17330.00,4.06,84.91,0
946714403,14.90,17330.00,4.06,84.91,0
946714423,14.89,17330.00,4.06,84.91,0
946714442,14.88,17310.00,4.06,84.91,0
946714462,14.87,17370.00,4.06,84.91,0
946714482,14.86,17300.00,4.06,84.91,0
946714502,14.84,17290.00,4.06,84.91,0
946714523,14.82,16920.00,4.06,84.91,0
946714543,14.82,17650.00,4.06,84.91,0
946714562,14.81,17640.00,4.06,84.91,0
946714582,14.81,17630.00,4.06,84.91,0
946714602,14.79,17610.00,4.06,84.91,0
946714623,14.78,17610.00,4.06,84.91,0
946714643,14.77,17610.00,4.06,84.91,0
946714663,14.77,17600.00,4.06,84.91,0
946714682,14.75,17590.00,4.06,84.91,0
946714702,14.74,17580.00,4.06,84.91,0
946714722,14.73,17580.00,4.06,84.91,0
946714743,14.72,17570.00,4.06,84.91,0
946714763,14.71,17560.00,4.06,84.91,0
946714783,14.69,17560.00,4.06,84.91,0
946714802,14.68,17560.00,4.06,84.91,0
946714822,14.66,17550.00,4.06,84.91,0
946714842,14.65,17540.00,4.06,84.91,0
946714863,14.64,17540.00,4.06,84.91,0
946714883,14.62,17520.00,4.06,84.91,0
946714902,14.61,17510.00,4.06,84.91,0
946714922,14.59,17490.00,4.06,84.91,0
946714942,14.58,17490.00,4.06,84.91,0
946714962,14.56,17490.00,4.06,84.91,0
946714983,14.55,17480.00,4.06,84.91,0
946715003,14.54,17470.00,4.06,84.91,0
946715022,14.52,17460.00,4.06,84.91,0
946715042,14.51,17450.00,4.06,84.91,0
946715062,14.51,17440.00,4.06,84.91,0
946715083,14.49,17440.00,4.06,84.91,0
946715103,14.48,17410.00,4.06,84.91,0
946715123,14.47,17390.00,4.06,84.91,0
946715142,14.45,17420.00,4.06,84.91,0
946715162,14.44,17400.00,4.06,84.91,0
946715182,14.43,17390.00,4.06,84.91,0
946715203,14.42,17380.00,4.06,84.91,0
946715223,14.40,17370.00,4.06,84.91,0
946715243,14.39,17350.00,4.06,84.91,0
946715262,14.38,17330.00,4.06,84.91,0
946715282,14.36,17360.00,4.06,84.91,0
946715302,14.35,17350.00,4.06,84.91,0
946715323,14.33,17340.00,4.06,84.91,0
946715343,14.32,17330.00,4.06,84.91,0
946715362,14.31,17320.00,4.06,84.91,0
946715382,14.30,17320.00,4.06,84.91,0
946715402,14.28,17310.00,4.06,84.91,0
946715422,14.27,17300.00,4.06,84.91,0
946715443,14.26,17300.00,4.06,84.91,0
946715463,14.24,17300.00,4.06,84.91,0
946715482,14.23,17290.00,4.06,84.77,0
946715502,14.22,17310.00,4.06,84.77,0
946715522,14.21,17290.00,4.06,84.77,0
946715543,14.20,17280.00,4.06,84.77,0
946715563,14.18,17270.00,4.06,84.77,0
946715583,14.17,17270.00,4.06,84.77,0
946715602,14.16,17270.00,4.06,84.77,0
946715622,14.15,17250.00,4.06,84.77,0
946715642,14.14,17230.00,4.06,84.77,0
946715663,14.12,17220.00,4.06,84.77,0
946715683,14.11,17210.00,4.06,84.77,0
946715703,14.10,17200.00,4.06,84.77,0
946715722,14.08,17210.00,4.06,84.77,0
946715742,14.07,17200.00,4.06,84.77,0
946715762,14.06,17190.00,4.06,84.77,0
946715783,14.04,17180.00,4.06,84.77,0
946715803,14.03,17170.00,4.06,84.77,0
946715822,14.02,17150.00,4.06,84.77,0
946715842,14.00,17150.00,4.06,84.77,0
946715862,13.99,17140.00,4.06,84.77,0
946715882,13.98,17130.00,4.06,84.77,0
946715903,13.97,17130.00,4.06,84.77,0
946715923,13.95,17120.00,4.06,84.77,0
946715942,13.94,17110.00,4.06,84.77,0
946715962,13.93,17100.00,4.06,84.77,0
946715982,13.91,17100.00,4.06,84.77,0
946716003,13.90,17090.00,4.06,84.77,0
946716023,13.89,17090.00,4.06,84.77,0
946716043,13.88,17090.00,4.06,84.77,0
946716062,13.87,17070.00,4.06,84.77,0
946716082,13.85,17060.00,4.06,84.77,0
946716102,13.84,17060.00,4.06,84.77,0
946716122,13.83,17060.00,4.06,84.77,0
946716143,13.82,17050.00,4.06,84.77,0
946716163,13.80,17050.00,4.06,84.77,0
946716182,13.79,17030.00,4.06,84.77,0
946716202,13.78,17020.00,4.06,84.77,0
946716222,13.77,17010.00,4.06,84.77,0
946716242,13.75,17010.00,4.06,84.77,0
946716263,13.74,17010.00,4.06,84.77,0
946716283,13.73,17050.00,4.06,84.77,0
946716302,13.72,17070.00,4.06,84.77,0
946716322,13.71,17060.00,4.06,84.77,0
946716342,13.70,17060.00,4.06,84.77,0
946716363,13.69,17040.00,4.06,84.77,0
946716383,13.68,17040.00,4.06,84.77,0
946716403,13.67,17040.00,4.06,84.77,0
946716422,13.66,17040.00,4.06,84.77,0
946716442,13.65,17040.00,4.05,84.77,0
946716462,13.64,17020.00,4.05,84.77,0
946716483,13.62,17040.00,4.05,84.77,0
946716503,13.61,17030.00,4.05,84.62,0
946716523,13.60,17010.00,4.05,84.62,0
946716542,13.59,17000.00,4.05,84.62,0
946716562,13.57,17010.00,4.05,84.62,0
946716582,13.56,17030.00,4.05,84.62,0
946716603,13.55,17000.00,4.05,84.62,0
946716623,13.54,17010.00,4.05,84.62,0
946716642,13.53,17000.00,4.05,84.62,0
946716662,13.52,17000.00,4.05,84.62,0
946716682,13.50,16990.00,4.05,84.62,0
946716702,13.49,16980.00,4.05,84.62,0
946716723,13.48,16980.00,4.05,84.62,0
946716743,13.47,16970.00,4.05,84.62,0
946716762,13.46,16980.00,4.05,84.62,0
946716782,13.45,16980.00,4.05,84.62,0
946716802,13.44,16970.00,4.05,84.62,0
946716823,13.43,16970.00,4.05,84.62,0
946716843,13.42,16950.00,4.05,84.62,0
946716863,13.40,16950.00,4.05,84.62,0
946716882,13.39,16950.00,4.05,84.62,0
946716902,13.38,16940.00,4.05,84.62,0
946716922,13.36,16940.00,4.05,84.62,0
946716942,13.35,16930.00,4.05,84.62,0
946716963,13.35,16930.00,4.05,84.62,0
946716983,13.33,16930.00,4.05,84.62,0
946717002,13.32,16920.00,4.05,84.62,0
946717022,13.31,16920.00,4.05,84.62,0
946717042,13.29,16930.00,4.05,84.62,0
946717063,13.28,16910.00,4.05,84.62,0
946717083,13.27,16900.00,4.05,84.62,0
946717103,13.25,16900.00,4.05,84.62,0
946717122,13.24,16890.00,4.05,84.62,0
946717142,13.23,16880.00,4.05,84.62,0
946717162,13.22,16870.00,4.05,84.62,0
946717183,13.21,16870.00,4.05,84.62,0
946717203,13.20,16870.00,4.05,84.62,0
946717223,13.19,16850.00,4.05,84.62,0
946717242,13.18,16850.00,4.05,84.62,0
946717262,13.17,16840.00,4.05,84.62,0
946717282,13.15,16830.00,4.05,84.62,0
946717303,13.14,16820.00,4.05,84.62,0
946717323,13.13,16810.00,4.05,84.62,0
946717343,13.12,16800.00,4.05,84.62,0
946717362,13.10,16790.00,4.05,84.62,0
946717382,13.09,16780.00,4.05,84.62,0
946717402,13.08,16780.00,4.05,84.62,0
946717422,13.07,16770.00,4.05,84.62,0
946717443,13.06,16760.00,4.05,84.62,0
946717463,13.04,16750.00,4.05,84.62,0
946717483,13.03,16740.00,4.05,84.62,0
946717502,13.02,16740.00,4.05,84.48,0
946717522,13.01,16710.00,4.05,84.48,0
946717542,13.00,16690.00,4.05,84.48,0
946717563,12.98,16680.00,4.05,84.48,0
946717583,12.97,16670.00,4.05,84.48,0
946717602,12.96,16660.00,4.05,84.48,0
946717622,12.95,16660.00,4.05,84.48,0
946717642,12.94,16650.00,4.05,84.48,0
946717662,12.92,16630.00,4.05,84.48,0
946717683,12.91,16630.00,4.05,84.48,0
946717703,12.90,16620.00,4.05,84.48,0
946717722,12.89,16600.00,4.05,84.48,0
946717742,12.88,16590.00,4.05,84.48,0
946717762,12.87,16620.00,4.05,84.48,0
946717783,12.85,16620.00,4.05,84.48,0
946717803,12.84,16610.00,4.05,84.48,0
946717823,12.83,16600.00,4.05,84.48,0
946717843,12.82,16590.00,4.05,84.48,0
946717862,12.81,16590.00,4.05,84.48,0
946717882,12.80,16570.00,4.05,84.48,0
946717902,12.78,16580.00,4.05,84.48,0
946717923,12.77,16590.00,4.05,84.48,0
946717943,12.76,16600.00,4.05,84.48,0
946717962,12.76,16590.00,4.05,84.48,0
946717982,12.75,16580.00,4.05,84.48,0
946718002,12.74,16570.00,4.05,84.48,0
946718022,12.73,16560.00,4.05,84.48,0
946718043,12.72,16560.00,4.05,84.48,0
946718063,12.70,16550.00,4.05,84.48,0
946718083,12.69,16530.00,4.05,84.48,0
946718102,12.68,16520.00,4.05,84.48,0
946718122,12.67,16530.00,4.05,84.48,0
946718142,12.66,16540.00,4.05,84.48,0
946718163,12.65,16520.00,4.05,84.48,0
946718183,12.63,16520.00,4.05,84.48,0
946718203,12.62,16520.00,4.05,84.48,0
946718222,12.61,16510.00,4.05,84.48,0
946718242,12.60,16500.00,4.05,84.48,0
946718262,12.59,16500.00,4.05,84.48,0
946718282,12.58,16470.00,4.05,84.48,0
946718303,12.57,16460.00,4.05,84.48,0
946718323,12.56,16440.00,4.05,84.48,0
946718342,12.54,16430.00,4.05,84.48,0
946718362,12.53,16420.00,4.05,84.48,0
946718382,12.52,16410.00,4.05,84.48,0
946718403,12.51,16410.00,4.05,84.48,0
946718423,12.50,16400.00,4.05,84.48,0
946718443,12.48,16390.00,4.05,84.48,0
946718462,12.47,16390.00,4.05,84.48,0
946718482,12.46,16380.00,4.05,84.34,0
946718502,12.45,16380.00,4.05,84.34,0
946718523,12.44,16370.00,4.05,84.34,0
946718543,12.43,16350.00,4.05,84.34,0
946718563,12.42,16360.00,4.05,84.34,0
946718582,12.41,16360.00,4.05,84.34,0
946718602,12.40,16350.00,4.05,84.34,0
946718622,12.39,16350.00,4.05,84.34,0
946718643,12.38,16350.00,4.05,84.34,0
946718663,12.37,16350.00,4.05,84.34,0
946718683,12.36,16340.00,4.05,84.34,0
946718702,12.35,16330.00,4.05,84.34,0
946718722,12.34,16320.00,4.05,84.34,0
946718742,12.33,16320.00,4.05,84.34,0
946718763,12.31,16320.00,4.05,84.34,0
946718783,12.30,16320.00,4.05,84.34,0
946718803,12.29,16290.00,4.05,84.34,0
946718822,12.28,16280.00,4.05,84.34,0
946718842,12.27,16280.00,4.05,84.34,0
946718862,12.26,16280.00,4.05,84.34,0
946718883,12.25,16280.00,4.05,84.34,0
946718903,12.24,16270.00,4.05,84.34,0
946718923,12.22,16270.00,4.05,84.34,0
946718942,12.21,16260.00,4.05,84.34,0
946718962,12.20,16250.00,4.05,84.34,0
946718982,12.19,16260.00,4.05,84.34,0
946719003,12.19,16250.00,4.05,84.34,0
946719023,12.18,16250.00,4.05,84.34,0
946719042,12.16,16240.00,4.05,84.34,0
946719062,12.15,16230.00,4.05,84.34,0
946719082,12.14,16220.00,4.05,84.34,0
946719103,12.13,16200.00,4.05,84.34,0
946719123,12.12,16180.00,4.05,84.34,0
946719143,12.10,16170.00,4.05,84.34,0
946719162,12.09,16180.00,4.05,84.34,0
946719182,12.08,16180.00,4.05,84.34,0
946719202,12.07,16170.00,4.05,84.34,0
946719223,12.06,16160.00,4.05,84.34,0
946719243,12.05,16150.00,4.05,84.34,0
946719263,12.04,16180.00,4.05,84.34,0
946719282,12.03,16170.00,4.05,84.34,0
946719302,12.02,16180.00,4.05,84.34,0
946719322,12.00,16180.00,4.05,84.34,0
946719343,12.00,16160.00,4.05,84.34,0
946719363,11.99,16150.00,4.05,84.34,0
946719383,11.98,16130.00,4.05,84.34,0
946719402,11.97,16120.00,4.05,84.34,0
946719422,11.96,16130.00,4.05,84.34,0
946719442,11.95,16250.00,4.05,84.34,0
946719463,11.94,16280.00,4.05,84.34,0
946719483,11.93,16300.00,4.05,84.17,0
946719502,11.93,16300.00,4.05,84.17,0
946719522,11.91,16260.00,4.05,84.17,0
946719542,11.91,16280.00,4.05,84.17,0
946719563,11.90,16280.00,4.05,84.17,0
946719583,11.89,16260.00,4.05,84.17,0
946719603,11.88,16280.00,4.05,84.17,0
946719622,11.87,16260.00,4.05,84.17,0
946719642,11.86,16270.00,4.05,84.17,0
946719662,11.85,16180.00,4.05,84.17,0
946719683,11.83,15990.00,4.05,84.17,0
946719703,11.82,16030.00,4.05,84.17,0
946719723,11.80,15970.00,4.05,84.17,0
946719742,11.79,15990.00,4.05,84.17,0
946719762,11.78,15930.00,4.05,84.17,0
946719782,11.77,15880.00,4.05,84.17,0
946719803,11.75,15920.00,4.05,84.17,0
946719823,11.74,15980.00,4.05,84.17,0
946719843,11.73,15950.00,4.05,84.17,0
946719862,11.72,16250.00,4.05,84.17,0
946719882,11.72,16240.00,4.05,84.17,0
946719902,11.71,16230.00,4.05,84.17,0
946719923,11.70,16230.00,4.05,84.17,0
946719943,11.70,16230.00,4.05,84.17,0
946719962,11.69,16240.00,4.05,84.17,0
946719982,11.68,16240.00,4.05,84.17,0
946720002,11.67,16050.00,4.05,84.17,0
946720023,11.66,16230.00,4.05,84.17,0
946720043,11.65,16210.00,4.05,84.17,0
946720063,11.64,16190.00,4.05,84.17,0
946720082,11.63,16210.00,4.05,84.17,0
946720102,11.62,16200.00,4.05,84.17,0
946720122,11.62,16190.00,4.05,84.17,0
946720143,11.61,16180.00,4.05,84.17,0
946720163,11.60,16150.00,4.05,84.17,0
946720183,11.59,16140.00,4.05,84.17,0
946720202,11.57,16190.00,4.05,84.17,0
946720222,11.56,16160.00,4.05,84.17,0
946720242,11.56,16140.00,4.05,84.17,0
946720263,11.54,16040.00,4.05,84.17,0
946720283,11.53,16170.00,4.05,84.17,0
946720303,11.52,16170.00,4.05,84.17,0
946720322,11.52,16190.00,4.05,84.17,0
946720342,11.51,16210.00,4.05,84.17,0
946720362,11.50,16220.00,4.05,84.17,0
946720383,11.50,16200.00,4.05,84.17,0
946720403,11.48,16150.00,4.05,84.01,0
946720423,11.47,16150.00,4.05,84.01,0
946720442,11.46,16150.00,4.05,84.01,0
946720462,11.45,16140.00,4.05,84.01,0
946720482,11.44,16140.00,4.05,84.01,0
946720503,11.43,16150.00,4.05,84.01,0
946720523,11.42,16140.00,4.05,84.01,0
946720543,11.41,16140.00,4.05,84.01,0
946720562,11.40,16130.00,4.05,84.01,0
946720582,11.39,16140.00,4.05,84.01,0
946720602,11.38,16130.00,4.05,84.01,0
946720623,11.38,16140.00,4.05,84.01,0
946720643,11.37,16130.00,4.05,84.01,0
946720663,11.36,16120.00,4.05,84.01,0
946720682,11.36,16130.00,4.05,84.01,0
946720702,11.35,16140.00,4.05,84.01,0
946720722,11.34,16130.00,4.05,84.01,0
946720743,11.33,16130.00,4.05,84.01,0
946720763,11.32,16120.00,4.05,84.01,0
946720782,11.31,16110.00,4.05,84.01,0
946720802,11.31,16100.00,4.05,84.01,0
946720822,11.30,16100.00,4.05,84.01,0
946720842,11.29,16100.00,4.05,84.01,0
946720863,11.29,16090.00,4.05,84.01,0
946720883,11.28,16090.00,4.05,84.01,0
946720902,11.27,16110.00,4.05,84.01,0
946720922,11.26,16110.00,4.05,84.01,0
946720942,11.25,16090.00,4.05,84.01,0
946720963,11.25,16090.00,4.05,84.01,0
946720983,11.24,16080.00,4.05,84.01,0
946721003,11.23,16100.00,4.05,84.01,0
946721023,11.23,16090.00,4.05,84.01,0
946721042,11.22,16090.00,4.05,84.01,0
946721062,11.22,16080.00,4.05,84.01,0
946721082,11.21,16070.00,4.05,84.01,0
946721103,11.20,16070.00,4.05,84.01,0
946721123,11.20,16080.00,4.05,84.01,0
946721142,11.19,16060.00,4.05,84.01,0
946721162,11.19,16080.00,4.05,84.01,0
946721182,11.18,16070.00,4.05,84.01,0
946721203,11.17,16060.00,4.05,84.01,0
946721223,11.17,16060.00,4.05,84.01,0
946721243,11.16,16060.00,4.05,84.01,0
946721262,11.16,16040.00,4.05,84.01,0
946721282,11.15,16060.00,4.05,84.01,0
946721302,11.15,16050.00,4.05,83.85,0
946721323,11.14,16070.00,4.05,83.85,0
946721343,11.14,16050.00,4.05,83.85,0
946721363,11.13,16050.00,4.05,83.85,0
946721383,11.12,16060.00,4.05,83.85,0
946721402,11.12,16050.00,4.05,83.85,0
946721422,11.12,16060.00,4.05,83.85,0
946721442,11.11,16040.00,4.05,83.85,0
946721463,11.11,16050.00,4.05,83.85,0
946721483,11.10,16050.00,4.05,83.85,0
946721502,11.10,16040.00,4.05,83.85,0
946721522,11.10,16050.00,4.05,83.85,0
946721542,11.09,16030.00,4.05,83.85,0
946721563,11.09,16040.00,4.05,83.85,0
946721583,11.08,16040.00,4.05,83.85,0
946721603,11.08,16040.00,4.05,83.85,0
946721622,11.07,16030.00,4.05,83.85,0
946721642,11.07,16030.00,4.05,83.85,0
946721662,11.07,16030.00,4.05,83.85,0
946721683,11.06,16030.00,4.05,83.85,0
946721703,11.06,16030.00,4.05,83.85,0
946721723,11.06,16030.00,4.05,83.85,0
946721742,11.05,16030.00,4.05,83.85,0
946721762,11.05,16040.00,4.05,83.85,0
946721782,11.05,16020.00,4.05,83.85,0
946721803,11.04,16020.00,4.05,83.85,0
946721823,11.03,16020.00,4.05,83.85,0
946721843,11.03,16010.00,4.05,83.85,0
946721862,11.03,16010.00,4.05,83.85,0
946721882,11.02,16000.00,4.05,83.85,0
946721902,11.02,16010.00,4.05,83.85,0
946721923,11.02,16000.00,4.05,83.85,0
946721943,11.01,16000.00,4.05,83.85,0
946721963,11.01,16010.00,4.05,83.85,0
946721982,11.01,16010.00,4.05,83.85,0
946722002,11.00,15990.00,4.05,83.85,0
946722022,11.00,15980.00,4.05,83.85,0
946722043,11.00,15970.00,4.05,83.85,0
946722063,10.99,15950.00,4.05,83.85,0
946722083,10.99,15950.00,4.05,83.85,0
946722102,10.99,15940.00,4.05,83.85,0
946722122,10.98,15920.00,4.05,83.85,0
946722142,10.98,15930.00,4.05,83.68,0
946722163,10.97,15950.00,4.05,83.68,0
946722183,10.97,15920.00,4.05,83.68,0
946722202,10.97,15910.00,4.05,83.68,0
946722222,10.97,15930.00,4.05,83.68,0
946722242,10.96,15980.00,4.04,83.68,0
946722262,10.96,15990.00,4.04,83.68,0
946722283,10.96,16020.00,4.04,83.68,0
946722303,10.96,16000.00,4.04,83.68,0
946722322,10.96,16010.00,4.04,83.68,0
946722342,10.95,16020.00,4.04,83.68,0
946722362,10.95,16010.00,4.04,83.68,0
946722382,10.95,16010.00,4.04,83.68,0
946722403,10.95,16010.00,4.04,83.68,0
946722423,10.94,16020.00,4.04,83.68,0
946722443,10.94,16030.00,4.04,83.68,0
946722462,10.94,16020.00,4.04,83.68,0
946722482,10.94,16020.00,4.04,83.68,0
946722502,10.94,16010.00,4.04,83.68,0
946722523,10.94,16000.00,4.04,83.68,0
946722543,10.94,16000.00,4.04,83.68,0
946722562,10.93,16000.00,4.04,83.68,0
946722582,10.93,16000.00,4.04,83.68,0
946722602,10.93,15990.00,4.04,83.68,0
946722622,10.93,16030.00,4.04,83.68,0
946722643,10.93,16020.00,4.04,83.68,0
946722663,10.92,16010.00,4.04,83.68,0
946722682,10.92,16020.00,4.04,83.68,0
946722702,10.92,16010.00,4.04,83.68,0
946722722,10.92,16000.00,4.04,83.68,0
946722743,10.92,16010.00,4.04,83.68,0
946722763,10.91,16020.00,4.04,83.68,0
946722783,10.91,16000.00,4.04,83.68,0
946722802,10.91,15990.00,4.04,83.68,0
946722822,10.91,15970.00,4.04,83.68,0
946722842,10.90,16020.00,4.04,83.68,0
946722863,10.90,16030.00,4.04,83.68,0
946722883,10.90,16010.00,4.04,83.68,0
946722903,10.90,15990.00,4.04,83.68,0
946722922,10.90,15990.00,4.04,83.52,0
946722942,10.90,15990.00,4.04,83.52,0
946722962,10.90,15980.00,4.04,83.52,0
946722983,10.90,15970.00,4.04,83.52,0
946723003,10.89,15960.00,4.04,83.52,0
946723022,10.89,15950.00,4.04,83.52,0
946723042,10.89,15950.00,4.04,83.52,0
946723062,10.89,15970.00,4.04,83.52,0
946723082,10.89,15990.00,4.04,83.52,0
946723103,10.88,15980.00,4.04,83.52,0
946723123,10.88,16000.00,4.04,83.52,0
946723142,10.88,16010.00,4.04,83.52,0
946723162,10.89,16000.00,4.04,83.52,0
946723182,10.89,16000.00,4.04,83.52,0
946723203,10.88,16000.00,4.04,83.52,0
946723223,10.88,16000.00,4.04,83.52,0
946723243,10.88,16010.00,4.04,83.52,0
946723262,10.88,16010.00,4.04,83.52,0
946723282,10.88,16000.00,4.04,83.52,0
946723302,10.88,16000.00,4.04,83.52,0
946723323,10.88,16020.00,4.04,83.52,0
946723343,10.87,16010.00,4.04,83.52,0
946723363,10.87,16000.00,4.04,83.52,0
946723382,10.87,16030.00,4.04,83.52,0
946723402,10.87,16030.00,4.04,83.52,0
946723422,10.88,16020.00,4.04,83.52,0
946723442,10.87,16030.00,4.04,83.52,0
946723463,10.87,16010.00,4.04,83.52,0
946723483,10.87,16010.00,4.04,83.52,0
946723502,10.87,15990.00,4.04,83.52,0
946723522,10.86,16000.00,4.04,83.52,0
946723542,10.87,16010.00,4.04,83.52,0
946723563,10.86,16010.00,4.04,83.52,0
946723583,10.86,16010.00,4.04,83.52,0
946723603,10.86,16010.00,4.04,83.52,0
946723622,10.86,16030.00,4.04,83.52,0
946723642,10.86,16020.00,4.04,83.52,0
946723662,10.86,16020.00,4.04,83.36,0
946723683,10.86,16010.00,4.04,83.36,0
946723703,10.86,16010.00,4.04,83.36,0
946723723,10.86,16030.00,4.04,83.36,0
946723742,10.86,16040.00,4.04,83.36,0
946723762,10.86,16020.00,4.04,83.36,0
946723782,10.86,16010.00,4.04,83.36,0
946723802,10.86,16020.00,4.04,83.36,0
946723823,10.86,16020.00,4.04,83.36,0
946723843,10.85,16030.00,4.04,83.36,0
946723862,10.85,16020.00,4.04,83.36,0
946723882,10.85,16020.00,4.04,83.36,0
946723902,10.85,16010.00,4.04,83.36,0
946723923,10.85,16010.00,4.04,83.36,0
946723943,10.85,16010.00,4.04,83.36,0
946723963,10.85,16030.00,4.04,83.36,0
946723982,10.85,16010.00,4.04,83.36,0
946724002,10.85,16010.00,4.04,83.36,0
946724022,10.85,16020.00,4.04,83.36,0
946724043,10.85,16010.00,4.04,83.36,0
946724063,10.85,16030.00,4.04,83.36,0
946724083,10.85,16030.00,4.04,83.36,0
946724102,10.85,16030.00,4.04,83.36,0
946724122,10.85,16030.00,4.04,83.36,0
946724142,10.85,16020.00,4.04,83.36,0
946724163,10.85,16020.00,4.04,83.36,0
946724183,10.85,16020.00,4.04,83.36,0
946724202,10.85,16010.00,4.04,83.36,0
946724222,10.85,16020.00,4.04,83.36,0
946724242,10.85,16020.00,4.04,83.36,0
946724262,10.85,16020.00,4.04,83.36,0
946724283,10.85,16010.00,4.04,83.36,0
946724303,10.85,16020.00,4.04,83.36,0
946724322,10.85,16020.00,4.04,83.36,0
946724342,10.85,16020.00,4.04,83.36,0
946724362,10.85,16020.00,4.04,83.36,0
946724383,10.85,16020.00,4.04,83.36,0
946724403,10.85,16020.00,4.04,83.20,0
946724423,10.85,16010.00,4.04,83.20,0
946724443,10.85,16010.00,4.04,83.20,0
946724462,10.85,16000.00,4.04,83.20,0
946724482,10.84,15990.00,4.04,83.20,0
946724502,10.84,16000.00,4.04,83.20,0
946724523,10.84,16000.00,4.04,83.20,0
946724543,10.84,16010.00,4.04,83.20,0
946724562,10.84,16020.00,4.04,83.20,0
946724582,10.84,16020.00,4.04,83.20,0
946724602,10.84,16000.00,4.04,83.20,0
946724623,10.84,16010.00,4.04,83.20,0
946724643,10.84,16000.00,4.04,83.20,0
946724663,10.84,16010.00,4.04,83.20,0
946724682,10.84,16010.00,4.04,83.20,0
946724702,10.84,16010.00,4.04,83.20,0
946724722,10.84,16010.00,4.04,83.20,0
946724743,10.84,16000.00,4.04,83.20,0
946724763,10.84,16000.00,4.04,83.20,0
946724783,10.84,16000.00,4.04,83.20,0
946724802,10.84,16000.00,4.04,83.20,0
946724822,10.84,15990.00,4.04,83.20,0
946724842,10.83,15990.00,4.04,83.20,0
946724863,10.84,15990.00,4.04,83.20,0
946724883,10.84,16000.00,4.04,83.20,0
946724903,10.84,16000.00,4.04,83.20,0
946724922,10.84,16000.00,4.04,83.20,0
946724942,10.83,16000.00,4.04,83.20,0
946724962,10.83,16000.00,4.04,83.20,0
946724983,10.84,15990.00,4.04,83.20,0
946725003,10.83,15990.00,4.04,83.20,0
946725022,10.83,15990.00,4.04,83.20,0
946725042,10.83,16000.00,4.04,83.20,0
946725062,10.83,15990.00,4.04,83.20,0
946725082,10.83,16000.00,4.04,83.03,0
946725103,10.83,16000.00,4.04,83.03,0
946725123,10.83,16000.00,4.04,83.03,0
946725143,10.84,15990.00,4.04,83.03,0
946725162,10.83,16000.00,4.04,83.03,0
946725182,10.83,16010.00,4.04,83.03,0
946725202,10.83,16000.00,4.04,83.03,0
946725223,10.83,16000.00,4.04,83.03,0
946725243,10.83,16000.00,4.04,83.03,0
946725263,10.83,16000.00,4.04,83.03,0
946725282,10.83,16000.00,4.04,83.03,0
946725302,10.83,15990.00,4.04,83.03,0
946725322,10.83,16000.00,4.04,83.03,0
946725343,10.83,16000.00,4.04,83.03,0
946725363,10.83,16000.00,4.04,83.03,0
946725382,10.83,16000.00,4.04,83.03,0
946725402,10.83,16000.00,4.04,83.03,0
946725422,10.83,16020.00,4.04,83.03,0
946725443,10.83,16020.00,4.04,83.03,0
946725463,10.83,16020.00,4.04,83.03,0
946725483,10.83,16010.00,4.04,83.03,0
946725502,10.83,16000.00,4.04,83.03,0
946725522,10.83,16000.00,4.04,83.03,0
946725542,10.83,16010.00,4.04,83.03,0
946725563,10.83,16010.00,4.04,83.03,0
946725583,10.83,16020.00,4.04,83.03,0
946725603,10.83,16010.00,4.04,83.03,0
946725622,10.82,16010.00,4.04,83.03,0
946725642,10.83,16010.00,4.04,83.03,0
946725662,10.83,16010.00,4.04,83.03,0
946725683,10.83,16020.00,4.04,83.03,0
946725703,10.83,16020.00,4.04,83.03,0
946725723,10.83,16020.00,4.04,83.03,0
946725742,10.83,16020.00,4.04,82.87,0
946725762,10.83,16020.00,4.04,82.87,0
946725782,10.83,16020.00,4.04,82.87,0
946725803,10.82,16020.00,4.04,82.87,0
946725823,10.82,16020.00,4.04,82.87,0
946725842,10.83,16020.00,4.04,82.87,0
946725862,10.83,16020.00,4.04,82.87,0
946725882,10.83,16020.00,4.04,82.87,0
946725903,10.83,16030.00,4.04,82.87,0
946725923,10.83,16030.00,4.03,82.87,0
946725943,10.83,16040.00,4.04,82.87,0
946725962,10.83,16040.00,4.04,82.87,0
946725982,10.83,16040.00,4.03,82.87,0
946726002,10.83,16040.00,4.03,82.87,0
946726023,10.84,16040.00,4.03,82.87,0
946726043,10.83,16040.00,4.03,82.87,0
946726063,10.83,16040.00,4.03,82.87,0
946726082,10.83,16030.00,4.03,82.87,0
946726102,10.83,16030.00,4.03,82.87,0
946726122,10.82,16030.00,4.03,82.87,0
946726143,10.82,16020.00,4.03,82.87,0
946726163,10.83,16020.00,4.03,82.87,0
946726183,10.82,16020.00,4.03,82.87,0
946726202,10.82,16020.00,4.03,82.87,0
946726222,10.82,16020.00,4.03,82.87,0
946726242,10.82,16010.00,4.03,82.87,0
946726263,10.82,16010.00,4.03,82.87,0
946726283,10.82,16010.00,4.03,82.87,0
946726302,10.82,16010.00,4.03,82.87,0
946726322,10.82,16010.00,4.03,82.87,0
946726342,10.82,16000.00,4.03,82.87,0
946726363,10.82,16000.00,4.03,82.87,0
946726383,10.82,16000.00,4.03,82.70,0
946726403,10.82,16000.00,4.03,82.70,0
946726422,10.82,16000.00,4.03,82.70,0
946726442,10.82,16000.00,4.03,82.70,0
946726462,10.82,16000.00,4.03,82.70,0
946726483,10.82,15990.00,4.03,82.70,0
946726503,10.82,15990.00,4.03,82.70,0
946726523,10.82,15990.00,4.03,82.70,0
946726542,10.82,15990.00,4.03,82.70,0
946726562,10.82,15990.00,4.03,82.70,0
946726582,10.82,16000.00,4.03,82.70,0
946726603,10.82,16000.00,4.03,82.70,0
946726623,10.82,16000.00,4.03,82.70,0
946726643,10.82,16000.00,4.03,82.70,0
946726662,10.82,16000.00,4.03,82.70,0
946726682,10.82,16000.00,4.03,82.70,0
946726702,10.82,16000.00,4.03,82.70,0
946726723,10.82,15990.00,4.03,82.70,0
946726743,10.82,15990.00,4.03,82.70,0
946726762,10.82,15980.00,4.03,82.70,0
946726782,10.82,15980.00,4.03,82.70,0
946726802,10.82,15990.00,4.03,82.70,0
946726823,10.82,15980.00,4.03,82.70,0
946726843,10.82,15990.00,4.03,82.70,0
946726863,10.82,15990.00,4.03,82.70,0
946726883,10.82,15990.00,4.03,82.70,0
946726902,10.82,15990.00,4.03,82.70,0
946726922,10.82,15980.00,4.03,82.70,0
946726942,10.82,15980.00,4.03,82.70,0
946726963,10.82,15980.00,4.03,82.70,0
946726983,10.82,15980.00,4.03,82.54,0
946727002,10.82,15980.00,4.03,82.54,0
946727022,10.82,15990.00,4.03,82.54,0
946727042,10.82,15990.00,4.03,82.54,0
946727062,10.82,15990.00,4.03,82.54,0
946727083,10.82,15990.00,4.03,82.54,0
946727103,10.82,15990.00,4.03,82.54,0
946727123,10.82,15990.00,4.03,82.54,0
946727142,10.82,15990.00,4.03,82.54,0
946727162,10.82,15990.00,4.03,82.54,0
946727182,10.82,16000.00,4.03,82.54,0
946727203,10.82,16000.00,4.03,82.54,0
946727223,10.82,15990.00,4.03,82.54,0
946727243,10.82,15990.00,4.03,82.54,0
946727262,10.82,15990.00,4.03,82.54,0
946727282,10.82,15990.00,4.03,82.54,0
946727302,10.82,15990.00,4.03,82.54,0
946727323,10.82,15990.00,4.03,82.54,0
946727343,10.82,15990.00,4.03,82.54,0
946727362,10.81,15990.00,4.03,82.54,0
946727382,10.81,16000.00,4.03,82.54,0
946727402,10.81,15990.00,4.03,82.54,0
946727422,10.82,15990.00,4.03,82.54,0
946727443,10.81,15990.00,4.03,82.54,0
946727463,10.81,15990.00,4.03,82.54,0
946727483,10.81,15990.00,4.03,82.54,0
946727502,10.81,15990.00,4.03,82.54,0
946727522,10.81,15980.00,4.03,82.54,0
946727542,10.81,15990.00,4.03,82.54,0
946727563,10.81,16000.00,4.03,82.54,0
946727583,10.82,16000.00,4.03,82.38,0
946727603,10.82,16000.00,4.03,82.38,0
946727622,10.82,15990.00,4.03,82.38,0
946727642,10.82,16000.00,4.03,82.38,0
946727662,10.82,15990.00,4.03,82.38,0
946727683,10.82,16000.00,4.03,82.38,0
946727703,10.81,16000.00,4.03,82.38,0
946727722,10.81,16000.00,4.03,82.38,0
946727742,10.81,15990.00,4.03,82.38,0
946727762,10.81,15990.00,4.03,82.38,0
946727782,10.81,15990.00,4.03,82.38,0
946727803,10.81,15990.00,4.03,82.38,0
946727823,10.81,15990.00,4.03,82.38,0
946727842,10.81,15990.00,4.03,82.38,0
946727862,10.81,15990.00,4.03,82.38,0
946727882,10.81,16000.00,4.03,82.38,0
946727903,10.81,15990.00,4.03,82.38,0
946727923,10.81,16000.00,4.03,82.38,0
946727943,10.81,15990.00,4.03,82.38,0
946727962,10.81,15990.00,4.03,82.38,0
946727982,10.81,15990.00,4.03,82.38,0
946728002,10.81,15990.00,4.03,82.38,0
946728023,10.81,16000.00,4.03,82.38,0
946728043,10.81,16000.00,4.03,82.38,0
946728063,10.81,16000.00,4.03,82.38,0
946728082,10.81,16000.00,4.03,82.38,0
946728102,10.81,15990.00,4.03,82.38,0
946728122,10.81,16000.00,4.03,82.38,0
946728143,10.81,16000.00,4.03,82.38,0
946728163,10.81,16000.00,4.03,82.21,0
946728182,10.81,15990.00,4.03,82.21,0
946728202,10.81,15990.00,4.03,82.21,0
946728222,10.81,15990.00,4.03,82.21,0
946728243,10.81,15990.00,4.03,82.21,0
946728263,10.81,15980.00,4.03,82.21,0
946728283,10.81,15990.00,4.03,82.21,0
946728302,10.81,15990.00,4.03,82.21,0
946728322,10.81,15990.00,4.03,82.21,0
946728342,10.81,15980.00,4.03,82.21,0
946728363,10.81,15980.00,4.03,82.21,0
946728383,10.81,15980.00,4.03,82.21,0
946728403,10.81,15980.00,4.03,82.21,0
946728422,10.81,15990.00,4.03,82.21,0
946728442,10.81,15990.00,4.03,82.21,0
946728462,10.81,15990.00,4.03,82.21,0
946728483,10.81,15980.00,4.03,82.21,0
946728503,10.81,15980.00,4.03,82.21,0
946728523,10.80,15980.00,4.03,82.21,0
946728542,10.80,15980.00,4.03,82.21,0
946728562,10.80,15980.00,4.03,82.21,0
946728582,10.81,15990.00,4.03,82.21,0
946728603,10.80,15990.00,4.03,82.21,0
946728623,10.80,15980.00,4.03,82.21,0
946728642,10.80,15990.00,4.03,82.21,0
946728662,10.80,15980.00,4.03,82.21,0
946728682,10.81,15990.00,4.03,82.21,0
946728703,10.81,15990.00,4.03,82.21,0
946728723,10.81,15990.00,4.03,82.05,0
946728743,10.81,15980.00,4.03,82.05,0
946728762,10.81,15990.00,4.03,82.05,0
946728782,10.81,15990.00,4.03,82.05,0
946728802,10.81,15990.00,4.03,82.05,0
946728823,10.81,15990.00,4.03,82.05,0
946728843,10.81,15990.00,4.03,82.05,0
946728863,10.81,15990.00,4.03,82.05,0
946728882,10.81,15990.00,4.03,82.05,0
946728902,10.81,15990.00,4.03,82.05,0
946728922,10.80,15990.00,4.03,82.05,0
946728943,10.81,15980.00,4.03,82.05,0
946728963,10.81,15990.00,4.03,82.05,0
946728983,10.81,15990.00,4.03,82.05,0
946729002,10.81,15990.00,4.03,82.05,0
946729022,10.81,15990.00,4.03,82.05,0
946729042,10.81,15990.00,4.03,82.05,0
946729063,10.80,15990.00,4.03,82.05,0
946729083,10.80,15990.00,4.03,82.05,0
946729102,10.80,15990.00,4.03,82.05,0
946729122,10.80,15980.00,4.03,82.05,0
946729142,10.80,15980.00,4.03,82.05,0
946729163,10.80,15980.00,4.03,82.05,0
946729183,10.81,15980.00,4.03,82.05,0
946729203,10.81,15980.00,4.03,82.05,0
946729222,10.80,15980.00,4.03,82.05,0
946729242,10.80,15980.00,4.03,82.05,0
946729262,10.80,15980.00,4.03,81.89,0
946729283,10.80,15980.00,4.03,81.89,0
946729303,10.80,15980.00,4.03,81.89,0
946729323,10.80,15980.00,4.03,81.89,0
946729342,10.80,15980.00,4.03,81.89,0
946729362,10.80,15980.00,4.03,81.89,0
946729382,10.80,15980.00,4.03,81.89,0
946729403,10.80,15980.00,4.03,81.89,0
946729423,10.80,15970.00,4.03,81.89,0
946729443,10.80,15970.00,4.03,81.89,0
946729462,10.80,15970.00,4.03,81.89,0
946729482,10.80,15980.00,4.03,81.89,0
946729502,10.80,15980.00,4.03,81.89,0
946729523,10.80,15960.00,4.03,81.89,0
946729543,10.80,15960.00,4.03,81.89,0
946729562,10.80,15970.00,4.03,81.89,0
946729582,10.80,15960.00,4.03,81.89,0
946729602,10.80,15970.00,4.03,81.89,0
946729623,10.80,15960.00,4.03,81.89,0
946729643,10.80,15970.00,4.03,81.89,0
946729663,10.80,15960.00,4.02,81.89,0
946729682,10.80,15960.00,4.03,81.89,0
946729702,10.80,15970.00,4.02,81.89,0
946729722,10.80,15970.00,4.02,81.89,0
946729743,10.80,15970.00,4.02,81.89,0
946729763,10.80,15970.00,4.02,81.89,0
946729783,10.80,15970.00,4.02,81.89,0
946729802,10.80,15980.00,4.02,81.73,0
946729822,10.80,15980.00,4.02,81.73,0
946729842,10.80,15980.00,4.02,81.73,0
946729863,10.80,15980.00,4.02,81.73,0
946729883,10.80,15980.00,4.02,81.73,0
946729903,10.80,15980.00,4.02,81.73,0
946729922,10.80,15980.00,4.02,81.73,0
946729942,10.80,15980.00,4.02,81.73,0
946729962,10.80,15980.00,4.02,81.73,0
946729983,10.80,15980.00,4.02,81.73,0
946730003,10.80,15990.00,4.02,81.73,0
946730023,10.80,15990.00,4.02,81.73,0
946730042,10.80,15980.00,4.02,81.73,0
946730062,10.79,15980.00,4.02,81.73,0
946730082,10.80,15980.00,4.02,81.73,0
946730103,10.80,15990.00,4.02,81.73,0
946730123,10.80,15990.00,4.02,81.73,0
946730143,10.80,15990.00,4.02,81.73,0
946730162,10.80,15980.00,4.02,81.73,0
946730182,10.80,15990.00,4.02,81.73,0
946730202,10.80,15980.00,4.02,81.73,0
946730223,10.80,15980.00,4.02,81.73,0
946730243,10.80,15980.00,4.02,81.73,0
946730262,10.80,15970.00,4.02,81.73,0
946730282,10.80,15960.00,4.02,81.73,0
946730302,10.80,15960.00,4.02,81.56,0
946730322,10.80,15960.00,4.02,81.56,0
946730343,10.79,15960.00,4.02,81.56,0
946730363,10.79,15960.00,4.02,81.56,0
946730383,10.80,15960.00,4.02,81.56,0
946730402,10.80,15960.00,4.02,81.56,0
946730422,10.80,15970.00,4.02,81.56,0
946730442,10.80,15960.00,4.02,81.56,0
946730463,10.80,15960.00,4.02,81.56,0
946730483,10.80,15960.00,4.02,81.56,0
946730503,10.80,15950.00,4.02,81.56,0
946730522,10.79,15950.00,4.02,81.56,0
946730542,10.79,15950.00,4.02,81.56,0
946730562,10.80,15950.00,4.02,81.56,0
946730583,10.80,15950.00,4.02,81.56,0
946730603,10.80,15950.00,4.02,81.56,0
946730622,10.80,15940.00,4.02,81.56,0
946730642,10.80,15950.00,4.02,81.56,0
946730662,10.80,15950.00,4.02,81.56,0
946730682,10.79,15950.00,4.02,81.56,0
946730703,10.79,15960.00,4.02,81.56,0
946730723,10.79,15960.00,4.02,81.56,0
946730742,10.80,15950.00,4.02,81.56,0
946730762,10.80,15960.00,4.02,81.56,0
946730782,10.80,15960.00,4.02,81.56,0
946730803,10.80,15960.00,4.02,81.56,0
946730823,10.80,15960.00,4.02,81.40,0
946730843,10.80,15960.00,4.02,81.40,0
946730862,10.80,15960.00,4.02,81.40,0
946730882,10.80,15950.00,4.02,81.40,0
946730902,10.80,15950.00,4.02,81.40,0
946730922,10.79,15950.00,4.02,81.40,0
946730943,10.79,15960.00,4.02,81.40,0
946730963,10.79,15950.00,4.02,81.40,0
946730982,10.79,15950.00,4.02,81.40,0
946731002,10.79,15950.00,4.02,81.40,0
946731022,10.79,15950.00,4.02,81.40,0
946731042,10.79,15950.00,4.02,81.40,0
946731063,10.79,15950.00,4.02,81.40,0
946731083,10.79,15940.00,4.02,81.40,0
946731102,10.79,15960.00,4.02,81.40,0
946731122,10.79,15960.00,4.02,81.40,0
946731142,10.79,15960.00,4.02,81.40,0
946731162,10.79,15960.00,4.02,81.40,0
946731183,10.80,15960.00,4.02,81.40,0
946731203,10.80,15970.00,4.02,81.40,0
946731223,10.80,15970.00,4.02,81.40,0
946731242,10.80,15980.00,4.02,81.40,0
946731262,10.79,15980.00,4.02,81.40,0
946731282,10.79,15980.00,4.02,81.40,0
946731303,10.79,15980.00,4.02,81.40,0
946731323,10.79,15970.00,4.02,81.24,0
946731342,10.79,15980.00,4.02,81.24,0
946731362,10.80,15970.00,4.02,81.24,0
946731382,10.80,15970.00,4.02,81.24,0
946731402,10.79,15960.00,4.02,81.24,0
946731423,10.79,15960.00,4.02,81.24,0
946731443,10.79,15950.00,4.02,81.24,0
946731463,10.79,15960.00,4.02,81.24,0
946731482,10.79,15950.00,4.02,81.24,0
946731502,10.79,15950.00,4.02,81.24,0
946731522,10.79,15960.00,4.02,81.24,0
946731543,10.79,15950.00,4.02,81.24,0
946731563,10.79,15960.00,4.02,81.24,0
946731583,10.79,15960.00,4.02,81.24,0
946731602,10.80,15950.00,4.02,81.24,0
946731622,10.80,15950.00,4.02,81.24,0
946731642,10.80,15950.00,4.02,81.24,0
946731663,10.80,15950.00,4.02,81.24,0
946731683,10.80,15950.00,4.02,81.24,0
946731702,10.80,15940.00,4.02,81.24,0
946731722,10.80,15940.00,4.02,81.24,0
946731742,10.80,15930.00,4.02,81.24,0
946731763,10.80,15910.00,4.02,81.24,0
946731783,10.80,15880.00,4.02,81.24,0
946731803,10.80,15850.00,4.02,81.07,0
946731822,10.79,15830.00,4.02,81.07,0
946731842,10.79,15820.00,4.02,81.07,0
946731862,10.79,15820.00,4.02,81.07,0
946731883,10.79,15810.00,4.02,81.07,0
946731903,10.79,15810.00,4.02,81.07,0
946731923,10.78,15810.00,4.02,81.07,0
946731942,10.78,15820.00,4.02,81.07,0
946731962,10.78,15830.00,4.02,81.07,0
946731982,10.79,15690.00,4.02,81.07,0
946732003,10.78,15810.00,4.02,81.07,0
946732023,10.79,15840.00,4.02,81.07,0
946732043,10.78,15880.00,4.02,81.07,0
946732062,10.78,15870.00,4.02,81.07,0
946732082,10.78,15880.00,4.02,81.07,0
946732102,10.79,15920.00,4.02,81.07,0
946732123,10.79,15920.00,4.02,81.07,0
946732143,10.79,15860.00,4.02,81.07,0
946732162,10.79,15850.00,4.02,81.07,0
946732182,10.79,15780.00,4.02,81.07,0
946732202,10.79,15810.00,4.02,81.07,0
946732223,10.79,15810.00,4.02,81.07,0
946732243,10.79,15830.00,4.02,81.07,0
946732263,10.79,15860.00,4.02,81.07,0
946732282,10.79,15840.00,4.02,80.91,0
946732302,10.79,15860.00,4.02,80.91,0
946732322,10.79,15860.00,4.02,80.91,0
946732343,10.79,15800.00,4.02,80.91,0
946732363,10.79,15800.00,4.02,80.91,0
946732383,10.78,15810.00,4.02,80.91,0
946732402,10.79,15790.00,4.02,80.91,0
946732422,10.78,15800.00,4.02,80.91,0
946732442,10.78,15690.00,4.02,80.91,0
946732463,10.77,15620.00,4.02,80.91,0
946732483,10.77,15550.00,4.02,80.91,0
946732503,10.77,15480.00,4.02,80.91,0
946732522,10.76,15490.00,4.02,80.91,0
946732542,10.76,15480.00,4.02,80.91,0
946732562,10.77,16030.00,4.01,80.91,0
946732583,10.78,16030.00,4.01,80.91,0
946732603,10.78,16060.00,4.01,80.91,0
946732623,10.79,16060.00,4.01,80.91,0
946732642,10.79,16060.00,4.01,80.91,0
946732662,10.79,16050.00,4.01,80.91,0
946732682,10.80,16050.00,4.01,80.91,0
946732703,10.80,16060.00,4.01,80.91,0
946732723,10.80,16050.00,4.01,80.91,0
946732743,10.80,16050.00,4.01,80.91,0
946732762,10.80,16060.00,4.01,80.75,0
946732782,10.80,16050.00,4.01,80.75,0
946732802,10.81,16050.00,4.01,80.75,0
946732823,10.81,16060.00,4.01,80.75,0
946732843,10.81,16060.00,4.01,80.75,0
946732863,10.81,16060.00,4.01,80.75,0
946732882,10.81,16050.00,4.01,80.75,0
946732902,10.81,16050.00,4.01,80.75,0
946732922,10.81,16060.00,4.01,80.75,0
946732943,10.81,16050.00,4.01,80.75,0
946732963,10.81,16030.00,4.01,80.75,0
946732982,10.81,16050.00,4.01,80.75,0
946733002,10.81,16040.00,4.01,80.75,0
946733022,10.81,16050.00,4.01,80.75,0
946733043,10.81,16050.00,4.01,80.75,0
946733063,10.81,16050.00,4.01,80.75,0
946733083,10.81,16050.00,4.01,80.75,0
946733102,10.81,16060.00,4.01,80.75,0
946733122,10.81,16050.00,4.01,80.75,0
946733142,10.81,16060.00,4.01,80.75,0
946733163,10.81,16060.00,4.01,80.75,0
946733183,10.81,16060.00,4.01,80.75,0
946733203,10.81,16060.00,4.01,80.75,0
946733222,10.81,16060.00,4.01,80.59,0
946733242,10.81,16050.00,4.01,80.59,0
946733262,10.81,16050.00,4.01,80.59,0
946733283,10.81,16050.00,4.01,80.59,0
946733303,10.81,16050.00,4.01,80.59,0
946733322,10.81,16050.00,4.01,80.59,0
946733342,10.81,16050.00,4.01,80.59,0
946733362,10.81,16050.00,4.01,80.59,0
946733382,10.81,16050.00,4.01,80.59,0
946733403,10.82,16050.00,4.01,80.59,0
946733423,10.81,16050.00,4.01,80.59,0
946733443,10.81,16050.00,4.01,80.59,0
946733462,10.81,16050.00,4.01,80.59,0
946733482,10.81,16050.00,4.01,80.59,0
946733502,10.81,16040.00,4.01,80.59,0
946733523,10.81,16040.00,4.01,80.59,0
946733543,10.81,16040.00,4.01,80.59,0
946733563,10.81,16040.00,4.01,80.59,0
946733582,10.81,16040.00,4.01,80.59,0
946733602,10.81,16030.00,4.01,80.59,0
946733622,10.81,16030.00,4.01,80.59,0
946733643,10.81,16000.00,4.01,80.59,0
946733663,10.81,16000.00,4.01,80.42,0
946733682,10.81,15940.00,4.01,80.42,0
946733702,10.81,15960.00,4.01,80.42,0
946733722,10.81,15930.00,4.01,80.42,0
946733742,10.81,15950.00,4.01,80.42,0
946733763,10.80,15950.00,4.01,80.42,0
946733783,10.80,15970.00,4.01,80.42,0
946733802,10.80,15990.00,4.01,80.42,0
946733822,10.80,15980.00,4.01,80.42,0
946733842,10.80,15990.00,4.01,80.42,0
946733863,10.80,15970.00,4.01,80.42,0
946733883,10.80,15960.00,4.01,80.42,0
946733903,10.80,15980.00,4.01,80.42,0
946733922,10.80,15960.00,4.01,80.42,0
946733942,10.80,15970.00,4.01,80.42,0
946733962,10.80,15970.00,4.01,80.42,0
946733983,10.80,15970.00,4.01,80.42,0
946734003,10.81,15960.00,4.01,80.42,0
946734023,10.80,15970.00,4.01,80.42,0
946734042,10.80,15970.00,4.01,80.42,0
946734062,10.80,15970.00,4.01,80.42,0
946734082,10.80,15970.00,4.01,80.42,0
946734102,10.80,15960.00,4.01,80.42,0
946734123,10.80,15980.00,4.01,80.26,0
946734143,10.80,15980.00,4.01,80.26,0
946734162,10.80,15990.00,4.01,80.26,0
946734182,10.80,15990.00,4.01,80.26,0
946734202,10.80,15990.00,4.01,80.26,0
946734223,10.80,15990.00,4.01,80.26,0
946734243,10.80,15990.00,4.01,80.26,0
946734263,10.80,15990.00,4.01,80.26,0
946734282,10.81,15990.00,4.01,80.26,0
946734302,10.81,15990.00,4.01,80.26,0
946734322,10.81,15990.00,4.01,80.26,0
946734343,10.81,15990.00,4.01,80.26,0
946734363,10.81,15990.00,4.01,80.26,0
946734383,10.81,15990.00,4.01,80.26,0
946734402,10.80,16000.00,4.01,80.26,0
946734422,10.81,16000.00,4.01,80.26,0
946734442,10.81,16000.00,4.01,80.26,0
946734463,10.81,16010.00,4.01,80.26,0
946734483,10.81,16010.00,4.01,80.26,0
946734503,10.81,16010.00,4.01,80.26,0
946734523,10.81,16010.00,4.01,80.26,0
946734542,10.81,16020.00,4.01,80.09,0
946734562,10.80,16030.00,4.01,80.09,0
946734582,10.81,16030.00,4.01,80.09,0
946734603,10.81,16030.00,4.01,80.09,0
946734623,10.81,16030.00,4.01,80.09,0
946734642,10.81,16030.00,4.01,80.09,0
946734662,10.81,16030.00,4.01,80.09,0
946734682,10.80,16030.00,4.01,80.09,0
946734702,10.81,16020.00,4.01,80.09,0
946734723,10.81,16020.00,4.01,80.09,0
946734743,10.81,16010.00,4.01,80.09,0
946734762,10.80,16010.00,4.01,80.09,0
946734782,10.81,16010.00,4.01,80.09,0
946734802,10.81,16010.00,4.01,80.09,0
946734823,10.81,16010.00,4.01,80.09,0
946734843,10.81,16010.00,4.01,80.09,0
946734863,10.81,16010.00,4.01,80.09,0
946734882,10.81,16010.00,4.01,80.09,0
946734902,10.81,16010.00,4.01,80.09,0
946734922,10.81,16010.00,4.01,80.09,0
946734943,10.81,16010.00,4.01,80.09,0
946734963,10.81,16010.00,4.01,80.09,0
946734983,10.81,16000.00,4.01,79.93,0
946735002,10.81,16000.00,4.01,79.93,0
946735022,10.81,16000.00,4.01,79.93,0
946735042,10.81,16000.00,4.01,79.93,0
946735063,10.81,16010.00,4.01,79.93,0
946735083,10.81,16000.00,4.01,79.93,0
946735102,10.80,16000.00,4.01,79.93,0
946735122,10.80,16010.00,4.01,79.93,0
946735142,10.80,16010.00,4.01,79.93,0
946735162,10.81,16010.00,4.01,79.93,0
946735183,10.81,16010.00,4.01,79.93,0
946735203,10.81,16010.00,4.01,79.93,0
946735222,10.80,16010.00,4.01,79.93,0
946735242,10.81,16010.00,4.01,79.93,0
946735262,10.81,16000.00,4.01,79.93,0
946735282,10.81,16000.00,4.01,79.93,0
946735303,10.81,16010.00,4.01,79.93,0
946735323,10.80,16010.00,4.01,79.93,0
946735343,10.80,16010.00,4.01,79.93,0
946735362,10.81,16000.00,4.01,79.93,0
946735382,10.81,16000.00,4.01,79.93,0
946735402,10.81,16000.00,4.01,79.77,0
946735423,10.81,16010.00,4.01,79.77,0
946735443,10.81,16010.00,4.01,79.77,0
946735462,10.81,16020.00,4.01,79.77,0
946735482,10.81,16020.00,4.01,79.77,0
946735502,10.81,16020.00,4.01,79.77,0
946735522,10.81,16020.00,4.01,79.77,0
946735543,10.81,16020.00,4.01,79.77,0
946735563,10.81,16020.00,4.01,79.77,0
946735582,10.81,16020.00,4.01,79.77,0
946735602,10.81,16020.00,4.01,79.77,0
946735622,10.81,16020.00,4.00,79.77,0
946735643,10.81,16020.00,4.01,79.77,0
946735663,10.81,16020.00,4.00,79.77,0
946735683,10.81,16020.00,4.00,79.77,0
946735703,10.81,16020.00,4.00,79.77,0
946735722,10.81,16020.00,4.00,79.77,0
946735742,10.81,16010.00,4.00,79.77,0
946735762,10.81,16010.00,4.00,79.77,0
946735783,10.81,16010.00,4.00,79.77,0
946735803,10.81,16010.00,4.00,79.77,0
946735822,10.81,16010.00,4.00,79.77,0
946735842,10.81,16000.00,4.00,79.61,0
946735862,10.81,15990.00,4.00,79.61,0
946735882,10.81,16000.00,4.00,79.61,0
946735903,10.81,16000.00,4.00,79.61,0
946735923,10.81,16000.00,4.00,79.61,0
946735942,10.81,16010.00,4.00,79.61,0
946735962,10.81,16010.00,4.00,79.61,0
946735982,10.81,16010.00,4.00,79.61,0
946736003,10.81,16010.00,4.00,79.61,0
946736023,10.80,16020.00,4.00,79.61,0
946736043,10.80,16010.00,4.00,79.61,0
946736062,10.80,16010.00,4.00,79.61,0
946736082,10.80,16010.00,4.00,79.61,0
946736102,10.80,16010.00,4.00,79.61,0
946736123,10.81,16000.00,4.00,79.61,0
946736143,10.81,16000.00,4.00,79.61,0
946736163,10.81,16000.00,4.00,79.61,0
946736182,10.81,16000.00,4.00,79.61,0
946736202,10.81,16010.00,4.00,79.61,0
946736222,10.81,16010.00,4.00,79.61,0
946736243,10.81,16000.00,4.00,79.44,0
946736263,10.81,16000.00,4.00,79.44,0
946736282,10.81,16000.00,4.00,79.44,0
946736302,10.81,16010.00,4.00,79.44,0
946736322,10.81,16010.00,4.00,79.44,0
946736342,10.81,16010.00,4.00,79.44,0
946736363,10.81,16020.00,4.00,79.44,0
946736383,10.81,16010.00,4.00,79.44,0
946736402,10.81,16000.00,4.00,79.44,0
946736422,10.81,16000.00,4.00,79.44,0
946736442,10.81,15990.00,4.00,79.44,0
946736463,10.81,15990.00,4.00,79.44,0
946736483,10.81,15990.00,4.00,79.44,0
946736503,10.81,15980.00,4.00,79.44,0
946736522,10.81,15990.00,4.00,79.44,0
946736542,10.80,15980.00,4.00,79.44,0
946736562,10.80,16000.00,4.00,79.44,0
946736583,10.80,15990.00,4.00,79.44,0
946736603,10.80,15990.00,4.00,79.44,0
946736623,10.80,15980.00,4.00,79.44,0
946736642,10.80,16000.00,4.00,79.44,0
946736662,10.80,15980.00,4.00,79.28,0
946736682,10.81,16010.00,4.00,79.28,0
946736703,10.81,15990.00,4.00,79.28,0
946736723,10.81,15990.00,4.00,79.28,0
946736743,10.81,15990.00,4.00,79.28,0
946736762,10.81,16000.00,4.00,79.28,0
946736782,10.81,15990.00,4.00,79.28,0
946736802,10.81,16010.00,4.00,79.28,0
946736823,10.81,16000.00,4.00,79.28,0
946736843,10.81,15990.00,4.00,79.28,0
946736863,10.81,16020.00,4.00,79.28,0
946736882,10.81,16020.00,4.00,79.28,0
946736902,10.80,16020.00,4.00,79.28,0
946736922,10.80,16020.00,4.00,79.28,0
946736943,10.81,16040.00,4.00,79.28,0
946736963,10.81,16040.00,4.00,79.28,0
946736983,10.81,16040.00,4.00,79.28,0
946737002,10.81,16040.00,4.00,79.28,0
946737022,10.81,16040.00,4.00,79.28,0
946737042,10.81,16040.00,4.00,79.28,0
946737063,10.81,16040.00,4.00,79.12,0
946737083,10.81,16030.00,4.00,79.12,0
946737102,10.81,16040.00,4.00,79.12,0
946737122,10.80,16040.00,4.00,79.12,0
946737142,10.81,16030.00,4.00,79.12,0
946737163,10.81,16030.00,4.00,79.12,0
946737183,10.80,16040.00,4.00,79.12,0
946737203,10.81,16050.00,4.00,79.12,0
946737222,10.81,16030.00,4.00,79.12,0
946737242,10.81,16030.00,4.00,79.12,0
946737262,10.81,16030.00,4.00,79.12,0
946737282,10.81,15920.00,4.00,79.12,0
946737303,10.81,16000.00,4.00,79.12,0
946737323,10.81,16020.00,4.00,79.12,0
946737342,10.81,16030.00,4.00,79.12,0
946737362,10.81,16030.00,4.00,79.12,0
946737382,10.80,16040.00,4.00,79.12,0
946737402,10.81,16030.00,4.00,79.12,0
946737423,10.81,16030.00,4.00,79.12,0
946737443,10.81,16000.00,4.00,79.12,0
946737463,10.81,16030.00,4.00,78.95,0
946737482,10.81,16020.00,4.00,78.95,0
946737502,10.81,16020.00,4.00,78.95,0
946737522,10.81,16030.00,4.00,78.95,0
946737543,10.81,16020.00,4.00,78.95,0
946737563,10.81,16040.00,4.00,78.95,0
946737583,10.81,16040.00,4.00,78.95,0
946737602,10.81,16040.00,4.00,78.95,0
946737622,10.81,16050.00,4.00,78.95,0
946737642,10.81,16050.00,4.00,78.95,0
946737663,10.81,16050.00,4.00,78.95,0
946737683,10.81,16050.00,4.00,78.95,0
946737702,10.81,16040.00,4.00,78.95,0
946737722,10.81,16040.00,4.00,78.95,0
946737742,10.81,16050.00,4.00,78.95,0
946737762,10.81,16050.00,4.00,78.95,0
946737783,10.81,16050.00,4.00,78.95,0
946737803,10.81,16050.00,4.00,78.95,0
946737822,10.81,16050.00,4.00,78.95,0
946737842,10.81,16050.00,4.00,78.95,0
946737862,10.81,16050.00,4.00,78.79,0
946737883,10.81,16050.00,4.00,78.79,0
946737903,10.81,16050.00,4.00,78.79,0
946737923,10.81,16050.00,4.00,78.79,0
946737942,10.81,16050.00,4.00,78.79,0
946737962,10.81,16050.00,4.00,78.79,0
946737982,10.81,16040.00,4.00,78.79,0
946738003,10.81,16040.00,4.00,78.79,0
946738023,10.81,16040.00,4.00,78.79,0
946738043,10.81,16040.00,4.00,78.79,0
946738062,10.81,16040.00,4.00,78.79,0
946738082,10.81,16020.00,4.00,78.79,0
946738102,10.81,16010.00,4.00,78.79,0
946738123,10.81,16050.00,4.00,78.79,0
946738143,10.81,16050.00,4.00,78.79,0
946738162,10.81,16050.00,4.00,78.79,0
946738182,10.81,16050.00,3.99,78.79,0
946738202,10.81,16050.00,3.99,78.79,0
946738222,10.81,16050.00,3.99,78.79,0
946738243,10.81,16050.00,3.99,78.63,0
946738263,10.81,16050.00,3.99,78.63,0
946738282,10.81,16050.00,3.99,78.63,0
946738302,10.81,16050.00,3.99,78.63,0
946738322,10.81,16050.00,3.99,78.63,0
946738343,10.81,16050.00,3.99,78.63,0
946738363,10.81,16050.00,3.99,78.63,0
946738383,10.81,16050.00,3.99,78.63,0
946738402,10.81,16040.00,3.99,78.63,0
946738422,10.81,16050.00,3.99,78.63,0
946738442,10.81,16050.00,3.99,78.63,0
946738463,10.81,16060.00,3.99,78.63,0
946738483,10.81,16050.00,3.99,78.63,0
946738503,10.81,16050.00,3.99,78.63,0
946738522,10.81,16050.00,3.99,78.63,0
946738542,10.81,16060.00,3.99,78.63,0
946738562,10.81,16050.00,3.99,78.63,0
946738583,10.81,16050.00,3.99,78.63,0
946738603,10.81,16050.00,3.99,78.63,0
946738622,10.81,16050.00,3.99,78.63,0
946738642,10.81,16050.00,3.99,78.46,0
946738662,10.81,16050.00,3.99,78.46,0
946738682,10.81,16050.00,3.99,78.46,0
946738703,10.81,16050.00,3.99,78.46,0
946738723,10.81,16050.00,3.99,78.46,0
946738742,10.81,16050.00,3.99,78.46,0
946738762,10.81,16050.00,3.99,78.46,0
946738782,10.81,16050.00,3.99,78.46,0
946738803,10.81,16050.00,3.99,78.46,0
946738823,10.81,16050.00,3.99,78.46,0
946738843,10.81,16040.00,3.99,78.46,0
946738862,10.81,16040.00,3.99,78.46,0
946738882,10.81,16040.00,3.99,78.46,0
946738902,10.81,16040.00,3.99,78.46,0
946738923,10.81,16040.00,3.99,78.46,0
946738943,10.81,16040.00,3.99,78.46,0
946738963,10.81,16040.00,3.99,78.46,0
946738982,10.81,16040.00,3.99,78.46,0
946739002,10.81,16040.00,3.99,78.46,0
946739022,10.81,16040.00,3.99,78.30,0
946739042,10.81,16040.00,3.99,78.30,0
946739063,10.81,16050.00,3.99,78.30,0
946739083,10.81,16040.00,3.99,78.30,0
946739102,10.81,16040.00,3.99,78.30,0
946739122,10.81,16040.00,3.99,78.30,0
946739142,10.81,16040.00,3.99,78.30,0
946739163,10.81,16040.00,3.99,78.30,0
946739183,10.81,16040.00,3.99,78.30,0
946739203,10.80,16040.00,3.99,78.30,0
946739223,10.80,16040.00,3.99,78.30,0
946739242,10.80,16040.00,3.99,78.30,0
946739262,10.80,16040.00,3.99,78.30,0
946739282,10.80,16030.00,3.99,78.30,0
946739303,10.80,16030.00,3.99,78.30,0
946739323,10.80,16030.00,3.99,78.30,0
946739343,10.80,16030.00,3.99,78.30,0
946739362,10.80,16030.00,3.99,78.30,0
946739382,10.80,16030.00,3.99,78.30,0
946739402,10.80,16030.00,3.99,78.14,0
946739423,10.80,16030.00,3.99,78.14,0
946739443,10.80,16030.00,3.99,78.14,0
946739463,10.80,16030.00,3.99,78.14,0
946739482,10.80,16030.00,3.99,78.14,0
946739502,10.80,16030.00,3.99,78.14,0
946739522,10.80,16030.00,3.99,78.14,0
946739542,10.80,16030.00,3.99,78.14,0
946739563,10.80,16030.00,3.99,78.14,0
946739583,10.80,16020.00,3.99,78.14,0
946739602,10.80,16030.00,3.99,78.14,0
946739622,10.80,16030.00,3.99,78.14,0
946739642,10.80,16020.00,3.99,78.14,0
946739663,10.80,16030.00,3.99,78.14,0
946739683,10.80,16030.00,3.99,78.14,0
946739703,10.80,16030.00,3.99,78.14,0
946739722,10.80,16030.00,3.99,78.14,0
946739742,10.80,16020.00,3.99,78.14,0
946739762,10.80,16020.00,3.99,77.98,0
946739783,10.80,16020.00,3.99,77.98,0
946739803,10.80,16020.00,3.99,77.98,0
946739823,10.80,16020.00,3.99,77.98,0
946739842,10.80,16010.00,3.99,77.98,0
946739862,10.80,15990.00,3.99,77.98,0
946739882,10.80,15970.00,3.99,77.98,0
946739903,10.80,15970.00,3.99,77.98,0
946739923,10.80,15970.00,3.99,77.98,0
946739943,10.80,15970.00,3.99,77.98,0
946739962,10.80,15970.00,3.99,77.98,0
946739982,10.80,15970.00,3.99,77.98,0
946740002,10.80,15980.00,3.99,77.98,0
946740023,10.80,15980.00,3.99,77.98,0
946740043,10.79,15980.00,3.99,77.98,0
946740063,10.79,15980.00,3.99,77.98,0
946740082,10.79,15970.00,3.99,77.98,0
946740102,10.79,15980.00,3.99,77.98,0
946740122,10.79,15980.00,3.99,77.98,0
946740143,10.79,15980.00,3.99,77.81,0
946740163,10.80,15970.00,3.99,77.81,0
946740183,10.79,15970.00,3.99,77.81,0
946740202,10.80,15970.00,3.99,77.81,0
946740222,10.80,15970.00,3.99,77.81,0
946740242,10.80,16010.00,3.99,77.81,0
946740263,10.80,16020.00,3.99,77.81,0
946740283,10.80,16030.00,3.99,77.81,0
946740303,10.79,16020.00,3.99,77.81,0
946740322,10.80,16030.00,3.99,77.81,0
946740342,10.80,16040.00,3.99,77.81,0
946740362,10.80,16030.00,3.99,77.81,0
946740383,10.80,16030.00,3.99,77.81,0
946740403,10.80,16040.00,3.99,77.81,0
946740423,10.80,16050.00,3.99,77.81,0
946740442,10.80,16050.00,3.99,77.81,0
946740462,10.80,16040.00,3.99,77.81,0
946740482,10.80,16050.00,3.99,77.81,0
946740503,10.80,16040.00,3.99,77.65,0
946740523,10.80,16040.00,3.99,77.65,0
946740543,10.80,16040.00,3.99,77.65,0
946740562,10.80,16030.00,3.99,77.65,0
946740582,10.80,16040.00,3.99,77.65,0
946740602,10.80,16040.00,3.99,77.65,0
946740623,10.80,16050.00,3.99,77.65,0
946740643,10.80,16040.00,3.99,77.65,0
946740662,10.80,16040.00,3.99,77.65,0
946740682,10.80,16040.00,3.99,77.65,0
946740702,10.80,16040.00,3.99,77.65,0
946740722,10.80,16020.00,3.98,77.65,0
946740743,10.80,16030.00,3.98,77.65,0
946740763,10.80,16030.00,3.98,77.65,0
946740782,10.80,16020.00,3.98,77.65,0
946740802,10.80,15980.00,3.98,77.65,0
946740822,10.80,15960.00,3.98,77.65,0
946740843,10.80,15980.00,3.98,77.65,0
946740863,10.79,15980.00,3.98,77.65,0
946740883,10.79,15980.00,3.98,77.48,0
946740902,10.79,15970.00,3.98,77.48,0
946740922,10.79,15970.00,3.98,77.48,0
946740942,10.79,16000.00,3.98,77.48,0
946740963,10.79,16000.00,3.98,77.48,0
946740983,10.79,15980.00,3.98,77.48,0
946741003,10.79,15990.00,3.98,77.48,0
946741022,10.79,16010.00,3.98,77.48,0
946741042,10.79,16000.00,3.98,77.48,0
946741062,10.79,16010.00,3.98,77.48,0
946741083,10.79,16000.00,3.98,77.48,0
946741103,10.79,16000.00,3.98,77.48,0
946741123,10.79,16010.00,3.98,77.48,0
946741142,10.79,16000.00,3.98,77.48,0
946741162,10.79,16000.00,3.98,77.48,0
946741182,10.79,16000.00,3.98,77.48,0
946741203,10.79,16000.00,3.98,77.48,0
946741223,10.79,16000.00,3.98,77.48,0
946741243,10.79,15990.00,3.98,77.32,0
946741262,10.79,15990.00,3.98,77.32,0
946741282,10.79,16000.00,3.98,77.32,0
946741302,10.79,16000.00,3.98,77.32,0
946741323,10.79,16000.00,3.98,77.32,0
946741343,10.79,16000.00,3.98,77.32,0
946741363,10.79,16000.00,3.98,77.32,0
946741382,10.79,16000.00,3.98,77.32,0
946741402,10.79,16000.00,3.98,77.32,0
946741422,10.79,16000.00,3.98,77.32,0
946741443,10.79,16000.00,3.98,77.32,0
946741463,10.79,16000.00,3.98,77.32,0
946741482,10.79,16010.00,3.98,77.32,0
946741502,10.79,16000.00,3.98,77.32,0
946741522,10.79,16000.00,3.98,77.32,0
946741542,10.79,16000.00,3.98,77.32,0
946741563,10.79,16000.00,3.98,77.32,0
946741583,10.79,16010.00,3.98,77.32,0
946741602,10.79,16010.00,3.98,77.16,0
946741622,10.79,16010.00,3.98,77.16,0
946741642,10.79,16010.00,3.98,77.16,0
946741663,10.79,16010.00,3.98,77.16,0
946741683,10.79,16010.00,3.98,77.16,0
946741703,10.79,16010.00,3.98,77.16,0
946741722,10.79,16010.00,3.98,77.16,0
946741742,10.79,16010.00,3.98,77.16,0
946741762,10.79,16020.00,3.98,77.16,0
946741783,10.79,16010.00,3.98,77.16,0
946741803,10.79,16010.00,3.98,77.16,0
946741823,10.80,16010.00,3.98,77.16,0
946741842,10.80,16010.00,3.98,77.16,0
946741862,10.80,16020.00,3.98,77.16,0
946741882,10.80,16020.00,3.98,77.16,0
946741903,10.80,16020.00,3.98,77.16,0
946741923,10.80,16020.00,3.98,77.16,0
946741942,10.80,16020.00,3.98,77.00,0
946741962,10.79,16010.00,3.98,77.00,0
946741982,10.79,16010.00,3.98,77.00,0
946742002,10.80,16010.00,3.98,77.00,0
946742023,10.80,16010.00,3.98,77.00,0
946742043,10.80,16010.00,3.98,77.00,0
946742062,10.80,16010.00,3.98,77.00,0
946742082,10.80,16010.00,3.98,77.00,0
946742102,10.80,16000.00,3.98,77.00,0
946742122,10.79,16000.00,3.98,77.00,0
946742143,10.79,16000.00,3.98,77.00,0
946742163,10.79,16000.00,3.98,77.00,0
946742183,10.79,16000.00,3.98,77.00,0
946742202,10.79,15990.00,3.98,77.00,0
946742222,10.79,15970.00,3.98,77.00,0
946742242,10.80,15970.00,3.98,77.00,0
946742263,10.80,15970.00,3.98,77.00,0
946742283,10.80,15980.00,3.98,77.00,0
946742302,10.79,15980.00,3.98,76.83,0
946742322,10.79,15980.00,3.98,76.83,0
946742342,10.79,15980.00,3.98,76.83,0
946742362,10.79,15990.00,3.98,76.83,0
946742383,10.79,15990.00,3.98,76.83,0
946742403,10.79,15990.00,3.98,76.83,0
946742422,10.79,15990.00,3.98,76.83,0
946742442,10.79,15980.00,3.98,76.83,0
946742462,10.79,15980.00,3.98,76.83,0
946742483,10.79,15980.00,3.98,76.83,0
946742503,10.79,15980.00,3.98,76.83,0
946742523,10.79,15980.00,3.98,76.83,0
946742542,10.79,15980.00,3.98,76.83,0
946742562,10.79,15980.00,3.98,76.83,0
946742582,10.79,15990.00,3.98,76.83,0
946742603,10.79,15980.00,3.98,76.83,0
946742623,10.79,15980.00,3.98,76.83,0
946742643,10.79,15980.00,3.98,76.83,0
946742662,10.79,15980.00,3.98,76.67,0
946742682,10.79,15990.00,3.98,76.67,0
946742702,10.79,15980.00,3.98,76.67,0
946742723,10.79,15970.00,3.98,76.67,0
946742743,10.79,15980.00,3.98,76.67,0
946742762,10.79,15980.00,3.98,76.67,0
946742782,10.79,15980.00,3.98,76.67,0
946742802,10.79,15980.00,3.98,76.67,0
946742822,10.79,15980.00,3.98,76.67,0
946742843,10.79,15970.00,3.98,76.67,0
946742863,10.79,15970.00,3.98,76.67,0
946742882,10.79,15970.00,3.98,76.67,0
946742902,10.79,15970.00,3.98,76.67,0
946742922,10.79,15970.00,3.98,76.67,0
946742943,10.78,15970.00,3.98,76.67,0
946742963,10.78,15960.00,3.98,76.67,0
946742983,10.78,15950.00,3.98,76.67,0
946743002,10.78,15940.00,3.98,76.51,0
946743022,10.79,15990.00,3.98,76.51,0
946743042,10.79,15990.00,3.98,76.51,0
946743063,10.79,15990.00,3.98,76.51,0
946743083,10.79,16000.00,3.98,76.51,0
946743103,10.79,16000.00,3.98,76.51,0
946743122,10.79,15990.00,3.98,76.51,0
946743142,10.79,15990.00,3.98,76.51,0
946743162,10.79,15990.00,3.98,76.51,0
946743183,10.79,15990.00,3.97,76.51,0
946743203,10.79,15990.00,3.98,76.51,0
946743223,10.79,15980.00,3.97,76.51,0
946743242,10.79,15990.00,3.97,76.51,0
946743262,10.79,15990.00,3.97,76.51,0
946743282,10.79,15980.00,3.97,76.51,0
946743303,10.80,15980.00,3.97,76.51,0
946743323,10.79,15980.00,3.97,76.51,0
946743342,10.79,15980.00,3.97,76.34,0
946743362,10.79,15960.00,3.97,76.34,0
946743382,10.79,15990.00,3.97,76.34,0
946743403,10.79,15980.00,3.97,76.34,0
946743423,10.79,15980.00,3.97,76.34,0
946743443,10.79,15980.00,3.97,76.34,0
946743462,10.79,16000.00,3.97,76.34,0
946743482,10.79,16000.00,3.97,76.34,0
946743502,10.79,16000.00,3.97,76.34,0
946743523,10.79,15990.00,3.97,76.34,0
946743543,10.79,15980.00,3.97,76.34,0
946743563,10.80,15980.00,3.97,76.34,0
946743582,10.79,15980.00,3.97,76.34,0
946743602,10.79,15980.00,3.97,76.34,0
946743622,10.79,15990.00,3.97,76.34,0
946743643,10.79,16000.00,3.97,76.34,0
946743663,10.79,15990.00,3.97,76.34,0
946743682,10.79,15990.00,3.97,76.18,0
946743702,10.80,15990.00,3.97,76.18,0
946743722,10.80,16000.00,3.97,76.18,0
946743742,10.80,15990.00,3.97,76.18,0
946743763,10.80,15990.00,3.97,76.18,0
946743783,10.79,15980.00,3.97,76.18,0
946743802,10.79,15990.00,3.97,76.18,0
946743822,10.79,15990.00,3.97,76.18,0
946743842,10.79,16000.00,3.97,76.18,0
946743863,10.79,16000.00,3.97,76.18,0
946743883,10.79,16000.00,3.97,76.18,0
946743903,10.79,16000.00,3.97,76.18,0
946743922,10.79,15980.00,3.97,76.18,0
946743942,10.79,15990.00,3.97,76.18,0
946743962,10.79,16000.00,3.97,76.18,0
946743982,10.79,16010.00,3.97,76.18,0
946744003,10.79,15990.00,3.97,76.18,0
946744023,10.79,16000.00,3.97,76.02,0
946744042,10.79,15990.00,3.97,76.02,0
946744062,10.79,15990.00,3.97,76.02,0
946744082,10.79,15990.00,3.97,76.02,0
946744102,10.79,16010.00,3.97,76.02,0
946744123,10.79,15990.00,3.97,76.02,0
946744143,10.79,16010.00,3.97,76.02,0
946744162,10.79,15990.00,3.97,76.02,0
946744182,10.79,15990.00,3.97,76.02,0
946744202,10.79,15980.00,3.97,76.02,0
946744222,10.79,15990.00,3.97,76.02,0
946744242,10.79,15990.00,3.97,76.02,0
946744263,10.79,15990.00,3.97,76.02,0
946744283,10.79,15990.00,3.97,76.02,0
946744302,10.79,15990.00,3.97,76.02,0
946744322,10.79,15990.00,3.97,76.02,0
946744342,10.79,15990.00,3.97,76.02,0
946744362,10.79,15990.00,3.97,75.86,0
946744383,10.79,15990.00,3.97,75.86,0
946744403,10.80,15980.00,3.97,75.86,0
946744423,10.80,15980.00,3.97,75.86,0
946744443,10.79,15990.00,3.97,75.86,0
946744462,10.79,15970.00,3.97,75.86,0
946744482,10.79,15970.00,3.97,75.86,0
946744502,10.79,15970.00,3.97,75.86,0
946744523,10.79,15970.00,3.97,75.86,0
946744543,10.79,15970.00,3.97,75.86,0
946744562,10.79,15970.00,3.97,75.86,0
946744582,10.79,15960.00,3.97,75.86,0
946744602,10.79,15970.00,3.97,75.86,0
946744622,10.79,15960.00,3.97,75.86,0
946744643,10.79,15950.00,3.97,75.86,0
946744663,10.79,15960.00,3.97,75.86,0
946744683,10.79,15950.00,3.97,75.86,0
946744702,10.79,15970.00,3.97,75.69,0
946744722,10.79,15960.00,3.97,75.69,0
946744742,10.79,15970.00,3.97,75.69,0
946744763,10.80,15970.00,3.97,75.69,0
946744783,10.80,15960.00,3.97,75.69,0
946744803,10.80,15970.00,3.97,75.69,0
946744822,10.80,15970.00,3.97,75.69,0
946744842,10.80,15970.00,3.97,75.69,0
946744862,10.80,15970.00,3.97,75.69,0
946744883,10.80,15970.00,3.97,75.69,0
946744903,10.80,15960.00,3.97,75.69,0
946744922,10.79,15960.00,3.97,75.69,0
946744942,10.80,15960.00,3.97,75.69,0
946744962,10.79,15970.00,3.97,75.69,0
946744983,10.79,15960.00,3.97,75.69,0
946745003,10.79,15950.00,3.97,75.69,0
946745023,10.79,15940.00,3.97,75.69,0
946745042,10.79,15960.00,3.97,75.53,0
946745062,10.79,15970.00,3.97,75.53,0
946745082,10.79,15950.00,3.97,75.53,0
946745103,10.79,15960.00,3.97,75.53,0
946745123,10.79,15940.00,3.97,75.53,0
946745143,10.79,15960.00,3.97,75.53,0
946745162,10.79,15960.00,3.97,75.53,0
946745182,10.79,15980.00,3.97,75.53,0
946745202,10.79,15950.00,3.97,75.53,0
946745223,10.79,15960.00,3.97,75.53,0
946745243,10.79,15910.00,3.97,75.53,0
946745263,10.79,15940.00,3.97,75.53,0
946745282,10.79,15900.00,3.97,75.53,0
946745302,10.79,15900.00,3.97,75.53,0
946745322,10.79,15930.00,3.97,75.53,0
946745343,10.79,15920.00,3.97,75.53,0
946745363,10.79,15950.00,3.97,75.37,0
946745382,10.79,15930.00,3.97,75.37,0
946745402,10.79,15970.00,3.97,75.37,0
946745422,10.79,15960.00,3.97,75.37,0
946745443,10.79,15960.00,3.97,75.37,0
946745463,10.79,15970.00,3.97,75.37,0
946745483,10.79,15960.00,3.97,75.37,0
946745502,10.79,15980.00,3.97,75.37,0
946745522,10.80,15930.00,3.97,75.37,0
946745542,10.80,15950.00,3.96,75.37,0
946745562,10.80,15940.00,3.96,75.37,0
946745583,10.80,15910.00,3.96,75.37,0
946745603,10.80,15930.00,3.96,75.37,0
946745623,10.80,15920.00,3.96,75.37,0
946745642,10.80,15950.00,3.96,75.37,0
946745662,10.80,15980.00,3.96,75.37,0
946745682,10.79,15970.00,3.96,75.20,0
946745703,10.80,15990.00,3.96,75.20,0
946745723,10.80,15970.00,3.96,75.20,0
946745743,10.79,15980.00,3.96,75.20,0
946745762,10.80,15990.00,3.96,75.20,0
946745782,10.79,15990.00,3.96,75.20,0
946745802,10.79,15970.00,3.96,75.20,0
946745823,10.79,15990.00,3.96,75.20,0
946745843,10.80,15990.00,3.96,75.20,0
946745863,10.80,15990.00,3.96,75.20,0
946745882,10.80,15980.00,3.96,75.20,0
946745902,10.80,15980.00,3.96,75.20,0
946745922,10.80,15980.00,3.96,75.20,0
946745942,10.80,15980.00,3.96,75.20,0
946745963,10.79,15950.00,3.96,75.20,0
946745983,10.79,15960.00,3.96,75.20,0
946746003,10.79,15960.00,3.96,75.20,0
946746022,10.80,15970.00,3.96,75.04,0
946746042,10.80,15980.00,3.96,75.04,0
946746062,10.80,15960.00,3.96,75.04,0
946746083,10.80,15960.00,3.96,75.04,0
946746103,10.80,15970.00,3.96,75.04,0
946746123,10.80,15990.00,3.96,75.04,0
946746142,10.80,15960.00,3.96,75.04,0
946746162,10.80,15970.00,3.96,75.04,0
946746182,10.80,15960.00,3.96,75.04,0
946746203,10.80,15960.00,3.96,75.04,0
946746223,10.80,15960.00,3.96,75.04,0
946746242,10.80,15950.00,3.96,75.04,0
946746262,10.80,15960.00,3.96,75.04,0
946746282,10.79,15950.00,3.96,75.04,0
946746302,10.80,15960.00,3.96,75.04,0
946746323,10.79,15960.00,3.96,75.04,0
946746343,10.79,15960.00,3.96,74.88,0
946746362,10.79,15970.00,3.96,74.88,0
946746382,10.79,15960.00,3.96,74.88,0
946746402,10.80,15960.00,3.96,74.88,0
946746423,10.80,15980.00,3.96,74.88,0
946746443,10.80,15970.00,3.96,74.88,0
946746463,10.80,15980.00,3.96,74.88,0
946746482,10.80,15970.00,3.96,74.88,0
946746502,10.80,15980.00,3.96,74.88,0
946746522,10.80,15980.00,3.96,74.88,0
946746543,10.80,15970.00,3.96,74.88,0
946746563,10.80,15980.00,3.96,74.88,0
946746583,10.80,15990.00,3.96,74.88,0
946746602,10.80,15970.00,3.96,74.88,0
946746622,10.80,15980.00,3.96,74.88,0
946746642,10.80,15980.00,3.96,74.88,0
946746663,10.80,15970.00,3.96,74.71,0
946746683,10.79,15970.00,3.96,74.71,0
946746702,10.79,15990.00,3.96,74.71,0
946746722,10.79,15950.00,3.96,74.71,0
946746742,10.79,15960.00,3.96,74.71,0
946746762,10.79,15980.00,3.96,74.71,0
946746783,10.80,16000.00,3.96,74.71,0
946746803,10.80,16000.00,3.96,74.71,0
946746822,10.80,15990.00,3.96,74.71,0
946746842,10.80,16010.00,3.96,74.71,0
946746862,10.79,15970.00,3.96,74.71,0
946746883,10.79,15990.00,3.96,74.71,0
946746903,10.79,16010.00,3.96,74.71,0
946746923,10.79,15970.00,3.96,74.71,0
946746942,10.79,15960.00,3.96,74.71,0
946746962,10.79,16020.00,3.96,74.71,0
946746982,10.80,15990.00,3.96,74.55,0
946747003,10.80,16000.00,3.96,74.55,0
946747023,10.80,15980.00,3.96,74.55,0
946747043,10.80,15970.00,3.96,74.55,0
946747062,10.80,15960.00,3.96,74.55,0
946747082,10.80,15920.00,3.96,74.55,0
946747102,10.79,15970.00,3.96,74.55,0
946747123,10.79,15980.00,3.96,74.55,0
946747143,10.79,15940.00,3.96,74.55,0
946747162,10.79,15930.00,3.96,74.55,0
946747182,10.79,15920.00,3.96,74.55,0
946747202,10.79,15970.00,3.96,74.55,0
946747222,10.80,15950.00,3.96,74.55,0
946747243,10.80,15940.00,3.96,74.55,0
946747263,10.80,15920.00,3.96,74.55,0
946747282,10.80,15930.00,3.96,74.55,0
946747302,10.80,15940.00,3.96,74.38,0
946747322,10.80,15910.00,3.96,74.38,0
946747343,10.80,15940.00,3.96,74.38,0
946747363,10.80,15950.00,3.96,74.38,0
946747383,10.79,15930.00,3.96,74.38,0
946747402,10.79,15930.00,3.96,74.38,0
946747422,10.79,15960.00,3.96,74.38,0
946747442,10.79,15980.00,3.96,74.38,0
946747463,10.79,15930.00,3.96,74.38,0
946747483,10.79,15960.00,3.96,74.38,0
946747503,10.79,15940.00,3.96,74.38,0
946747522,10.79,15950.00,3.96,74.38,0
946747542,10.79,15940.00,3.96,74.38,0
946747562,10.79,15960.00,3.96,74.38,0
946747583,10.79,15960.00,3.96,74.38,0
946747603,10.79,15980.00,3.96,74.22,0
946747622,10.79,15970.00,3.96,74.22,0
946747642,10.79,15980.00,3.96,74.22,0
946747662,10.79,15920.00,3.96,74.22,0
946747682,10.79,15960.00,3.96,74.22,0
946747703,10.79,15960.00,3.96,74.22,0
946747723,10.79,15970.00,3.96,74.22,0
946747742,10.79,15940.00,3.96,74.22,0
946747762,10.79,15950.00,3.96,74.22,0
946747782,10.80,15950.00,3.96,74.22,0
946747803,10.79,15940.00,3.95,74.22,0
946747823,10.80,15920.00,3.95,74.22,0
946747843,10.80,15920.00,3.95,74.22,0
946747862,10.79,15940.00,3.95,74.22,0
946747882,10.79,15930.00,3.95,74.22,0
946747902,10.79,15920.00,3.95,74.22,0
946747923,10.79,15930.00,3.95,74.05,0
946747943,10.79,15950.00,3.95,74.05,0
946747963,10.79,15920.00,3.95,74.05,0
946747982,10.79,15890.00,3.95,74.05,0
946748002,10.79,15910.00,3.95,74.05,0
946748022,10.78,15890.00,3.95,74.05,0
946748042,10.78,15860.00,3.95,74.05,0
946748063,10.78,15850.00,3.95,74.05,0
946748083,10.78,15890.00,3.95,74.05,0
946748102,10.78,15860.00,3.95,74.05,0
946748122,10.78,15900.00,3.95,74.05,0
946748142,10.78,15900.00,3.95,74.05,0
946748163,10.78,15900.00,3.95,74.05,0
946748183,10.78,15900.00,3.95,74.05,0
946748203,10.78,15860.00,3.95,74.05,0
946748222,10.78,15810.00,3.95,73.89,0
946748242,10.78,15870.00,3.95,73.89,0
946748262,10.78,15830.00,3.95,73.89,0
946748283,10.78,15840.00,3.95,73.89,0
946748303,10.78,15860.00,3.95,73.89,0
946748323,10.79,15940.00,3.95,73.89,0
946748342,10.79,15930.00,3.95,73.89,0
946748362,10.79,15940.00,3.95,73.89,0
946748382,10.79,15940.00,3.95,73.89,0
946748403,10.79,15920.00,3.95,73.89,0
946748423,10.79,15900.00,3.95,73.89,0
946748442,10.79,15910.00,3.95,73.89,0
946748462,10.79,15940.00,3.95,73.89,0
946748482,10.79,15950.00,3.95,73.89,0
946748502,10.79,15910.00,3.95,73.89,0
946748523,10.79,15910.00,3.95,73.89,0
946748543,10.79,15890.00,3.95,73.73,0
946748562,10.79,15940.00,3.95,73.73,0
946748582,10.79,15910.00,3.95,73.73,0
946748602,10.79,15910.00,3.95,73.73,0
946748622,10.79,15910.00,3.95,73.73,0
946748642,10.79,15940.00,3.95,73.73,0
946748663,10.79,15880.00,3.95,73.73,0
946748683,10.79,15920.00,3.95,73.73,0
946748702,10.79,15920.00,3.95,73.73,0
946748722,10.79,15950.00,3.95,73.73,0
946748742,10.79,15920.00,3.95,73.73,0
946748762,10.79,15920.00,3.95,73.73,0
946748783,10.79,15930.00,3.95,73.73,0
946748803,10.79,15930.00,3.95,73.73,0
946748822,10.79,15910.00,3.95,73.73,0
946748842,10.79,15910.00,3.95,73.56,0
946748862,10.79,15910.00,3.95,73.56,0
946748883,10.79,15930.00,3.95,73.56,0
946748903,10.79,15930.00,3.95,73.56,0
946748923,10.79,15920.00,3.95,73.56,0
946748942,10.79,15920.00,3.95,73.56,0
946748962,10.79,15930.00,3.95,73.56,0
946748982,10.79,15910.00,3.95,73.56,0
946749003,10.79,15910.00,3.95,73.56,0
946749023,10.79,15930.00,3.95,73.56,0
946749043,10.79,15920.00,3.95,73.56,0
946749062,10.79,15900.00,3.95,73.56,0
946749082,10.79,15910.00,3.95,73.56,0
946749102,10.79,15900.00,3.95,73.56,0
946749123,10.79,15920.00,3.95,73.56,0
946749143,10.79,15920.00,3.95,73.56,0
946749162,10.79,15920.00,3.95,73.40,0
946749182,10.79,15910.00,3.95,73.40,0
946749202,10.79,15920.00,3.95,73.40,0
946749223,10.79,15920.00,3.95,73.40,0
946749243,10.79,15920.00,3.95,73.40,0
946749263,10.79,15920.00,3.95,73.40,0
946749282,10.79,15930.00,3.95,73.40,0
946749302,10.79,15920.00,3.95,73.40,0
946749322,10.79,15930.00,3.95,73.40,0
946749343,10.79,15910.00,3.95,73.40,0
946749363,10.79,15920.00,3.95,73.40,0
946749383,10.79,15910.00,3.95,73.40,0
946749402,10.79,15910.00,3.95,73.40,0
946749422,10.79,15910.00,3.95,73.40,0
946749442,10.79,15910.00,3.95,73.40,0
946749462,10.79,15860.00,3.95,73.23,0
946749483,10.79,15890.00,3.95,73.23,0
946749503,10.79,15960.00,3.95,73.23,0
946749522,10.79,15870.00,3.95,73.23,0
946749542,10.79,15900.00,3.95,73.23,0
946749562,10.79,15890.00,3.95,73.23,0
946749583,10.79,15910.00,3.95,73.23,0
946749603,10.79,15890.00,3.95,73.23,0
946749623,10.79,15910.00,3.95,73.23,0
946749642,10.79,15880.00,3.95,73.23,0
946749662,10.79,15920.00,3.95,73.23,0
946749682,10.79,15930.00,3.95,73.23,0
946749703,10.79,15930.00,3.95,73.23,0
946749723,10.79,15930.00,3.95,73.23,0
946749743,10.79,15940.00,3.95,73.23,0
946749762,10.79,15930.00,3.95,73.07,0
946749782,10.79,15900.00,3.95,73.07,0
946749802,10.79,15930.00,3.95,73.07,0
946749823,10.79,15960.00,3.95,73.07,0
946749843,10.79,15940.00,3.95,73.07,0
946749863,10.79,15890.00,3.95,73.07,0
946749882,10.79,15930.00,3.95,73.07,0
946749902,10.79,15930.00,3.95,73.07,0
946749922,10.79,15910.00,3.95,73.07,0
946749943,10.79,15900.00,3.95,73.07,0
946749963,10.79,15900.00,3.94,73.07,0
946749982,10.79,15940.00,3.94,73.07,0
946750002,10.79,15930.00,3.94,73.07,0
946750022,10.79,15940.00,3.94,73.07,0
946750043,10.79,15900.00,3.94,73.07,0
946750063,10.79,15900.00,3.94,72.91,0
946750083,10.79,15850.00,3.94,72.91,0
946750102,10.79,15920.00,3.94,72.91,0
946750122,10.78,15930.00,3.94,72.91,0
946750142,10.79,15940.00,3.94,72.91,0
946750163,10.78,15940.00,3.94,72.91,0
946750183,10.79,15940.00,3.94,72.91,0
946750203,10.79,15940.00,3.94,72.91,0
946750222,10.79,15880.00,3.94,72.91,0
946750242,10.79,15930.00,3.94,72.91,0
946750262,10.79,15980.00,3.94,72.91,0
946750283,10.79,15970.00,3.94,72.91,0
946750303,10.79,15930.00,3.94,72.91,0
946750322,10.80,15910.00,3.94,72.91,0
946750342,10.79,15930.00,3.94,72.91,0
946750362,10.79,15990.00,3.94,72.74,0
946750382,10.79,15980.00,3.94,72.74,0
946750403,10.79,15960.00,3.94,72.74,0
946750423,10.79,15960.00,3.94,72.74,0
946750442,10.80,15920.00,3.94,72.74,0
946750462,10.79,15970.00,3.94,72.74,0
946750482,10.79,15960.00,3.94,72.74,0
946750503,10.80,15930.00,3.94,72.74,0
946750523,10.80,15940.00,3.94,72.74,0
946750543,10.80,15930.00,3.94,72.74,0
946750563,10.79,15950.00,3.94,72.74,0
946750582,10.79,15950.00,3.94,72.74,0
946750602,10.79,15940.00,3.94,72.74,0
946750622,10.79,15940.00,3.94,72.74,0
946750643,10.79,15920.00,3.94,72.74,0
946750663,10.79,15950.00,3.94,72.58,0
946750682,10.79,15960.00,3.94,72.58,0
946750702,10.79,15930.00,3.94,72.58,0
946750722,10.79,15890.00,3.94,72.58,0
946750742,10.79,15940.00,3.94,72.58,0
946750763,10.79,16010.00,3.94,72.58,0
946750783,10.79,15950.00,3.94,72.58,0
946750802,10.80,15920.00,3.94,72.58,0
946750822,10.80,15850.00,3.94,72.58,0
946750842,10.79,15910.00,3.94,72.58,0
946750863,10.79,15930.00,3.94,72.58,0
946750883,10.79,15920.00,3.94,72.58,0
946750903,10.79,15950.00,3.94,72.58,0
946750922,10.80,15930.00,3.94,72.58,0
946750942,10.79,15930.00,3.94,72.41,0
946750962,10.79,15950.00,3.94,72.41,0
946750983,10.79,15930.00,3.94,72.41,0
946751003,10.79,15940.00,3.94,72.41,0
946751023,10.79,15940.00,3.94,72.41,0
946751042,10.79,15940.00,3.94,72.41,0
946751062,10.79,15930.00,3.94,72.41,0
946751082,10.79,15930.00,3.94,72.41,0
946751103,10.79,15930.00,3.94,72.41,0
946751123,10.79,15930.00,3.94,72.41,0
946751142,10.79,15930.00,3.94,72.41,0
946751162,10.79,15920.00,3.94,72.41,0
946751182,10.79,15950.00,3.94,72.41,0
946751202,10.79,15940.00,3.94,72.41,0
946751223,10.79,15940.00,3.94,72.41,0
946751243,10.79,15930.00,3.94,72.25,0
946751263,10.79,15930.00,3.94,72.25,0
946751282,10.79,15930.00,3.94,72.25,0
946751302,10.79,15940.00,3.94,72.25,0
946751322,10.79,15940.00,3.94,72.25,0
946751343,10.79,15930.00,3.94,72.25,0
946751363,10.79,15930.00,3.94,72.25,0
946751383,10.79,15930.00,3.94,72.25,0
946751402,10.79,15930.00,3.94,72.25,0
946751422,10.79,15940.00,3.94,72.25,0
946751442,10.79,15930.00,3.94,72.25,0
946751463,10.79,15940.00,3.94,72.25,0
946751483,10.79,15930.00,3.94,72.25,0
946751502,10.79,15940.00,3.94,72.25,0
946751522,10.79,15940.00,3.94,72.25,0
946751542,10.79,15940.00,3.94,72.09,0
946751562,10.79,15940.00,3.94,72.09,0
946751582,10.80,15940.00,3.94,72.09,0
946751603,10.79,15940.00,3.94,72.09,0
946751623,10.80,15940.00,3.94,72.09,0
946751643,10.80,15940.00,3.94,72.09,0
946751662,10.79,15940.00,3.94,72.09,0
946751682,10.79,15940.00,3.94,72.09,0
946751702,10.80,15940.00,3.94,72.09,0
946751723,10.80,15930.00,3.94,72.09,0
946751743,10.79,15940.00,3.94,72.09,0
946751762,10.80,15940.00,3.94,72.09,0
946751782,10.80,15940.00,3.94,72.09,0
946751802,10.79,15930.00,3.94,72.09,0
946751823,10.79,15940.00,3.94,72.09,0
946751843,10.79,15930.00,3.94,71.92,0
946751863,10.79,15930.00,3.94,71.92,0
946751882,10.79,15930.00,3.94,71.92,0
946751902,10.79,15930.00,3.94,71.92,0
946751922,10.79,15930.00,3.94,71.92,0
946751943,10.79,15930.00,3.94,71.92,0
946751963,10.79,15930.00,3.94,71.92,0
946751983,10.79,15920.00,3.94,71.92,0
946752002,10.79,15930.00,3.94,71.92,0
946752022,10.79,15890.00,3.94,71.92,0
946752042,10.80,15930.00,3.94,71.92,0
946752063,10.80,15920.00,3.94,71.92,0
946752083,10.79,15940.00,3.94,71.92,0
946752103,10.79,15930.00,3.94,71.92,0
946752122,10.79,15930.00,3.94,71.76,0
946752142,10.79,15930.00,3.94,71.76,0
946752162,10.79,15930.00,3.93,71.76,0
946752183,10.79,15960.00,3.93,71.76,0
946752203,10.79,15920.00,3.93,71.76,0
946752222,10.79,15940.00,3.93,71.76,0
946752242,10.79,15860.00,3.93,71.76,0
946752262,10.79,15900.00,3.93,71.76,0
946752283,10.79,15870.00,3.93,71.76,0
946752303,10.79,15930.00,3.93,71.76,0
946752323,10.79,15920.00,3.93,71.76,0
946752342,10.79,15930.00,3.93,71.76,0
946752362,10.79,15930.00,3.93,71.76,0
946752382,10.79,15940.00,3.93,71.76,0
946752403,10.79,15920.00,3.93,71.76,0
946752423,10.79,15920.00,3.93,71.59,0
946752443,10.79,15890.00,3.93,71.59,0
946752462,10.79,15920.00,3.93,71.59,0
946752482,10.79,15920.00,3.93,71.59,0
946752502,10.79,15920.00,3.93,71.59,0
946752523,10.79,15930.00,3.93,71.59,0
946752543,10.79,15920.00,3.93,71.59,0
946752563,10.79,15920.00,3.93,71.59,0
946752582,10.79,15920.00,3.93,71.59,0
946752602,10.79,15880.00,3.93,71.59,0
946752622,10.79,15890.00,3.93,71.59,0
946752643,10.80,15910.00,3.93,71.59,0
946752663,10.79,15890.00,3.93,71.59,0
946752683,10.79,15920.00,3.93,71.59,0
946752702,10.79,15880.00,3.93,71.43,0
946752722,10.80,15850.00,3.93,71.43,0
946752742,10.80,15960.00,3.93,71.43,0
946752763,10.80,15900.00,3.93,71.43,0
946752783,10.80,15930.00,3.93,71.43,0
946752803,10.80,15900.00,3.93,71.43,0
946752822,10.80,15940.00,3.93,71.43,0
946752842,10.79,15930.00,3.93,71.43,0
946752862,10.79,15840.00,3.93,71.43,0
946752883,10.79,15850.00,3.93,71.43,0
946752903,10.80,15870.00,3.93,71.43,0
946752923,10.80,15910.00,3.93,71.43,0
946752942,10.80,15870.00,3.93,71.43,0
946752962,10.80,15920.00,3.93,71.43,0
946752982,10.79,15860.00,3.93,71.43,0
946753003,10.80,15830.00,3.93,71.27,0
946753023,10.79,15850.00,3.93,71.27,0
946753042,10.79,15860.00,3.93,71.27,0
946753062,10.79,15860.00,3.93,71.27,0
946753082,10.79,15850.00,3.93,71.27,0
946753103,10.79,15820.00,3.93,71.27,0
946753123,10.79,15810.00,3.93,71.27,0
946753143,10.79,15770.00,3.93,71.27,0
946753162,10.80,15840.00,3.93,71.27,0
946753182,10.79,15770.00,3.93,71.27,0
946753202,10.79,15740.00,3.93,71.27,0
946753223,10.79,15770.00,3.93,71.27,0
946753243,10.79,15720.00,3.93,71.27,0
946753263,10.79,15660.00,3.93,71.27,0
946753282,10.79,15710.00,3.93,71.10,0
946753302,10.79,15720.00,3.93,71.10,0
946753322,10.78,15690.00,3.93,71.10,0
946753343,10.78,15720.00,3.93,71.10,0
946753363,10.78,15660.00,3.93,71.10,0
946753383,10.78,15750.00,3.93,71.10,0
946753402,10.78,15850.00,3.93,71.10,0
946753422,10.78,15860.00,3.93,71.10,0
946753442,10.78,15810.00,3.93,71.10,0
946753463,10.79,15930.00,3.93,71.10,0
946753483,10.79,15920.00,3.93,71.10,0
946753502,10.79,15910.00,3.93,71.10,0
946753522,10.80,15880.00,3.93,71.10,0
946753542,10.79,15910.00,3.93,71.10,0
946753563,10.79,15920.00,3.93,71.10,0
946753583,10.79,15910.00,3.93,70.94,0
946753603,10.79,15820.00,3.93,70.94,0
946753622,10.79,15840.00,3.93,70.94,0
946753642,10.79,15850.00,3.93,70.94,0
946753662,10.79,15900.00,3.93,70.94,0
946753683,10.79,15900.00,3.93,70.94,0
946753703,10.79,15860.00,3.93,70.94,0
946753723,10.80,15840.00,3.93,70.94,0
946753742,10.80,15900.00,3.93,70.94,0
946753762,10.80,15910.00,3.93,70.94,0
946753782,10.80,15910.00,3.93,70.94,0
946753803,10.80,15870.00,3.93,70.94,0
946753823,10.79,15910.00,3.93,70.94,0
946753843,10.79,15860.00,3.93,70.94,0
946753862,10.79,15890.00,3.93,70.77,0
946753882,10.80,15890.00,3.93,70.77,0
946753902,10.79,15810.00,3.93,70.77,0
946753923,10.79,15940.00,3.93,70.77,0
946753943,10.79,15900.00,3.93,70.77,0
946753962,10.79,15920.00,3.93,70.77,0
946753982,10.79,15820.00,3.93,70.77,0
946754002,10.79,15900.00,3.93,70.77,0
946754023,10.79,15920.00,3.93,70.77,0
946754043,10.79,15880.00,3.93,70.77,0
946754063,10.79,15910.00,3.93,70.77,0
946754082,10.79,15910.00,3.93,70.77,0
946754102,10.79,15910.00,3.93,70.77,0
946754122,10.79,15890.00,3.93,70.77,0
946754143,10.79,15910.00,3.93,70.61,0
946754163,10.80,15890.00,3.93,70.61,0
946754183,10.79,15950.00,3.93,70.61,0
946754202,10.79,15910.00,3.93,70.61,0
946754222,10.79,15910.00,3.93,70.61,0
946754242,10.79,15920.00,3.93,70.61,0
946754263,10.80,15890.00,3.93,70.61,0
946754283,10.80,15910.00,3.93,70.61,0
946754303,10.80,15890.00,3.93,70.61,0
946754322,10.80,15880.00,3.93,70.61,0
946754342,10.80,15920.00,3.93,70.61,0
946754362,10.80,15920.00,3.93,70.61,0
946754383,10.80,15910.00,3.92,70.61,0
946754403,10.80,15910.00,3.93,70.61,0
946754422,10.80,15940.00,3.92,70.61,0
946754442,10.80,15920.00,3.92,70.45,0
946754462,10.80,15910.00,3.92,70.45,0
946754483,10.80,15930.00,3.92,70.45,0
946754503,10.80,15870.00,3.92,70.45,0
946754523,10.80,15850.00,3.92,70.45,0
946754542,10.80,15790.00,3.92,70.45,0
946754562,10.80,15890.00,3.92,70.45,0
946754582,10.80,15940.00,3.92,70.45,0
946754603,10.80,15910.00,3.92,70.45,0
946754623,10.80,15970.00,3.92,70.45,0
946754643,10.80,15970.00,3.92,70.45,0
946754662,10.80,15970.00,3.92,70.45,0
946754682,10.80,15970.00,3.92,70.45,0
946754702,10.80,15970.00,3.92,70.45,0
946754723,10.80,15970.00,3.92,70.28,0
946754743,10.80,15960.00,3.92,70.28,0
946754763,10.80,15980.00,3.92,70.28,0
946754782,10.80,16000.00,3.92,70.28,0
946754802,10.80,15970.00,3.92,70.28,0
946754822,10.80,15980.00,3.92,70.28,0
946754843,10.80,15980.00,3.92,70.28,0
946754863,10.80,15980.00,3.92,70.28,0
946754883,10.80,15980.00,3.92,70.28,0
946754902,10.80,15990.00,3.92,70.28,0
946754922,10.80,15990.00,3.92,70.28,0
946754942,10.80,15980.00,3.92,70.28,0
946754963,10.81,15980.00,3.92,70.28,0
946754983,10.81,15990.00,3.92,70.28,0
946755003,10.81,15990.00,3.92,70.28,0
946755022,10.81,15990.00,3.92,70.12,0
946755042,10.80,15990.00,3.92,70.12,0
946755062,10.80,15990.00,3.92,70.12,0
946755083,10.80,15980.00,3.92,70.12,0
946755103,10.80,15980.00,3.92,70.12,0
946755123,10.80,15980.00,3.92,70.12,0
946755142,10.80,15980.00,3.92,70.12,0
946755162,10.81,15980.00,3.92,70.12,0
946755182,10.81,15980.00,3.92,70.12,0
946755203,10.80,15980.00,3.92,70.12,0
946755223,10.80,15980.00,3.92,70.12,0
946755243,10.80,15980.00,3.92,70.12,0
946755262,10.81,15980.00,3.92,70.12,0
946755282,10.81,15990.00,3.92,70.12,0
946755302,10.80,15960.00,3.92,69.95,0
946755323,10.81,15980.00,3.92,69.95,0
946755343,10.81,15930.00,3.92,69.95,0
946755363,10.81,15950.00,3.92,69.95,0
946755382,10.81,15930.00,3.92,69.95,0
946755402,10.81,15990.00,3.92,69.95,0
946755422,10.81,15980.00,3.92,69.95,0
946755443,10.81,16000.00,3.92,69.95,0
946755463,10.81,15990.00,3.92,69.95,0
946755482,10.81,15980.00,3.92,69.95,0
946755502,10.81,15950.00,3.92,69.95,0
946755522,10.81,15980.00,3.92,69.95,0
946755542,10.81,15980.00,3.92,69.95,0
946755563,10.81,15980.00,3.92,69.95,0
946755583,10.81,15970.00,3.92,69.95,0
946755603,10.81,15970.00,3.92,69.79,0
946755623,10.80,15980.00,3.92,69.79,0
946755642,10.80,15980.00,3.92,69.79,0
946755662,10.80,15980.00,3.92,69.79,0
946755682,10.80,15980.00,3.92,69.79,0
946755703,10.80,15990.00,3.92,69.79,0
946755723,10.80,15980.00,3.92,69.79,0
946755742,10.80,15990.00,3.92,69.79,0
946755762,10.80,15990.00,3.92,69.79,0
946755782,10.80,15990.00,3.92,69.79,0
946755802,10.81,15980.00,3.92,69.79,0
946755823,10.81,15980.00,3.92,69.79,0
946755843,10.81,15980.00,3.92,69.79,0
946755862,10.81,15990.00,3.92,69.79,0
946755882,10.80,15980.00,3.92,69.62,0
946755902,10.80,15980.00,3.92,69.62,0
946755923,10.80,15980.00,3.92,69.62,0
946755943,10.80,15980.00,3.92,69.62,0
946755963,10.80,15990.00,3.92,69.62,0
946755982,10.81,15990.00,3.92,69.62,0
946756002,10.81,15990.00,3.92,69.62,0
946756022,10.81,15990.00,3.92,69.62,0
946756043,10.81,15990.00,3.92,69.62,0
946756063,10.81,15990.00,3.92,69.62,0
946756083,10.81,15980.00,3.92,69.62,0
946756102,10.80,15980.00,3.92,69.62,0
946756122,10.80,15980.00,3.92,69.62,0
946756142,10.80,15980.00,3.92,69.62,0
946756163,10.81,15980.00,3.92,69.62,0
946756183,10.81,15980.00,3.92,69.46,0
946756203,10.81,15980.00,3.92,69.46,0
946756222,10.81,15980.00,3.92,69.46,0
946756242,10.80,15980.00,3.92,69.46,0
946756262,10.80,15970.00,3.92,69.46,0
946756283,10.80,15980.00,3.92,69.46,0
946756303,10.80,15980.00,3.92,69.46,0
946756323,10.81,16000.00,3.92,69.46,0
946756342,10.81,15990.00,3.92,69.46,0
946756362,10.81,16000.00,3.92,69.46,0
946756382,10.81,15990.00,3.92,69.46,0
946756403,10.80,16000.00,3.92,69.46,0
946756423,10.81,15990.00,3.92,69.46,0
946756443,10.81,16000.00,3.92,69.46,0
946756462,10.80,15990.00,3.92,69.30,0
946756482,10.80,15990.00,3.92,69.30,0
946756502,10.80,15990.00,3.92,69.30,0
946756523,10.80,15990.00,3.92,69.30,0
946756543,10.80,15990.00,3.92,69.30,0
946756563,10.80,15990.00,3.92,69.30,0
946756582,10.80,15990.00,3.92,69.30,0
946756602,10.80,15990.00,3.92,69.30,0
946756622,10.80,15990.00,3.92,69.30,0
946756643,10.80,15990.00,3.92,69.30,0
946756663,10.80,15990.00,3.92,69.30,0
946756683,10.80,15990.00,3.92,69.30,0
946756702,10.81,15980.00,3.92,69.30,0
946756722,10.81,15980.00,3.92,69.30,0
946756742,10.81,15980.00,3.92,69.30,0
946756763,10.81,15990.00,3.92,69.13,0
946756783,10.81,15990.00,3.92,69.13,0
946756803,10.80,15990.00,3.91,69.13,0
946756822,10.80,15990.00,3.91,69.13,0
946756842,10.80,15990.00,3.91,69.13,0
946756862,10.80,15990.00,3.91,69.13,0
946756883,10.80,15980.00,3.91,69.13,0
946756903,10.80,15980.00,3.91,69.13,0
946756922,10.80,15970.00,3.91,69.13,0
946756942,10.80,15960.00,3.91,69.13,0
946756962,10.80,15950.00,3.91,69.13,0
946756982,10.80,15960.00,3.91,69.13,0
946757003,10.80,15930.00,3.91,69.13,0
946757023,10.80,15950.00,3.91,69.13,0
946757042,10.80,15970.00,3.91,68.97,0
946757062,10.80,15960.00,3.91,68.97,0
946757082,10.80,15970.00,3.91,68.97,0
946757103,10.80,15970.00,3.91,68.97,0
946757123,10.80,15970.00,3.91,68.97,0
946757143,10.80,15970.00,3.91,68.97,0
946757162,10.80,15970.00,3.91,68.97,0
946757182,10.80,15970.00,3.91,68.97,0
946757202,10.80,15970.00,3.91,68.97,0
946757223,10.80,15970.00,3.91,68.97,0
946757243,10.80,15960.00,3.91,68.97,0
946757263,10.80,15960.00,3.91,68.97,0
946757282,10.80,15960.00,3.91,68.97,0
946757302,10.80,15970.00,3.91,68.97,0
946757322,10.80,15960.00,3.91,68.97,0
946757343,10.80,15960.00,3.91,68.80,0
946757363,10.80,15970.00,3.91,68.80,0
946757382,10.80,15940.00,3.91,68.80,0
946757402,10.80,15940.00,3.91,68.80,0
946757422,10.80,15980.00,3.91,68.80,0
946757443,10.80,15970.00,3.91,68.80,0
946757463,10.80,15920.00,3.91,68.80,0
946757483,10.80,15900.00,3.91,68.80,0
946757502,10.80,15950.00,3.91,68.80,0
946757522,10.80,15940.00,3.91,68.80,0
946757542,10.80,15930.00,3.91,68.80,0
946757563,10.80,15950.00,3.91,68.80,0
946757583,10.80,15960.00,3.91,68.80,0
946757603,10.80,15970.00,3.91,68.80,0
946757622,10.80,15960.00,3.91,68.80,0
946757642,10.80,15970.00,3.91,68.64,0
946757662,10.80,15960.00,3.91,68.64,0
946757683,10.80,15970.00,3.91,68.64,0
946757703,10.80,15980.00,3.91,68.64,0
946757723,10.80,15970.00,3.91,68.64,0
946757742,10.80,15970.00,3.91,68.64,0
946757762,10.80,15960.00,3.91,68.64,0
946757782,10.80,15960.00,3.91,68.64,0
946757803,10.80,15960.00,3.91,68.64,0
946757823,10.80,15970.00,3.91,68.64,0
946757842,10.80,15980.00,3.91,68.64,0
946757862,10.80,15980.00,3.91,68.64,0
946757882,10.80,15980.00,3.91,68.64,0
946757903,10.80,15980.00,3.91,68.64,0
946757923,10.80,15980.00,3.91,68.48,0
946757943,10.80,15980.00,3.91,68.48,0
946757962,10.80,15990.00,3.91,68.48,0
946757982,10.80,15990.00,3.91,68.48,0
946758002,10.80,15990.00,3.91,68.48,0
946758023,10.80,15990.00,3.91,68.48,0
946758043,10.80,15990.00,3.91,68.48,0
946758063,10.80,15990.00,3.91,68.48,0
946758082,10.80,15990.00,3.91,68.48,0
946758102,10.80,15980.00,3.91,68.48,0
946758122,10.80,15990.00,3.91,68.48,0
946758143,10.81,15980.00,3.91,68.48,0
946758163,10.81,15980.00,3.91,68.48,0
946758183,10.80,15990.00,3.91,68.48,0
946758202,10.80,15990.00,3.91,68.48,0
946758222,10.80,15980.00,3.91,68.31,0
946758242,10.80,15990.00,3.91,68.31,0
946758263,10.80,15990.00,3.91,68.31,0
946758283,10.80,16000.00,3.91,68.31,0
946758302,10.80,15990.00,3.91,68.31,0
946758322,10.80,15990.00,3.91,68.31,0
946758342,10.80,15980.00,3.91,68.31,0
946758362,10.80,15980.00,3.91,68.31,0
946758383,10.80,15980.00,3.91,68.31,0
946758403,10.80,15980.00,3.91,68.31,0
946758422,10.80,15970.00,3.91,68.31,0
946758442,10.80,15970.00,3.91,68.31,0
946758462,10.80,15920.00,3.91,68.31,0
946758483,10.80,16010.00,3.91,68.17,0
946758503,10.80,15930.00,3.91,68.17,0
946758523,10.80,15990.00,3.91,68.17,0
946758542,10.80,15990.00,3.91,68.17,0
946758562,10.80,15990.00,3.91,68.17,0
946758582,10.81,15990.00,3.91,68.17,0
946758603,10.81,15970.00,3.91,68.17,0
946758623,10.81,15960.00,3.91,68.17,0
946758643,10.80,15950.00,3.91,68.17,0
946758662,10.81,15960.00,3.91,68.17,0
946758682,10.80,15940.00,3.91,68.17,0
946758702,10.80,15870.00,3.91,68.17,0
946758723,10.80,15940.00,3.91,68.17,0
946758743,10.80,15950.00,3.91,68.17,0
946758762,10.80,15960.00,3.91,68.02,0
946758782,10.80,15960.00,3.91,68.02,0
946758802,10.80,15970.00,3.91,68.02,0
946758822,10.80,15970.00,3.91,68.02,0
946758843,10.80,15960.00,3.91,68.02,0
946758863,10.80,15970.00,3.91,68.02,0
946758882,10.81,15960.00,3.91,68.02,0
946758902,10.81,15950.00,3.91,68.02,0
946758922,10.80,15960.00,3.91,68.02,0
946758943,10.80,15850.00,3.91,68.02,0
946758963,10.80,15910.00,3.91,68.02,0
946758983,10.80,15930.00,3.91,68.02,0
946759002,10.80,15980.00,3.91,68.02,0
946759022,10.80,15840.00,3.91,68.02,0
946759042,10.80,16000.00,3.91,67.88,0
946759063,10.80,15980.00,3.91,67.88,0
946759083,10.80,15880.00,3.91,67.88,0
946759103,10.80,15900.00,3.91,67.88,0
946759122,10.80,15870.00,3.91,67.88,0
946759142,10.80,15980.00,3.91,67.88,0
946759162,10.80,15990.00,3.91,67.88,0
946759183,10.80,15860.00,3.91,67.88,0
946759203,10.80,15950.00,3.91,67.88,0
946759222,10.80,15900.00,3.91,67.88,0
946759242,10.80,15890.00,3.91,67.88,0
946759262,10.80,15940.00,3.90,67.88,0
946759282,10.80,15920.00,3.91,67.88,0
946759303,10.80,15890.00,3.91,67.73,0
946759323,10.79,15900.00,3.90,67.73,0
946759342,10.79,15950.00,3.90,67.73,0
946759362,10.79,15950.00,3.90,67.73,0
946759382,10.80,15990.00,3.90,67.73,0
946759403,10.80,15990.00,3.90,67.73,0
946759423,10.80,15990.00,3.90,67.73,0
946759443,10.80,15990.00,3.90,67.73,0
946759462,10.80,15990.00,3.90,67.73,0
946759482,10.80,15990.00,3.90,67.73,0
946759502,10.80,15990.00,3.90,67.73,0
946759523,10.80,15990.00,3.90,67.73,0
946759543,10.80,16000.00,3.90,67.73,0
946759563,10.80,16000.00,3.90,67.73,0
946759582,10.80,16000.00,3.90,67.59,0
946759602,10.80,16000.00,3.90,67.59,0
946759622,10.80,16000.00,3.90,67.59,0
946759643,10.80,16000.00,3.90,67.59,0
946759663,10.80,16000.00,3.90,67.59,0
946759682,10.81,16000.00,3.90,67.59,0
946759702,10.80,16000.00,3.90,67.59,0
946759722,10.80,16000.00,3.90,67.59,0
946759742,10.80,16000.00,3.90,67.59,0
946759763,10.80,15990.00,3.90,67.59,0
946759783,10.80,15990.00,3.90,67.59,0
946759802,10.80,16000.00,3.90,67.59,0
946759822,10.80,16000.00,3.90,67.59,0
946759842,10.80,16000.00,3.90,67.59,0
946759863,10.80,15990.00,3.90,67.45,0
946759883,10.80,16000.00,3.90,67.45,0
946759903,10.80,15990.00,3.90,67.45,0
946759922,10.80,15990.00,3.90,67.45,0
946759942,10.80,15980.00,3.90,67.45,0
946759962,10.80,15980.00,3.90,67.45,0
946759983,10.80,15980.00,3.90,67.45,0
946760003,10.80,15950.00,3.90,67.45,0
946760023,10.80,15990.00,3.90,67.45,0
946760042,10.80,16000.00,3.90,67.45,0
946760062,10.80,16000.00,3.90,67.45,0
946760082,10.80,16000.00,3.90,67.45,0
946760103,10.80,16000.00,3.90,67.45,0
946760123,10.80,16000.00,3.90,67.45,0
946760142,10.80,16000.00,3.90,67.30,0
946760162,10.80,16000.00,3.90,67.30,0
946760182,10.80,16000.00,3.90,67.30,0
946760202,10.81,16000.00,3.90,67.30,0
946760223,10.80,16000.00,3.90,67.30,0
946760243,10.81,16000.00,3.90,67.30,0
946760262,10.81,16000.00,3.90,67.30,0
946760282,10.81,16010.00,3.90,67.30,0
946760302,10.80,16000.00,3.90,67.30,0
946760323,10.80,16000.00,3.90,67.30,0
946760343,10.80,16000.00,3.90,67.30,0
946760363,10.80,16000.00,3.90,67.30,0
946760382,10.80,16000.00,3.90,67.30,0
946760402,10.80,16000.00,3.90,67.30,0
946760422,10.80,16000.00,3.90,67.16,0
946760443,10.80,16000.00,3.90,67.16,0
946760463,10.79,16000.00,3.90,67.16,0
946760483,10.80,16000.00,3.90,67.16,0
946760502,10.80,16000.00,3.90,67.16,0
946760522,10.80,16000.00,3.90,67.16,0
946760542,10.80,16000.00,3.90,67.16,0
946760563,10.80,16000.00,3.90,67.16,0
946760583,10.80,16000.00,3.90,67.16,0
946760602,10.80,16000.00,3.90,67.16,0
946760622,10.80,16000.00,3.90,67.16,0
946760642,10.80,16000.00,3.90,67.16,0
946760662,10.80,15990.00,3.90,67.16,0
946760683,10.80,15990.00,3.90,67.16,0
946760703,10.80,15980.00,3.90,67.01,0
946760722,10.80,15990.00,3.90,67.01,0
946760742,10.80,15980.00,3.90,67.01,0
946760762,10.80,15970.00,3.90,67.01,0
946760782,10.80,15980.00,3.90,67.01,0
946760803,10.80,15980.00,3.90,67.01,0
946760823,10.80,15970.00,3.90,67.01,0
946760843,10.80,15980.00,3.90,67.01,0
946760862,10.80,15970.00,3.90,67.01,0
946760882,10.80,15960.00,3.90,67.01,0
946760902,10.80,15920.00,3.90,67.01,0
946760923,10.80,15960.00,3.90,67.01,0
946760943,10.80,15980.00,3.90,67.01,0
946760962,10.80,15960.00,3.90,67.01,0
946760982,10.80,15950.00,3.90,67.01,0
946761002,10.80,15980.00,3.90,66.87,0
946761022,10.80,15960.00,3.90,66.87,0
946761043,10.80,15960.00,3.90,66.87,0
946761063,10.80,15980.00,3.90,66.87,0
946761082,10.80,15870.00,3.90,66.87,0
946761102,10.80,15940.00,3.90,66.87,0
946761122,10.80,15910.00,3.90,66.87,0
946761143,10.80,15950.00,3.90,66.87,0
946761163,10.80,15960.00,3.90,66.87,0
946761183,10.79,15960.00,3.90,66.87,0
946761202,10.79,15960.00,3.90,66.87,0
946761222,10.79,15960.00,3.90,66.87,0
946761242,10.79,15990.00,3.90,66.87,0
946761263,10.79,15970.00,3.90,66.87,0
946761283,10.79,15970.00,3.90,66.72,0
946761303,10.79,15950.00,3.90,66.72,0
946761322,10.80,15870.00,3.90,66.72,0
946761342,10.80,15960.00,3.90,66.72,0
946761362,10.80,15960.00,3.90,66.72,0
946761383,10.80,15960.00,3.90,66.72,0
946761403,10.80,15970.00,3.90,66.72,0
946761422,10.80,15930.00,3.90,66.72,0
946761442,10.80,15920.00,3.90,66.72,0
946761462,10.80,15870.00,3.90,66.72,0
946761483,10.80,15920.00,3.90,66.72,0
946761503,10.80,15880.00,3.90,66.72,0
946761523,10.80,15930.00,3.90,66.72,0
946761542,10.80,15930.00,3.90,66.72,0
946761562,10.80,15930.00,3.90,66.72,0
946761582,10.80,15900.00,3.90,66.58,0
946761603,10.79,15940.00,3.90,66.58,0
946761623,10.80,15950.00,3.90,66.58,0
946761643,10.79,15960.00,3.90,66.58,0
946761662,10.79,15970.00,3.90,66.58,0
946761682,10.79,15930.00,3.90,66.58,0
946761702,10.79,15940.00,3.90,66.58,0
946761723,10.79,15940.00,3.90,66.58,0
946761743,10.79,15940.00,3.90,66.58,0
946761763,10.79,15880.00,3.90,66.58,0
946761782,10.79,15850.00,3.90,66.58,0
946761802,10.79,15910.00,3.90,66.58,0
946761822,10.79,15910.00,3.90,66.58,0
946761842,10.79,15920.00,3.90,66.58,0
946761863,10.79,15930.00,3.90,66.43,0
946761883,10.79,15910.00,3.90,66.43,0
946761903,10.79,15850.00,3.90,66.43,0
946761922,10.79,15870.00,3.90,66.43,0
946761942,10.79,15880.00,3.89,66.43,0
946761962,10.79,15910.00,3.89,66.43,0
946761983,10.79,15910.00,3.89,66.43,0
946762003,10.79,15850.00,3.89,66.43,0
946762022,10.79,15850.00,3.89,66.43,0
946762042,10.79,15870.00,3.89,66.43,0
946762062,10.79,15880.00,3.89,66.43,0
946762082,10.79,15960.00,3.89,66.43,0
946762103,10.79,15870.00,3.89,66.43,0
946762123,10.79,15870.00,3.89,66.43,0
946762142,10.79,15860.00,3.89,66.43,0
946762162,10.79,15870.00,3.89,66.29,0
946762182,10.79,15870.00,3.89,66.29,0
946762203,10.79,15890.00,3.89,66.29,0
946762223,10.79,15870.00,3.89,66.29,0
946762243,10.79,15890.00,3.89,66.29,0
946762262,10.79,15890.00,3.89,66.29,0
946762282,10.79,15900.00,3.89,66.29,0
946762302,10.79,15930.00,3.89,66.29,0
946762323,10.79,15930.00,3.89,66.29,0
946762343,10.79,15920.00,3.89,66.29,0
946762363,10.79,15860.00,3.89,66.29,0
946762382,10.79,15930.00,3.89,66.29,0
946762402,10.79,15930.00,3.89,66.29,0
946762422,10.80,15900.00,3.89,66.29,0
946762443,10.79,15890.00,3.89,66.14,0
946762463,10.79,15930.00,3.89,66.14,0
946762482,10.79,15920.00,3.89,66.14,0
946762502,10.79,15940.00,3.89,66.14,0
946762522,10.79,15890.00,3.89,66.14,0
946762542,10.79,15960.00,3.89,66.14,0
946762563,10.79,15940.00,3.89,66.14,0
946762583,10.79,15940.00,3.89,66.14,0
946762602,10.80,15940.00,3.89,66.14,0
946762622,10.80,15950.00,3.89,66.14,0
946762642,10.80,15940.00,3.89,66.14,0
946762663,10.80,15940.00,3.89,66.14,0
946762683,10.80,15940.00,3.89,66.14,0
946762703,10.80,15960.00,3.89,66.14,0
946762722,10.79,15950.00,3.89,66.14,0
946762742,10.79,15940.00,3.89,66.14,0
946762762,10.79,15970.00,3.89,66.00,0
946762783,10.80,15950.00,3.89,66.00,0
946762803,10.79,15940.00,3.89,66.00,0
946762823,10.79,15950.00,3.89,66.00,0
946762842,10.79,15960.00,3.89,66.00,0
946762862,10.80,15950.00,3.89,66.00,0
946762882,10.80,15950.00,3.89,66.00,0
946762903,10.80,15950.00,3.89,66.00,0
946762923,10.80,15950.00,3.89,66.00,0
946762942,10.80,15950.00,3.89,66.00,0
946762962,10.80,15940.00,3.89,66.00,0
946762982,10.80,15950.00,3.89,66.00,0
946763002,10.80,15960.00,3.89,66.00,0
946763023,10.80,15950.00,3.89,66.00,0
946763043,10.79,15950.00,3.89,65.86,0
946763062,10.80,15910.00,3.89,65.86,0
946763082,10.79,15960.00,3.89,65.86,0
946763102,10.80,15960.00,3.89,65.86,0
946763123,10.80,15950.00,3.89,65.86,0
946763143,10.79,15950.00,3.89,65.86,0
946763163,10.79,15950.00,3.89,65.86,0
946763182,10.79,15940.00,3.89,65.86,0
946763202,10.80,15940.00,3.89,65.86,0
946763222,10.80,15960.00,3.89,65.86,0
946763243,10.79,15940.00,3.89,65.86,0
946763263,10.80,15930.00,3.89,65.86,0
946763283,10.79,15960.00,3.89,65.86,0
946763302,10.79,15930.00,3.89,65.86,0
946763322,10.79,15930.00,3.89,65.86,0
946763342,10.79,15920.00,3.89,65.86,0
946763362,10.79,15920.00,3.89,65.71,0
946763383,10.79,15930.00,3.89,65.71,0
946763403,10.79,15940.00,3.89,65.71,0
946763423,10.79,15930.00,3.89,65.71,0
946763442,10.79,15920.00,3.89,65.71,0
946763462,10.79,15920.00,3.89,65.71,0
946763482,10.79,15950.00,3.89,65.71,0
946763502,10.80,15920.00,3.89,65.71,0
946763523,10.79,15930.00,3.89,65.71,0
946763543,10.79,15930.00,3.89,65.71,0
946763562,10.79,15930.00,3.89,65.71,0
946763582,10.80,15950.00,3.89,65.71,0
946763602,10.80,15940.00,3.89,65.71,0
946763622,10.79,15950.00,3.89,65.71,0
946763643,10.80,15940.00,3.89,65.71,0
946763663,10.79,15940.00,3.89,65.57,0
946763682,10.80,15950.00,3.89,65.57,0
946763702,10.80,15930.00,3.89,65.57,0
946763722,10.80,15940.00,3.89,65.57,0
946763743,10.80,15950.00,3.89,65.57,0
946763763,10.80,15950.00,3.89,65.57,0
946763783,10.80,15940.00,3.89,65.57,0
946763802,10.80,15940.00,3.89,65.57,0
946763822,10.80,15940.00,3.89,65.57,0
946763842,10.80,15930.00,3.89,65.57,0
946763863,10.80,15940.00,3.89,65.57,0
946763883,10.80,15940.00,3.89,65.57,0
946763903,10.80,15950.00,3.89,65.57,0
946763922,10.80,15950.00,3.89,65.57,0
946763942,10.80,15940.00,3.89,65.57,0
946763962,10.80,15940.00,3.89,65.42,0
946763983,10.80,15940.00,3.89,65.42,0
946764003,10.80,15930.00,3.89,65.42,0
946764022,10.79,15940.00,3.89,65.42,0
946764042,10.79,15940.00,3.89,65.42,0
946764062,10.79,15940.00,3.89,65.42,0
946764082,10.79,15940.00,3.89,65.42,0
946764103,10.79,15940.00,3.89,65.42,0
946764123,10.79,15940.00,3.89,65.42,0
946764142,10.79,15940.00,3.89,65.42,0
946764162,10.79,15940.00,3.89,65.42,0
946764182,10.79,15930.00,3.89,65.42,0
946764203,10.79,15940.00,3.89,65.42,0
946764223,10.79,15940.00,3.89,65.42,0
946764243,10.79,15940.00,3.89,65.42,0
946764262,10.79,15940.00,3.89,65.42,0
946764282,10.79,15940.00,3.89,65.28,0
946764302,10.79,15940.00,3.89,65.28,0
946764323,10.79,15950.00,3.89,65.28,0
946764343,10.79,15950.00,3.89,65.28,0
946764363,10.79,15950.00,3.89,65.28,0
946764382,10.79,15940.00,3.89,65.28,0
946764402,10.79,15950.00,3.89,65.28,0
946764422,10.79,15940.00,3.89,65.28,0
946764443,10.79,15940.00,3.89,65.28,0
946764463,10.79,15940.00,3.89,65.28,0
946764483,10.79,15950.00,3.89,65.28,0
946764502,10.79,15930.00,3.89,65.28,0
946764522,10.79,15930.00,3.89,65.28,0
946764542,10.80,15940.00,3.89,65.28,0
946764563,10.80,15940.00,3.89,65.28,0
946764583,10.80,15940.00,3.89,65.13,0
946764603,10.80,15940.00,3.89,65.13,0
946764622,10.80,15940.00,3.89,65.13,0
946764642,10.80,15930.00,3.89,65.13,0
946764662,10.80,15940.00,3.89,65.13,0
946764683,10.80,15950.00,3.89,65.13,0
946764703,10.80,15930.00,3.89,65.13,0
946764723,10.80,15930.00,3.89,65.13,0
946764742,10.79,15940.00,3.89,65.13,0
946764762,10.79,15940.00,3.88,65.13,0
946764782,10.79,15940.00,3.88,65.13,0
946764803,10.79,15940.00,3.88,65.13,0
946764823,10.80,15940.00,3.88,65.13,0
946764842,10.80,15930.00,3.88,65.13,0
946764862,10.80,15930.00,3.88,65.13,0
946764882,10.80,15930.00,3.88,65.13,0
946764902,10.80,15940.00,3.88,64.99,0
946764923,10.80,15930.00,3.88,64.99,0
946764943,10.80,15940.00,3.88,64.99,0
946764963,10.80,15940.00,3.88,64.99,0
946764982,10.80,15930.00,3.88,64.99,0
946765002,10.79,15940.00,3.88,64.99,0
946765022,10.79,15940.00,3.88,64.99,0
946765043,10.80,15930.00,3.88,64.99,0
946765063,10.80,15940.00,3.88,64.99,0
946765083,10.80,15940.00,3.88,64.99,0
946765102,10.80,15950.00,3.88,64.99,0
946765122,10.80,15970.00,3.88,64.99,0
946765142,10.80,15940.00,3.88,64.99,0
946765163,10.80,15950.00,3.88,64.99,0
946765183,10.80,15950.00,3.88,64.99,0
946765203,10.80,15960.00,3.88,64.84,0
946765222,10.80,15950.00,3.88,64.84,0
946765242,10.80,15960.00,3.88,64.84,0
946765262,10.80,15960.00,3.88,64.84,0
946765283,10.79,15930.00,3.88,64.84,0
946765303,10.79,15950.00,3.88,64.84,0
946765323,10.79,15960.00,3.88,64.84,0
946765342,10.80,15970.00,3.88,64.84,0
946765362,10.80,15970.00,3.88,64.84,0
946765382,10.80,15960.00,3.88,64.84,0
946765403,10.80,15960.00,3.88,64.84,0
946765423,10.80,15950.00,3.88,64.84,0
946765443,10.80,15910.00,3.88,64.84,0
946765462,10.80,15980.00,3.88,64.84,0
946765482,10.80,15970.00,3.88,64.84,0
946765502,10.80,15970.00,3.88,64.84,0
946765523,10.80,15940.00,3.88,64.70,0
946765543,10.80,15940.00,3.88,64.70,0
946765562,10.79,15920.00,3.88,64.70,0
946765582,10.80,15940.00,3.88,64.70,0
946765602,10.80,15930.00,3.88,64.70,0
946765623,10.80,15930.00,3.88,64.70,0
946765643,10.80,15930.00,3.88,64.70,0
946765663,10.80,15950.00,3.88,64.70,0
946765682,10.80,15940.00,3.88,64.70,0
946765702,10.80,15920.00,3.88,64.70,0
946765722,10.80,15930.00,3.88,64.70,0
946765743,10.80,15950.00,3.88,64.70,0
946765763,10.80,15940.00,3.88,64.70,0
946765783,10.79,15940.00,3.88,64.70,0
946765802,10.79,15940.00,3.88,64.70,0
946765822,10.80,15940.00,3.88,64.70,0
946765842,10.79,15950.00,3.88,64.55,0
946765863,10.79,15970.00,3.88,64.55,0
946765883,10.79,15970.00,3.88,64.55,0
946765903,10.79,15970.00,3.88,64.55,0
946765922,10.80,15970.00,3.88,64.55,0
946765942,10.80,15970.00,3.88,64.55,0
946765962,10.80,15970.00,3.88,64.55,0
946765983,10.80,15960.00,3.88,64.55,0
946766003,10.80,15960.00,3.88,64.55,0
946766022,10.80,15960.00,3.88,64.55,0
946766042,10.80,15960.00,3.88,64.55,0
946766062,10.80,15960.00,3.88,64.55,0
946766083,10.80,15960.00,3.88,64.55,0
946766103,10.80,15960.00,3.88,64.55,0
946766123,10.80,15960.00,3.88,64.55,0
946766142,10.80,15960.00,3.88,64.55,0
946766162,10.80,15960.00,3.88,64.55,0
946766182,10.80,15960.00,3.88,64.41,0
946766203,10.80,15960.00,3.88,64.41,0
946766223,10.80,15960.00,3.88,64.41,0
946766243,10.80,15950.00,3.88,64.41,0
946766262,10.80,15950.00,3.88,64.41,0
946766282,10.80,15950.00,3.88,64.41,0
946766302,10.80,15950.00,3.88,64.41,0
946766323,10.80,15950.00,3.88,64.41,0
946766343,10.80,15950.00,3.88,64.41,0
946766363,10.79,15950.00,3.88,64.41,0
946766382,10.80,15950.00,3.88,64.41,0
946766402,10.80,15940.00,3.88,64.41,0
946766422,10.80,15950.00,3.88,64.41,0
946766443,10.80,15960.00,3.88,64.41,0
946766463,10.80,15960.00,3.88,64.41,0
946766482,10.80,15960.00,3.88,64.41,0
946766502,10.80,15960.00,3.88,64.27,0
946766522,10.80,15960.00,3.88,64.27,0
946766543,10.80,15960.00,3.88,64.27,0
946766563,10.80,15960.00,3.88,64.27,0
946766583,10.80,15970.00,3.88,64.27,0
946766602,10.80,15970.00,3.88,64.27,0
946766622,10.80,15970.00,3.88,64.27,0
946766642,10.80,15980.00,3.88,64.27,0
946766663,10.80,15980.00,3.88,64.27,0
946766683,10.80,15980.00,3.88,64.27,0
946766703,10.80,15980.00,3.88,64.27,0
946766722,10.80,15980.00,3.88,64.27,0
946766742,10.80,15980.00,3.88,64.27,0
946766762,10.80,15990.00,3.88,64.27,0
946766783,10.80,15990.00,3.88,64.27,0
946766803,10.80,15990.00,3.88,64.27,0
946766823,10.80,15990.00,3.88,64.12,0
946766842,10.80,15990.00,3.88,64.12,0
946766862,10.80,15990.00,3.88,64.12,0
946766882,10.80,15990.00,3.88,64.12,0
946766903,10.80,15990.00,3.88,64.12,0
946766923,10.80,15990.00,3.88,64.12,0
946766942,10.80,15990.00,3.88,64.12,0
946766962,10.80,15990.00,3.88,64.12,0
946766982,10.80,16000.00,3.88,64.12,0
946767003,10.80,16000.00,3.88,64.12,0
946767023,10.80,16000.00,3.88,64.12,0
946767043,10.80,16000.00,3.88,64.12,0
946767062,10.80,16000.00,3.88,64.12,0
946767082,10.81,16000.00,3.88,64.12,0
946767102,10.81,16000.00,3.88,64.12,0
946767123,10.80,16000.00,3.88,64.12,0
946767143,10.80,16000.00,3.88,64.12,0
946767163,10.80,16000.00,3.88,63.98,0
946767182,10.80,16000.00,3.88,63.98,0
946767202,10.81,16000.00,3.88,63.98,0
946767222,10.80,16000.00,3.88,63.98,0
946767243,10.80,16000.00,3.88,63.98,0
946767263,10.80,16010.00,3.88,63.98,0
946767283,10.80,16010.00,3.88,63.98,0
946767302,10.80,16010.00,3.88,63.98,0
946767322,10.80,16010.00,3.88,63.98,0
946767342,10.80,16010.00,3.88,63.98,0
946767363,10.81,16000.00,3.88,63.98,0
946767383,10.81,16010.00,3.88,63.98,0
946767402,10.81,16010.00,3.88,63.98,0
946767422,10.81,16010.00,3.88,63.98,0
946767442,10.81,16020.00,3.88,63.98,0
946767463,10.81,16020.00,3.88,63.98,0
946767483,10.81,16010.00,3.88,63.98,0
946767503,10.81,16010.00,3.88,63.83,0
946767522,10.81,16010.00,3.88,63.83,0
946767542,10.81,16020.00,3.88,63.83,0
946767562,10.81,16020.00,3.88,63.83,0
946767583,10.81,16020.00,3.88,63.83,0
946767603,10.81,16010.00,3.88,63.83,0
946767623,10.81,16010.00,3.88,63.83,0
946767642,10.81,16010.00,3.88,63.83,0
946767662,10.81,16020.00,3.88,63.83,0
946767682,10.81,16020.00,3.88,63.83,0
946767703,10.81,16020.00,3.88,63.83,0
946767723,10.81,16010.00,3.88,63.83,0
946767743,10.81,16020.00,3.88,63.83,0
946767762,10.81,16020.00,3.88,63.83,0
946767782,10.81,16020.00,3.88,63.83,0
946767802,10.81,16020.00,3.88,63.83,0
946767823,10.81,16020.00,3.88,63.69,0
946767843,10.81,16010.00,3.88,63.69,0
946767862,10.81,16020.00,3.88,63.69,0
946767882,10.81,16020.00,3.88,63.69,0
946767902,10.81,16020.00,3.88,63.69,0
946767923,10.81,16010.00,3.88,63.69,0
946767943,10.81,16020.00,3.88,63.69,0
946767963,10.81,16020.00,3.88,63.69,0
946767982,10.81,16020.00,3.88,63.69,0
946768002,10.81,16010.00,3.88,63.69,0
946768022,10.81,16020.00,3.88,63.69,0
946768043,10.81,16020.00,3.88,63.69,0
946768063,10.81,16020.00,3.88,63.69,0
946768083,10.81,16020.00,3.88,63.69,0
946768102,10.81,16020.00,3.87,63.69,0
946768122,10.81,16020.00,3.87,63.69,0
946768142,10.81,16020.00,3.87,63.69,0
946768163,10.81,16020.00,3.87,63.69,0
946768183,10.80,16020.00,3.87,63.54,0
946768203,10.81,16020.00,3.87,63.54,0
946768222,10.80,16020.00,3.87,63.54,0
946768242,10.81,16020.00,3.87,63.54,0
946768262,10.81,16020.00,3.87,63.54,0
946768283,10.81,16020.00,3.87,63.54,0
946768303,10.81,16020.00,3.87,63.54,0
946768322,10.81,16020.00,3.87,63.54,0
946768342,10.81,16020.00,3.87,63.54,0
946768362,10.81,16020.00,3.87,63.54,0
946768383,10.81,16020.00,3.87,63.54,0
946768403,10.81,16020.00,3.87,63.54,0
946768423,10.81,16020.00,3.87,63.54,0
946768442,10.81,16020.00,3.87,63.54,0
946768462,10.81,16020.00,3.87,63.54,0
946768482,10.81,16020.00,3.87,63.54,0
946768503,10.81,16020.00,3.87,63.54,0
946768523,10.81,16020.00,3.87,63.40,0
946768543,10.81,16020.00,3.87,63.40,0
946768562,10.81,16020.00,3.87,63.40,0
946768582,10.81,16020.00,3.87,63.40,0
946768602,10.81,16020.00,3.87,63.40,0
946768623,10.81,16020.00,3.87,63.40,0
946768643,10.81,16020.00,3.87,63.40,0
946768663,10.81,16020.00,3.87,63.40,0
946768682,10.81,16020.00,3.87,63.40,0
946768702,10.81,16020.00,3.87,63.40,0
946768722,10.81,16020.00,3.87,63.40,0
946768743,10.81,16020.00,3.87,63.40,0
946768763,10.81,16010.00,3.87,63.40,0
946768782,10.81,16020.00,3.87,63.40,0
946768802,10.81,16020.00,3.87,63.40,0
946768822,10.81,16020.00,3.87,63.40,0
946768843,10.81,16020.00,3.87,63.40,0
946768863,10.81,16020.00,3.87,63.25,0
946768883,10.81,16020.00,3.87,63.25,0
946768902,10.81,16020.00,3.87,63.25,0
946768922,10.81,16020.00,3.87,63.25,0
946768942,10.81,16020.00,3.87,63.25,0
946768963,10.81,16020.00,3.87,63.25,0
946768983,10.81,16020.00,3.87,63.25,0
946769003,10.81,16010.00,3.87,63.25,0
946769022,10.81,16010.00,3.87,63.25,0
946769042,10.81,16020.00,3.87,63.25,0
946769062,10.81,16020.00,3.87,63.25,0
946769083,10.81,16010.00,3.87,63.25,0
946769103,10.81,16020.00,3.87,63.25,0
946769123,10.81,16020.00,3.87,63.25,0
946769142,10.81,16020.00,3.87,63.25,0
946769162,10.81,16020.00,3.87,63.25,0
946769182,10.81,16020.00,3.87,63.25,0
946769203,10.81,16020.00,3.87,63.11,0
946769223,10.81,16020.00,3.87,63.11,0
946769242,10.81,16020.00,3.87,63.11,0
946769262,10.81,16020.00,3.87,63.11,0
946769282,10.81,16020.00,3.87,63.11,0
946769303,10.81,16020.00,3.87,63.11,0
946769323,10.81,16020.00,3.87,63.11,0
946769343,10.81,16020.00,3.87,63.11,0
946769362,10.81,16020.00,3.87,63.11,0
946769382,10.81,16020.00,3.87,63.11,0
946769402,10.81,16020.00,3.87,63.11,0
946769423,10.81,16020.00,3.87,63.11,0
946769443,10.81,16020.00,3.87,63.11,0
946769463,10.81,16020.00,3.87,63.11,0
946769482,10.81,16020.00,3.87,63.11,0
946769502,10.81,16020.00,3.87,63.11,0
946769522,10.81,16020.00,3.87,63.11,0
946769543,10.81,16020.00,3.87,63.11,0
946769563,10.81,16020.00,3.87,62.96,0
946769582,10.81,16020.00,3.87,62.96,0
946769602,10.81,16020.00,3.87,62.96,0
946769622,10.81,16020.00,3.87,62.96,0
946769642,10.81,16020.00,3.87,62.96,0
946769663,10.81,16020.00,3.87,62.96,0
946769683,10.81,16020.00,3.87,62.96,0
946769702,10.81,16020.00,3.87,62.96,0
946769722,10.81,16020.00,3.87,62.96,0
946769742,10.81,16020.00,3.87,62.96,0
946769763,10.81,16020.00,3.87,62.96,0
946769783,10.81,16020.00,3.87,62.96,0
946769803,10.81,16020.00,3.87,62.96,0
946769822,10.81,16020.00,3.87,62.96,0
946769842,10.81,16020.00,3.87,62.96,0
946769862,10.81,16020.00,3.87,62.96,0
946769883,10.81,16020.00,3.87,62.96,0
946769903,10.81,16020.00,3.87,62.96,0
946769923,10.81,16020.00,3.87,62.82,0
946769942,10.81,16020.00,3.87,62.82,0
946769962,10.81,16020.00,3.87,62.82,0
946769982,10.81,16020.00,3.87,62.82,0
946770003,10.81,16020.00,3.87,62.82,0
946770023,10.81,16020.00,3.87,62.82,0
946770042,10.80,16020.00,3.87,62.82,0
946770062,10.81,16020.00,3.87,62.82,0
946770082,10.81,16020.00,3.87,62.82,0
946770102,10.81,16020.00,3.87,62.82,0
946770123,10.81,16020.00,3.87,62.82,0
946770143,10.81,16020.00,3.87,62.82,0
946770162,10.81,16020.00,3.87,62.82,0
946770182,10.81,16020.00,3.87,62.82,0
946770202,10.81,16020.00,3.87,62.82,0
946770223,10.81,16020.00,3.87,62.82,0
946770243,10.81,16020.00,3.87,62.82,0
946770263,10.81,16020.00,3.87,62.82,0
946770282,10.81,16020.00,3.87,62.68,0
946770302,10.81,16020.00,3.87,62.68,0
946770322,10.81,16020.00,3.87,62.68,0
946770343,10.81,16020.00,3.87,62.68,0
946770363,10.81,16020.00,3.87,62.68,0
946770383,10.81,16020.00,3.87,62.68,0
946770402,10.81,16020.00,3.87,62.68,0
946770422,10.81,16020.00,3.87,62.68,0
946770442,10.81,16010.00,3.87,62.68,0
946770463,10.81,16010.00,3.87,62.68,0
946770483,10.80,16010.00,3.87,62.68,0
946770502,10.81,16010.00,3.87,62.68,0
946770522,10.81,16010.00,3.87,62.68,0
946770542,10.80,16010.00,3.87,62.68,0
946770562,10.81,16010.00,3.87,62.68,0
946770583,10.80,16010.00,3.87,62.68,0
946770603,10.80,16010.00,3.87,62.68,0
946770622,10.81,16010.00,3.87,62.68,0
946770642,10.81,16010.00,3.87,62.68,0
946770662,10.81,16010.00,3.87,62.53,0
946770683,10.81,16010.00,3.87,62.53,0
946770703,10.81,16010.00,3.87,62.53,0
946770723,10.81,16010.00,3.87,62.53,0
946770742,10.81,16020.00,3.87,62.53,0
946770762,10.81,16020.00,3.87,62.53,0
946770782,10.81,16020.00,3.87,62.53,0
946770803,10.81,16020.00,3.87,62.53,0
946770823,10.81,16010.00,3.87,62.53,0
946770843,10.81,16010.00,3.87,62.53,0
946770862,10.81,16010.00,3.87,62.53,0
946770882,10.81,16010.00,3.87,62.53,0
946770902,10.81,16010.00,3.87,62.53,0
946770923,10.81,16010.00,3.87,62.53,0
946770943,10.81,16010.00,3.87,62.53,0
946770962,10.81,16010.00,3.87,62.53,0
946770982,10.81,16020.00,3.87,62.53,0
946771002,10.81,16010.00,3.87,62.53,0
946771022,10.81,16010.00,3.87,62.39,0
946771043,10.81,16010.00,3.87,62.39,0
946771063,10.80,16020.00,3.87,62.39,0
946771082,10.80,16020.00,3.87,62.39,0
946771102,10.80,16020.00,3.87,62.39,0
946771122,10.80,16020.00,3.87,62.39,0
946771143,10.80,16010.00,3.87,62.39,0
946771163,10.80,16020.00,3.87,62.39,0
946771183,10.80,16020.00,3.87,62.39,0
946771202,10.80,16020.00,3.87,62.39,0
946771222,10.80,16010.00,3.87,62.39,0
946771242,10.80,16010.00,3.87,62.39,0
946771263,10.80,16010.00,3.87,62.39,0
946771283,10.80,16020.00,3.87,62.39,0
946771303,10.81,16010.00,3.87,62.39,0
946771322,10.81,16010.00,3.87,62.39,0
946771342,10.81,16010.00,3.87,62.39,0
946771362,10.81,16010.00,3.87,62.39,0
946771382,10.81,16010.00,3.87,62.39,0
946771403,10.81,16010.00,3.87,62.24,0
946771423,10.80,16010.00,3.87,62.24,0
946771443,10.81,16010.00,3.87,62.24,0
946771462,10.80,16010.00,3.87,62.24,0
946771482,10.80,16010.00,3.87,62.24,0
946771502,10.81,16010.00,3.87,62.24,0
946771523,10.80,16010.00,3.87,62.24,0
946771543,10.80,16010.00,3.87,62.24,0
946771563,10.81,16010.00,3.86,62.24,0
946771582,10.80,16010.00,3.87,62.24,0
946771602,10.80,16010.00,3.86,62.24,0
946771622,10.80,16010.00,3.86,62.24,0
946771643,10.80,16010.00,3.86,62.24,0
946771663,10.80,16010.00,3.86,62.24,0
946771682,10.80,16010.00,3.86,62.24,0
946771702,10.80,16010.00,3.86,62.24,0
946771722,10.80,16010.00,3.86,62.24,0
946771742,10.80,16010.00,3.86,62.24,0
946771763,10.80,16010.00,3.86,62.24,0
946771783,10.80,16010.00,3.86,62.10,0
946771802,10.80,16010.00,3.86,62.10,0
946771822,10.80,16010.00,3.86,62.10,0
946771842,10.80,16010.00,3.86,62.10,0
946771863,10.80,16010.00,3.86,62.10,0
946771883,10.80,16010.00,3.86,62.10,0
946771903,10.80,16010.00,3.86,62.10,0
946771922,10.80,16010.00,3.86,62.10,0
946771942,10.80,16010.00,3.86,62.10,0
946771962,10.80,16010.00,3.86,62.10,0
946771983,10.80,16010.00,3.86,62.10,0
946772003,10.80,16010.00,3.86,62.10,0
946772023,10.80,16010.00,3.86,62.10,0
946772042,10.80,16010.00,3.86,62.10,0
946772062,10.80,16010.00,3.86,62.10,0
946772082,10.81,16010.00,3.86,62.10,0
946772103,10.80,16010.00,3.86,62.10,0
946772123,10.81,16010.00,3.86,62.10,0
946772142,10.80,16010.00,3.86,62.10,0
946772162,10.81,16010.00,3.86,61.95,0
946772182,10.81,16000.00,3.86,61.95,0
946772203,10.81,16010.00,3.86,61.95,0
946772223,10.81,16000.00,3.86,61.95,0
946772243,10.81,16010.00,3.86,61.95,0
946772262,10.80,16000.00,3.86,61.95,0
946772282,10.80,16000.00,3.86,61.95,0
946772302,10.80,16000.00,3.86,61.95,0
946772322,10.80,16000.00,3.86,61.95,0
946772343,10.80,16000.00,3.86,61.95,0
946772363,10.80,16000.00,3.86,61.95,0
946772382,10.80,16000.00,3.86,61.95,0
946772402,10.80,16000.00,3.86,61.95,0
946772422,10.80,16000.00,3.86,61.95,0
946772442,10.80,16000.00,3.86,61.95,0
946772463,10.80,16000.00,3.86,61.95,0
946772483,10.80,16000.00,3.86,61.95,0
946772502,10.80,16000.00,3.86,61.95,0
946772522,10.80,16000.00,3.86,61.95,0
946772542,10.79,16000.00,3.86,61.81,0
946772563,10.80,16000.00,3.86,61.81,0
946772583,10.80,16000.00,3.86,61.81,0
946772603,10.79,16000.00,3.86,61.81,0
946772622,10.79,16000.00,3.86,61.81,0
946772642,10.80,16000.00,3.86,61.81,0
946772662,10.80,16000.00,3.86,61.81,0
946772683,10.80,16000.00,3.86,61.81,0
946772703,10.80,16000.00,3.86,61.81,0
946772723,10.80,16000.00,3.86,61.81,0
946772742,10.80,16000.00,3.86,61.81,0
946772762,10.80,16000.00,3.86,61.81,0
946772782,10.80,16000.00,3.86,61.81,0
946772803,10.80,16000.00,3.86,61.81,0
946772823,10.80,16000.00,3.86,61.81,0
946772842,10.80,16000.00,3.86,61.81,0
946772862,10.80,16000.00,3.86,61.81,0
946772882,10.80,16000.00,3.86,61.81,0
946772902,10.80,16000.00,3.86,61.81,0
946772923,10.80,16000.00,3.86,61.81,0
946772943,10.79,16000.00,3.86,61.66,0
946772963,10.80,16000.00,3.86,61.66,0
946772982,10.80,16000.00,3.86,61.66,0
946773002,10.80,16000.00,3.86,61.66,0
946773022,10.80,16000.00,3.86,61.66,0
946773043,10.80,16000.00,3.86,61.66,0
946773063,10.80,15990.00,3.86,61.66,0
946773083,10.80,16000.00,3.86,61.66,0
946773102,10.80,15990.00,3.86,61.66,0
946773122,10.80,15990.00,3.86,61.66,0
946773142,10.80,15990.00,3.86,61.66,0
946773163,10.79,15990.00,3.86,61.66,0
946773183,10.80,15990.00,3.86,61.66,0
946773202,10.80,15990.00,3.86,61.66,0
946773222,10.80,15990.00,3.86,61.66,0
946773242,10.79,15990.00,3.86,61.66,0
946773262,10.80,15990.00,3.86,61.66,0
946773283,10.80,15990.00,3.86,61.66,0
946773303,10.80,15990.00,3.86,61.66,0
946773322,10.80,15990.00,3.86,61.66,0
946773342,10.80,15990.00,3.86,61.52,0
946773362,10.80,15990.00,3.86,61.52,0
946773383,10.80,15990.00,3.86,61.52,0
946773403,10.80,15990.00,3.86,61.52,0
946773423,10.80,15990.00,3.86,61.52,0
946773442,10.80,15990.00,3.86,61.52,0
946773462,10.80,15990.00,3.86,61.52,0
946773482,10.80,15990.00,3.86,61.52,0
946773503,10.80,15990.00,3.86,61.52,0
946773523,10.80,15990.00,3.86,61.52,0
946773543,10.80,15990.00,3.86,61.52,0
946773562,10.80,15990.00,3.86,61.52,0
946773582,10.80,15980.00,3.86,61.52,0
946773602,10.80,15980.00,3.86,61.52,0
946773623,10.80,15990.00,3.86,61.52,0
946773643,10.79,15980.00,3.86,61.52,0
946773662,10.80,15980.00,3.86,61.52,0
946773682,10.79,15980.00,3.86,61.52,0
946773702,10.79,15990.00,3.86,61.52,0
946773722,10.80,15980.00,3.86,61.52,0
946773743,10.80,15980.00,3.86,61.38,0
946773763,10.80,15980.00,3.86,61.38,0
946773782,10.80,15980.00,3.86,61.38,0
946773802,10.79,15980.00,3.86,61.38,0
946773822,10.80,15980.00,3.86,61.38,0
946773843,10.80,15980.00,3.86,61.38,0
946773863,10.80,15980.00,3.86,61.38,0
946773883,10.80,15980.00,3.86,61.38,0
946773902,10.79,15980.00,3.86,61.38,0
946773922,10.79,15980.00,3.86,61.38,0
946773942,10.79,15980.00,3.86,61.38,0
946773963,10.79,15980.00,3.86,61.38,0
946773983,10.79,15980.00,3.86,61.38,0
946774003,10.79,15980.00,3.86,61.38,0
946774022,10.79,15980.00,3.86,61.38,0
946774042,10.78,15980.00,3.86,61.38,0
946774062,10.78,15980.00,3.86,61.38,0
946774083,10.78,15970.00,3.86,61.38,0
946774103,10.78,15980.00,3.86,61.38,0
946774122,10.78,15970.00,3.86,61.38,0
946774142,10.78,15970.00,3.86,61.38,0
946774162,10.78,15970.00,3.86,61.38,0
946774182,10.77,15970.00,3.86,61.38,0
946774203,10.77,15970.00,3.86,61.38,0
946774223,10.77,15970.00,3.86,61.38,0
946774242,10.77,15970.00,3.86,61.38,0
946774262,10.78,15970.00,3.86,61.38,0
946774282,10.78,15970.00,3.86,61.38,0
946774303,10.78,15970.00,3.86,61.38,0
946774323,10.78,15970.00,3.86,61.38,0
946774343,10.77,15970.00,3.86,61.38,0
946774362,10.77,15970.00,3.86,61.38,0
946774382,10.77,15970.00,3.86,61.38,0
946774402,10.77,15970.00,3.86,61.38,0
946774423,10.77,15970.00,3.86,61.38,0
946774443,10.77,15960.00,3.86,61.38,0
946774463,10.77,15960.00,3.86,61.38,0
946774482,10.77,15960.00,3.86,61.38,0
946774502,10.77,15960.00,3.86,61.38,0
946774522,10.77,15970.00,3.86,61.38,0
946774543,10.77,15960.00,3.86,61.38,0
946774563,10.77,15970.00,3.86,61.38,0
946774582,10.76,15970.00,3.86,61.06,0
946774602,10.76,15970.00,3.86,61.06,0
946774622,10.76,15970.00,3.86,61.06,0
946774642,10.76,15960.00,3.86,61.06,0
946774663,10.76,15950.00,3.86,61.06,0
946774683,10.76,15950.00,3.86,61.06,0
946774703,10.76,15940.00,3.86,61.06,0
946774722,10.76,15940.00,3.86,61.06,0
946774742,10.76,15940.00,3.86,61.06,0
946774762,10.76,15940.00,3.86,61.06,0
946774783,10.76,15950.00,3.86,61.06,0
946774803,10.76,15940.00,3.86,61.06,0
946774823,10.75,15940.00,3.86,61.06,0
946774842,10.75,15940.00,3.86,61.06,0
946774862,10.75,15950.00,3.86,61.06,0
946774882,10.75,15940.00,3.86,61.06,0
946774902,10.75,15950.00,3.86,61.06,0
946774922,10.75,15940.00,3.86,61.06,0
946774943,10.75,15940.00,3.86,61.06,0
946774963,10.75,15940.00,3.86,61.06,0
946774982,10.75,15940.00,3.86,61.06,0
946775002,10.75,15940.00,3.86,61.06,0
946775022,10.75,15940.00,3.86,61.06,0
946775042,10.75,15940.00,3.86,61.06,0
946775063,10.74,15940.00,3.86,61.06,0
946775083,10.75,15940.00,3.86,61.06,0
946775102,10.75,15940.00,3.86,61.06,0
946775122,10.75,15930.00,3.86,61.06,0
946775142,10.74,15930.00,3.86,61.06,0
946775163,10.74,15930.00,3.86,61.06,0
946775183,10.74,15930.00,3.86,61.06,0
946775203,10.74,15930.00,3.86,61.06,0
946775222,10.75,15930.00,3.86,61.06,0
946775242,10.75,15930.00,3.86,61.06,0
946775262,10.75,15940.00,3.86,61.06,0
946775283,10.74,15940.00,3.86,61.06,0
946775303,10.74,15940.00,3.86,61.06,0
946775323,10.75,15940.00,3.86,61.06,0
946775342,10.75,15940.00,3.86,61.06,0
946775362,10.74,15940.00,3.86,61.06,0
946775382,10.74,15940.00,3.86,60.74,0
946775403,10.74,15940.00,3.86,60.74,0
946775423,10.74,15940.00,3.86,60.74,0
946775442,10.74,15940.00,3.86,60.74,0
946775462,10.74,15940.00,3.86,60.74,0
946775482,10.74,15940.00,3.86,60.74,0
946775502,10.74,15940.00,3.86,60.74,0
946775523,10.74,15940.00,3.86,60.74,0
946775543,10.73,15950.00,3.86,60.74,0
946775562,10.74,15940.00,3.86,60.74,0
946775582,10.73,15940.00,3.85,60.74,0
946775602,10.73,15940.00,3.85,60.74,0
946775622,10.73,15940.00,3.85,60.74,0
946775643,10.73,15940.00,3.85,60.74,0
946775663,10.73,15940.00,3.85,60.74,0
946775683,10.73,15940.00,3.85,60.74,0
946775702,10.73,15940.00,3.85,60.74,0
946775722,10.73,15940.00,3.85,60.74,0
946775742,10.73,15940.00,3.85,60.74,0
946775763,10.74,15940.00,3.85,60.74,0
946775783,10.74,15940.00,3.85,60.74,0
946775803,10.74,15940.00,3.85,60.74,0
946775822,10.74,15950.00,3.85,60.74,0
946775842,10.73,15950.00,3.85,60.74,0
946775862,10.73,15950.00,3.85,60.74,0
946775883,10.73,15950.00,3.85,60.74,0
946775903,10.73,15950.00,3.85,60.74,0
946775923,10.73,15950.00,3.85,60.74,0
946775942,10.73,15950.00,3.85,60.74,0
946775962,10.73,15960.00,3.85,60.74,0
946775982,10.73,15960.00,3.85,60.74,0
946776003,10.73,15960.00,3.85,60.74,0
946776023,10.73,15960.00,3.85,60.74,0
946776043,10.73,15960.00,3.85,60.74,0
946776062,10.73,15960.00,3.85,60.74,0
946776082,10.73,15960.00,3.85,60.74,0
946776102,10.73,15960.00,3.85,60.74,0
946776123,10.73,15960.00,3.85,60.74,0
946776143,10.73,15960.00,3.85,60.43,0
946776162,10.73,15960.00,3.85,60.43,0
946776182,10.73,15960.00,3.85,60.43,0
946776202,10.73,15960.00,3.85,60.43,0
946776223,10.73,15960.00,3.85,60.43,0
946776243,10.73,15960.00,3.85,60.43,0
946776263,10.73,15960.00,3.85,60.43,0
946776282,10.73,15960.00,3.85,60.43,0
946776302,10.73,15960.00,3.85,60.43,0
946776322,10.73,15960.00,3.85,60.43,0
946776343,10.73,15960.00,3.85,60.43,0
946776363,10.73,15960.00,3.85,60.43,0
946776383,10.73,15960.00,3.85,60.43,0
946776402,10.73,15960.00,3.85,60.43,0
946776422,10.73,15960.00,3.85,60.43,0
946776442,10.73,15960.00,3.85,60.43,0
946776463,10.73,15960.00,3.85,60.43,0
946776483,10.73,15960.00,3.85,60.43,0
946776503,10.73,15960.00,3.85,60.43,0
946776522,10.73,15960.00,3.85,60.43,0
946776542,10.73,15960.00,3.85,60.43,0
946776562,10.73,15960.00,3.85,60.43,0
946776583,10.72,15960.00,3.85,60.43,0
946776603,10.73,15960.00,3.85,60.43,0
946776622,10.72,15960.00,3.85,60.43,0
946776642,10.72,15960.00,3.85,60.43,0
946776662,10.72,15960.00,3.85,60.43,0
946776683,10.72,15960.00,3.85,60.43,0
946776703,10.72,15960.00,3.85,60.43,0
946776723,10.72,15960.00,3.85,60.43,0
946776742,10.72,15960.00,3.85,60.43,0
946776762,10.72,15960.00,3.85,60.43,0
946776782,10.72,15960.00,3.85,60.43,0
946776803,10.72,15960.00,3.85,60.43,0
946776823,10.72,15950.00,3.85,60.43,0
946776843,10.72,15950.00,3.85,60.43,0
946776862,10.72,15950.00,3.85,60.43,0
946776882,10.72,15950.00,3.85,60.43,0
946776902,10.72,15950.00,3.85,60.11,0
946776923,10.72,15950.00,3.85,60.11,0
946776943,10.72,15950.00,3.85,60.11,0
946776963,10.71,15950.00,3.85,60.11,0
946776982,10.72,15950.00,3.85,60.11,0
946777002,10.72,15960.00,3.85,60.11,0
946777022,10.72,15950.00,3.85,60.11,0
946777043,10.72,15950.00,3.85,60.11,0
946777063,10.72,15950.00,3.85,60.11,0
946777083,10.72,15950.00,3.85,60.11,0
946777102,10.72,15950.00,3.85,60.11,0
946777122,10.72,15950.00,3.85,60.11,0
946777142,10.72,15950.00,3.85,60.11,0
946777163,10.72,15950.00,3.85,60.11,0
946777183,10.72,15950.00,3.85,60.11,0
946777203,10.72,15950.00,3.85,60.11,0
946777222,10.72,15950.00,3.85,60.11,0
946777242,10.72,15950.00,3.85,60.11,0
946777262,10.72,15950.00,3.85,60.11,0
946777283,10.72,15950.00,3.85,60.11,0
946777303,10.72,15940.00,3.85,60.11,0
946777323,10.72,15950.00,3.85,60.11,0
946777342,10.72,15950.00,3.85,60.11,0
946777362,10.72,15940.00,3.85,60.11,0
946777382,10.72,15950.00,3.85,60.11,0
946777403,10.72,15940.00,3.85,60.11,0
946777423,10.72,15950.00,3.85,60.11,0
946777442,10.72,15940.00,3.85,60.11,0
946777462,10.72,15940.00,3.85,60.11,0
946777482,10.72,15940.00,3.85,60.11,0
946777503,10.72,15940.00,3.85,60.11,0
946777523,10.72,15940.00,3.85,60.11,0
946777543,10.72,15940.00,3.85,60.11,0
946777562,10.72,15940.00,3.85,60.11,0
946777582,10.72,15940.00,3.85,60.11,0
946777602,10.71,15940.00,3.85,60.11,0
946777623,10.72,15940.00,3.85,60.11,0
946777643,10.72,15940.00,3.85,60.11,0
946777663,10.71,15940.00,3.85,59.79,0
946777682,10.71,15940.00,3.85,59.79,0
946777702,10.71,15940.00,3.85,59.79,0
946777722,10.71,15940.00,3.85,59.79,0
946777743,10.71,15940.00,3.85,59.79,0
946777763,10.71,15940.00,3.85,59.79,0
946777783,10.71,15940.00,3.85,59.79,0
946777802,10.71,15940.00,3.85,59.79,0
946777822,10.71,15940.00,3.85,59.79,0
946777842,10.71,15940.00,3.85,59.79,0
946777863,10.71,15940.00,3.85,59.79,0
946777883,10.71,15940.00,3.85,59.79,0
946777902,10.71,15930.00,3.85,59.79,0
946777922,10.71,15940.00,3.85,59.79,0
946777942,10.71,15940.00,3.85,59.79,0
946777962,10.71,15940.00,3.85,59.79,0
946777983,10.71,15930.00,3.85,59.79,0
946778003,10.71,15930.00,3.85,59.79,0
946778023,10.71,15930.00,3.85,59.79,0
946778042,10.71,15930.00,3.85,59.79,0
946778062,10.71,15930.00,3.85,59.79,0
946778082,10.71,15930.00,3.85,59.79,0
946778103,10.71,15930.00,3.85,59.79,0
946778123,10.71,15940.00,3.85,59.79,0
946778143,10.71,15930.00,3.85,59.79,0
946778162,10.71,15940.00,3.85,59.79,0
946778182,10.71,15930.00,3.85,59.79,0
946778202,10.71,15940.00,3.85,59.79,0
946778222,10.71,15940.00,3.85,59.79,0
946778243,10.71,15940.00,3.85,59.79,0
946778263,10.71,15930.00,3.85,59.79,0
946778283,10.71,15940.00,3.85,59.79,0
946778302,10.71,15940.00,3.85,59.79,0
946778322,10.71,15930.00,3.85,59.79,0
946778342,10.71,15940.00,3.85,59.79,0
946778363,10.71,15930.00,3.85,59.79,0
946778383,10.71,15930.00,3.85,59.48,0
946778403,10.71,15940.00,3.85,59.48,0
946778422,10.71,15940.00,3.85,59.48,0
946778442,10.71,15940.00,3.85,59.48,0
946778462,10.71,15940.00,3.85,59.48,0
946778483,10.71,15940.00,3.85,59.48,0
946778503,10.71,15930.00,3.85,59.48,0
946778523,10.71,15930.00,3.85,59.48,0
946778542,10.71,15930.00,3.85,59.48,0
946778562,10.71,15930.00,3.85,59.48,0
946778582,10.71,15930.00,3.85,59.48,0
946778603,10.71,15930.00,3.85,59.48,0
946778623,10.71,15930.00,3.85,59.48,0
946778642,10.71,15930.00,3.85,59.48,0
946778662,10.71,15930.00,3.85,59.48,0
946778682,10.71,15930.00,3.85,59.48,0
946778702,10.71,15930.00,3.85,59.48,0
946778723,10.71,15940.00,3.85,59.48,0
946778743,10.71,15930.00,3.85,59.48,0
946778762,10.71,15930.00,3.85,59.48,0
946778782,10.71,15930.00,3.85,59.48,0
946778802,10.71,15930.00,3.85,59.48,0
946778823,10.71,15930.00,3.85,59.48,0
946778843,10.71,15930.00,3.85,59.48,0
946778863,10.71,15930.00,3.85,59.48,0
946778882,10.71,15930.00,3.85,59.48,0
946778902,10.71,15930.00,3.85,59.48,0
946778922,10.70,15930.00,3.85,59.48,0
946778943,10.71,15930.00,3.85,59.48,0
946778963,10.71,15930.00,3.85,59.48,0
946778983,10.71,15930.00,3.85,59.48,0
946779002,10.71,15930.00,3.85,59.48,0
946779022,10.71,15930.00,3.85,59.48,0
946779042,10.71,15930.00,3.85,59.48,0
946779063,10.70,15930.00,3.85,59.48,0
946779083,10.70,15930.00,3.85,59.48,0
946779103,10.70,15930.00,3.85,59.16,0
946779122,10.71,15930.00,3.85,59.16,0
946779142,10.71,15930.00,3.85,59.16,0
946779162,10.70,15930.00,3.85,59.16,0
946779183,10.71,15930.00,3.85,59.16,0
946779203,10.71,15930.00,3.85,59.16,0
946779222,10.71,15930.00,3.85,59.16,0
946779242,10.71,15930.00,3.85,59.16,0
946779262,10.71,15930.00,3.85,59.16,0
946779282,10.71,15930.00,3.85,59.16,0
946779303,10.71,15930.00,3.85,59.16,0
946779323,10.71,15930.00,3.85,59.16,0
946779342,10.71,15930.00,3.85,59.16,0
946779362,10.71,15920.00,3.85,59.16,0
946779382,10.71,15920.00,3.85,59.16,0
946779403,10.71,15920.00,3.85,59.16,0
946779423,10.70,15920.00,3.85,59.16,0
946779443,10.71,15920.00,3.85,59.16,0
946779462,10.71,15920.00,3.85,59.16,0
946779482,10.70,15920.00,3.85,59.16,0
946779502,10.70,15920.00,3.85,59.16,0
946779523,10.70,15920.00,3.85,59.16,0
946779543,10.70,15920.00,3.85,59.16,0
946779563,10.70,15920.00,3.85,59.16,0
946779582,10.70,15920.00,3.85,59.16,0
946779602,10.70,15920.00,3.85,59.16,0
946779622,10.70,15920.00,3.85,59.16,0
946779643,10.70,15920.00,3.85,59.16,0
946779663,10.70,15920.00,3.85,59.16,0
946779682,10.70,15920.00,3.85,59.16,0
946779702,10.70,15920.00,3.85,59.16,0
946779722,10.70,15920.00,3.85,59.16,0
946779742,10.70,15920.00,3.85,59.16,0
946779763,10.70,15920.00,3.85,59.16,0
946779783,10.70,15930.00,3.85,59.16,0
946779802,10.70,15920.00,3.85,58.84,0
946779822,10.70,15920.00,3.85,58.84,0
946779842,10.70,15920.00,3.85,58.84,0
946779863,10.70,15920.00,3.85,58.84,0
946779883,10.70,15920.00,3.85,58.84,0
946779903,10.70,15920.00,3.85,58.84,0
946779922,10.70,15930.00,3.85,58.84,0
946779942,10.70,15930.00,3.85,58.84,0
946779962,10.70,15920.00,3.85,58.84,0
946779983,10.70,15920.00,3.85,58.84,0
946780003,10.70,15920.00,3.85,58.84,0
946780023,10.71,15920.00,3.84,58.84,0
946780042,10.71,15920.00,3.85,58.84,0
946780062,10.71,15920.00,3.85,58.84,0
946780082,10.71,15920.00,3.84,58.84,0
946780102,10.71,15920.00,3.84,58.84,0
946780123,10.71,15920.00,3.84,58.84,0
946780143,10.70,15920.00,3.84,58.84,0
946780162,10.70,15920.00,3.84,58.84,0
946780182,10.70,15920.00,3.84,58.84,0
946780202,10.70,15920.00,3.84,58.84,0
946780223,10.70,15930.00,3.84,58.84,0
946780243,10.70,15930.00,3.84,58.84,0
946780263,10.70,15930.00,3.84,58.84,0
946780282,10.70,15930.00,3.84,58.84,0
946780302,10.70,15930.00,3.84,58.84,0
946780322,10.70,15930.00,3.84,58.84,0
946780343,10.71,15930.00,3.84,58.84,0
946780363,10.71,15930.00,3.84,58.84,0
946780383,10.70,15930.00,3.84,58.84,0
946780402,10.71,15930.00,3.84,58.84,0
946780422,10.71,15930.00,3.84,58.84,0
946780442,10.71,15930.00,3.84,58.84,0
946780463,10.71,15930.00,3.84,58.84,0
946780483,10.71,15930.00,3.84,58.84,0
946780502,10.71,15930.00,3.84,58.53,0
946780522,10.71,15940.00,3.84,58.53,0
946780542,10.71,15930.00,3.84,58.53,0
946780562,10.71,15930.00,3.84,58.53,0
946780583,10.71,15930.00,3.84,58.53,0
946780603,10.71,15930.00,3.84,58.53,0
946780622,10.71,15930.00,3.84,58.53,0
946780642,10.71,15930.00,3.84,58.53,0
946780662,10.70,15940.00,3.84,58.53,0
946780683,10.70,15930.00,3.84,58.53,0
946780703,10.71,15930.00,3.84,58.53,0
946780723,10.71,15930.00,3.84,58.53,0
946780742,10.71,15940.00,3.84,58.53,0
946780762,10.71,15930.00,3.84,58.53,0
946780782,10.71,15940.00,3.84,58.53,0
946780803,10.71,15940.00,3.84,58.53,0
946780823,10.71,15940.00,3.84,58.53,0
946780843,10.70,15940.00,3.84,58.53,0
946780862,10.70,15930.00,3.84,58.53,0
946780882,10.70,15930.00,3.84,58.53,0
946780902,10.70,15930.00,3.84,58.53,0
946780923,10.70,15930.00,3.84,58.53,0
946780943,10.70,15940.00,3.84,58.53,0
946780963,10.70,15940.00,3.84,58.53,0
946780982,10.70,15940.00,3.84,58.53,0
946781002,10.70,15940.00,3.84,58.53,0
946781022,10.70,15940.00,3.84,58.53,0
946781043,10.70,15940.00,3.84,58.53,0
946781063,10.70,15940.00,3.84,58.53,0
946781083,10.70,15940.00,3.84,58.53,0
946781102,10.70,15940.00,3.84,58.53,0
946781122,10.70,15940.00,3.84,58.53,0
946781142,10.71,15940.00,3.84,58.53,0
946781163,10.71,15940.00,3.84,58.53,0
946781183,10.71,15940.00,3.84,58.53,0
946781203,10.70,15940.00,3.84,58.21,0
946781222,10.70,15940.00,3.84,58.21,0
946781242,10.70,15940.00,3.84,58.21,0
946781262,10.70,15940.00,3.84,58.21,0
946781283,10.70,15940.00,3.84,58.21,0
946781303,10.70,15940.00,3.84,58.21,0
946781322,10.70,15940.00,3.84,58.21,0
946781342,10.70,15940.00,3.84,58.21,0
946781362,10.70,15940.00,3.84,58.21,0
946781382,10.70,15940.00,3.84,58.21,0
946781403,10.70,15930.00,3.84,58.21,0
946781423,10.70,15930.00,3.84,58.21,0
946781442,10.70,15940.00,3.84,58.21,0
946781462,10.70,15950.00,3.84,58.21,0
946781482,10.70,15950.00,3.84,58.21,0
946781502,10.70,15940.00,3.84,58.21,0
946781523,10.70,15940.00,3.84,58.21,0
946781543,10.70,15950.00,3.84,58.21,0
946781563,10.70,15940.00,3.84,58.21,0
946781582,10.70,15950.00,3.84,58.21,0
946781602,10.71,15950.00,3.84,58.21,0
946781622,10.71,15930.00,3.84,58.21,0
946781643,10.71,15940.00,3.84,58.21,0
946781663,10.71,15940.00,3.84,58.21,0
946781682,10.71,15940.00,3.84,58.21,0
946781702,10.71,15950.00,3.84,58.21,0
946781722,10.71,15940.00,3.84,58.21,0
946781743,10.71,15940.00,3.84,58.21,0
946781763,10.71,15940.00,3.84,58.21,0
946781783,10.71,15950.00,3.84,58.21,0
946781802,10.70,15950.00,3.84,58.21,0
946781822,10.70,15950.00,3.84,58.21,0
946781842,10.70,15950.00,3.84,58.21,0
946781863,10.70,15950.00,3.84,58.21,0
946781883,10.70,15950.00,3.84,57.89,0
946781903,10.70,15940.00,3.84,57.89,0
946781922,10.70,15950.00,3.84,57.89,0
946781942,10.70,15950.00,3.84,57.89,0
946781962,10.70,15950.00,3.84,57.89,0
946781983,10.70,15950.00,3.84,57.89,0
946782003,10.70,15940.00,3.84,57.89,0
946782023,10.70,15940.00,3.84,57.89,0
946782042,10.70,15950.00,3.84,57.89,0
946782062,10.70,15940.00,3.84,57.89,0
946782082,10.70,15940.00,3.84,57.89,0
946782103,10.70,15940.00,3.84,57.89,0
946782123,10.70,15950.00,3.84,57.89,0
946782142,10.70,15950.00,3.84,57.89,0
946782162,10.70,15950.00,3.84,57.89,0
946782182,10.70,15930.00,3.84,57.89,0
946782203,10.70,15930.00,3.84,57.89,0
946782223,10.70,15930.00,3.84,57.89,0
946782243,10.70,15930.00,3.84,57.89,0
946782262,10.70,15940.00,3.84,57.89,0
946782282,10.70,15930.00,3.84,57.89,0
946782302,10.70,15930.00,3.84,57.89,0
946782322,10.70,15940.00,3.84,57.89,0
946782343,10.70,15940.00,3.84,57.89,0
946782363,10.70,15930.00,3.84,57.89,0
946782383,10.70,15940.00,3.84,57.89,0
946782402,10.70,15920.00,3.84,57.89,0
946782422,10.70,15920.00,3.84,57.89,0
946782442,10.70,15930.00,3.84,57.89,0
946782463,10.70,15940.00,3.84,57.89,0
946782483,10.70,15930.00,3.84,57.89,0
946782502,10.70,15940.00,3.84,57.89,0
946782522,10.70,15930.00,3.84,57.89,0
946782542,10.70,15930.00,3.84,57.89,0
946782563,10.70,15930.00,3.84,57.58,0
946782583,10.70,15920.00,3.84,57.58,0
946782603,10.70,15930.00,3.84,57.58,0
946782622,10.70,15930.00,3.84,57.58,0
946782642,10.70,15940.00,3.84,57.58,0
946782662,10.70,15940.00,3.84,57.58,0
946782683,10.70,15930.00,3.84,57.58,0
946782703,10.70,15930.00,3.84,57.58,0
946782723,10.70,15940.00,3.84,57.58,0
946782742,10.70,15930.00,3.84,57.58,0
946782762,10.70,15930.00,3.84,57.58,0
946782782,10.70,15930.00,3.84,57.58,0
946782803,10.70,15930.00,3.84,57.58,0
946782823,10.70,15930.00,3.84,57.58,0
946782843,10.70,15930.00,3.84,57.58,0
946782862,10.70,15930.00,3.84,57.58,0
946782882,10.70,15930.00,3.84,57.58,0
946782902,10.70,15930.00,3.84,57.58,0
946782923,10.70,15930.00,3.84,57.58,0
946782943,10.70,15930.00,3.84,57.58,0
946782963,10.70,15930.00,3.84,57.58,0
946782982,10.70,15930.00,3.84,57.58,0
946783002,10.70,15930.00,3.84,57.58,0
946783022,10.70,15930.00,3.84,57.58,0
946783043,10.70,15930.00,3.84,57.58,0
946783063,10.70,15930.00,3.84,57.58,0
946783083,10.70,15930.00,3.84,57.58,0
946783102,10.70,15930.00,3.84,57.58,0
946783122,10.71,15930.00,3.84,57.58,0
946783142,10.70,15930.00,3.84,57.58,0
946783163,10.70,15930.00,3.84,57.58,0
946783183,10.70,15930.00,3.84,57.58,0
946783203,10.70,15930.00,3.84,57.58,0
946783222,10.70,15930.00,3.84,57.58,0
946783242,10.70,15930.00,3.84,57.26,0
946783262,10.70,15930.00,3.84,57.26,0
946783283,10.70,15930.00,3.84,57.26,0
946783303,10.70,15930.00,3.84,57.26,0
946783322,10.70,15930.00,3.84,57.26,0
946783342,10.70,15930.00,3.84,57.26,0
946783362,10.70,15930.00,3.84,57.26,0
946783382,10.70,15930.00,3.84,57.26,0
946783403,10.70,15920.00,3.84,57.26,0
946783423,10.70,15920.00,3.84,57.26,0
946783443,10.70,15930.00,3.84,57.26,0
946783462,10.70,15930.00,3.84,57.26,0
946783482,10.70,15930.00,3.84,57.26,0
946783502,10.70,15930.00,3.84,57.26,0
946783523,10.70,15930.00,3.84,57.26,0
946783543,10.70,15910.00,3.84,57.26,0
946783562,10.70,15910.00,3.84,57.26,0
946783582,10.70,15920.00,3.84,57.26,0
946783602,10.70,15900.00,3.84,57.26,0
946783622,10.70,15900.00,3.84,57.26,0
946783643,10.70,15880.00,3.84,57.26,0
946783663,10.70,15890.00,3.84,57.26,0
946783682,10.70,15900.00,3.84,57.26,0
946783702,10.70,15900.00,3.84,57.26,0
946783722,10.70,15910.00,3.84,57.26,0
946783743,10.70,15900.00,3.84,57.26,0
946783763,10.70,15910.00,3.84,57.26,0
946783783,10.70,15910.00,3.84,57.26,0
946783802,10.70,15900.00,3.84,57.26,0
946783822,10.70,15900.00,3.84,57.26,0
946783842,10.70,15890.00,3.84,57.26,0
946783863,10.70,15900.00,3.84,57.26,0
946783883,10.70,15890.00,3.84,57.26,0
946783903,10.70,15910.00,3.84,56.95,0
946783922,10.70,15910.00,3.84,56.95,0
946783942,10.70,15910.00,3.84,56.95,0
946783962,10.70,15890.00,3.84,56.95,0
946783983,10.70,15880.00,3.84,56.95,0
946784003,10.70,15890.00,3.84,56.95,0
946784022,10.70,15900.00,3.84,56.95,0
946784042,10.69,15840.00,3.84,56.95,0
946784062,10.69,15890.00,3.84,56.95,0
946784082,10.69,15830.00,3.84,56.95,0
946784103,10.69,15830.00,3.84,56.95,0
946784123,10.69,15850.00,3.84,56.95,0
946784142,10.69,15920.00,3.84,56.95,0
946784162,10.69,15930.00,3.84,56.95,0
946784182,10.69,15920.00,3.84,56.95,0
946784203,10.70,15920.00,3.84,56.95,0
946784223,10.70,15890.00,3.84,56.95,0
946784243,10.70,15900.00,3.84,56.95,0
946784262,10.70,15890.00,3.84,56.95,0
946784282,10.70,15860.00,3.84,56.95,0
946784302,10.70,15890.00,3.84,56.95,0
946784323,10.70,15880.00,3.84,56.95,0
946784343,10.70,15870.00,3.84,56.95,0
946784363,10.70,15880.00,3.84,56.95,0
946784382,10.70,15910.00,3.84,56.95,0
946784402,10.70,15870.00,3.84,56.95,0
946784422,10.70,15910.00,3.84,56.95,0
946784443,10.70,15900.00,3.84,56.95,0
946784463,10.70,15880.00,3.84,56.95,0
946784482,10.70,15900.00,3.84,56.95,0
946784502,10.70,15900.00,3.84,56.95,0
946784522,10.70,15810.00,3.84,56.95,0
946784542,10.70,15910.00,3.84,56.95,0
946784563,10.69,15820.00,3.84,56.95,0
946784583,10.69,15850.00,3.84,56.63,0
946784602,10.70,15820.00,3.84,56.63,0
946784622,10.70,15800.00,3.84,56.63,0
946784642,10.70,15830.00,3.84,56.63,0
946784663,10.70,15810.00,3.84,56.63,0
946784683,10.70,15830.00,3.84,56.63,0
946784703,10.70,15820.00,3.84,56.63,0
946784722,10.70,15820.00,3.84,56.63,0
946784742,10.70,15830.00,3.84,56.63,0
946784762,10.70,15820.00,3.84,56.63,0
946784783,10.70,15890.00,3.84,56.63,0
946784803,10.70,15870.00,3.84,56.63,0
946784823,10.70,15820.00,3.83,56.63,0
946784842,10.70,15830.00,3.83,56.63,0
946784862,10.70,15840.00,3.84,56.63,0
946784882,10.70,15830.00,3.83,56.63,0
946784903,10.70,15830.00,3.83,56.63,0
946784923,10.70,15840.00,3.83,56.63,0
946784942,10.70,15830.00,3.83,56.63,0
946784962,10.70,15850.00,3.83,56.63,0
946784982,10.70,15890.00,3.83,56.63,0
946785002,10.70,15870.00,3.83,56.63,0
946785023,10.70,15830.00,3.83,56.63,0
946785043,10.70,15820.00,3.83,56.63,0
946785062,10.70,15890.00,3.83,56.63,0
946785082,10.70,15910.00,3.83,56.63,0
946785102,10.69,15850.00,3.83,56.63,0
946785123,10.70,15840.00,3.83,56.63,0
946785143,10.70,15780.00,3.83,56.63,0
946785163,10.70,15840.00,3.83,56.63,0
946785182,10.70,15910.00,3.83,56.63,0
946785202,10.70,15910.00,3.83,56.63,0
946785222,10.69,15890.00,3.83,56.63,0
946785243,10.70,15810.00,3.83,56.31,0
946785263,10.70,15880.00,3.83,56.31,0
946785283,10.69,15840.00,3.83,56.31,0
946785302,10.69,15860.00,3.83,56.31,0
946785322,10.69,15850.00,3.83,56.31,0
946785342,10.69,15890.00,3.83,56.31,0
946785362,10.69,15840.00,3.83,56.31,0
946785383,10.69,15870.00,3.83,56.31,0
946785403,10.69,15820.00,3.83,56.31,0
946785422,10.69,15780.00,3.83,56.31,0
946785442,10.69,15890.00,3.83,56.31,0
946785462,10.70,15860.00,3.83,56.31,0
946785483,10.70,15860.00,3.83,56.31,0
946785503,10.70,15890.00,3.83,56.31,0
946785523,10.70,15870.00,3.83,56.31,0
946785542,10.70,15900.00,3.83,56.31,0
946785562,10.70,15910.00,3.83,56.31,0
946785582,10.70,15880.00,3.83,56.31,0
946785603,10.70,15860.00,3.83,56.31,0
946785623,10.70,15880.00,3.83,56.31,0
946785643,10.70,15870.00,3.83,56.31,0
946785662,10.70,15940.00,3.83,56.31,0
946785682,10.70,15850.00,3.83,56.31,0
946785702,10.70,15910.00,3.83,56.31,0
946785723,10.70,15870.00,3.83,56.31,0
946785743,10.70,15840.00,3.83,56.31,0
946785762,10.70,15920.00,3.83,56.31,0
946785782,10.70,15900.00,3.83,56.31,0
946785802,10.69,15840.00,3.83,56.31,0
946785822,10.70,15810.00,3.83,56.31,0
946785843,10.70,15820.00,3.83,56.31,0
946785863,10.70,15910.00,3.83,56.31,0
946785882,10.70,15870.00,3.83,56.31,0
946785902,10.70,15920.00,3.83,56.00,0
946785922,10.70,15920.00,3.83,56.00,0
946785943,10.70,15930.00,3.83,56.00,0
946785963,10.70,15890.00,3.83,56.00,0
946785983,10.70,15930.00,3.83,56.00,0
946786002,10.70,15940.00,3.83,56.00,0
946786022,10.70,15870.00,3.83,56.00,0
946786042,10.70,15830.00,3.83,56.00,0
946786063,10.70,15930.00,3.83,56.00,0
946786083,10.70,15930.00,3.83,56.00,0
946786103,10.70,15940.00,3.83,56.00,0
946786122,10.70,15950.00,3.83,56.00,0
946786142,10.70,15920.00,3.83,56.00,0
946786162,10.70,15940.00,3.83,56.00,0
946786183,10.70,15930.00,3.83,56.00,0
946786203,10.70,15860.00,3.83,56.00,0
946786222,10.70,15860.00,3.83,56.00,0
946786242,10.70,15880.00,3.83,56.00,0
946786262,10.70,15840.00,3.83,56.00,0
946786282,10.70,15830.00,3.83,56.00,0
946786303,10.70,15850.00,3.83,56.00,0
946786323,10.70,15830.00,3.83,56.00,0
946786342,10.70,15850.00,3.83,56.00,0
946786362,10.70,15880.00,3.83,56.00,0
946786382,10.70,15840.00,3.83,56.00,0
946786402,10.70,15860.00,3.83,56.00,0
946786423,10.70,15930.00,3.83,56.00,0
946786443,10.70,15880.00,3.83,56.00,0
946786463,10.70,15940.00,3.83,56.00,0
946786482,10.70,15940.00,3.83,56.00,0
946786502,10.70,15850.00,3.83,56.00,0
946786522,10.71,15850.00,3.83,56.00,0
946786543,10.71,15850.00,3.83,56.00,0
946786563,10.71,15910.00,3.83,55.68,0
946786582,10.71,15830.00,3.83,55.68,0
