Real_Time,Temp_C,Cond_uScm-1,CellVoltage,StateofCharge,ErrorCode
946684805,25.89,0.00,0.50,96.71,0
946684822,25.90,0.00,0.05,95.29,0
946684843,24.94,0.00,0.04,93.86,0
946684863,28.95,854.40,0.04,92.44,0
946684882,25.25,19730.00,0.04,90.86,0
946684902,23.23,19800.00,0.04,89.43,0
946684922,22.56,0.00,0.04,87.93,0
946684943,28.06,0.00,0.04,86.49,0
Real_Time,Temp_C,Cond_uScm-1,CellVoltage,StateofCharge,ErrorCode
Real_Time,Temp_C,Cond_uScm-1,CellVoltage,StateofCharge,ErrorCode
946684805,20.32,0.00,0.45,97.03,0
946684823,20.31,0.00,0.04,95.60,0
946684843,19.90,0.00,0.04,94.18,0
946684863,19.73,0.00,0.04,92.60,0
946684882,21.39,0.00,0.04,91.17,0
946684902,22.73,0.00,0.04,89.59,0
946684922,22.88,0.00,0.04,88.07,0
946684943,22.97,0.00,0.04,86.63,0
946684963,23.16,0.00,0.04,85.20,0
946684982,23.15,0.00,0.04,83.68,0
946685002,23.15,0.00,0.04,82.21,0
946685022,23.16,0.00,0.04,80.75,0
946685043,23.14,0.00,0.04,79.28,0
946685063,23.14,0.00,0.04,77.81,0
946685083,23.15,0.00,0.04,76.18,0
946685102,23.16,0.00,0.04,74.71,0
946685122,23.31,0.00,0.04,73.40,0
946685143,23.31,0.00,0.04,71.76,0
946685163,23.29,0.00,0.04,70.28,0
946685183,23.13,0.00,0.04,68.80,0
946685202,22.93,0.00,0.04,67.30,0
946685222,22.79,0.00,0.04,65.71,0
946685243,22.93,10010.00,0.04,64.41,0
946685263,23.10,10010.00,0.04,62.96,0
946685283,23.28,10020.00,0.04,61.52,0
946685302,23.27,10020.00,0.04,60.11,0
946685322,23.38,10020.00,0.04,58.53,0
946685342,23.21,10020.00,0.04,56.95,0
946685363,23.23,10020.00,0.04,55.68,0
946685383,23.23,10020.00,0.04,54.10,0
946685402,23.45,10020.00,0.04,52.70,0
946685422,23.30,10020.00,0.04,51.16,0
946685442,23.27,10020.00,0.04,49.62,0
946685463,23.27,10020.00,0.04,48.09,0
946685483,23.28,10020.00,0.04,46.50,0
946685502,23.29,10020.00,0.04,45.28,0
946685522,23.30,10020.00,0.04,43.64,0
946685542,23.24,10030.00,0.04,42.41,0
946685563,23.41,10030.00,0.04,40.82,0
946685583,23.27,10020.00,0.04,39.38,0
946685602,23.42,10030.00,0.04,37.94,0
946685622,23.20,10020.00,0.04,36.50,0
946685642,23.35,10020.00,0.04,35.06,0
946685663,23.34,10020.00,0.04,33.41,0
946685683,22.95,4837.00,0.04,32.12,0
946685703,22.94,0.00,0.04,30.83,0
946685722,23.25,0.00,0.04,29.11,0
946685742,23.29,22000.00,0.04,27.82,0
946685763,23.42,22060.00,0.04,26.54,0
946685783,23.41,22070.00,0.04,24.82,0
946685803,23.39,22060.00,0.04,23.53,0
946685822,23.38,22060.00,0.04,21.81,0
946685842,23.42,22070.00,0.04,20.52,0
946685863,23.28,22070.00,0.04,19.05,0
946685883,23.30,22070.00,0.04,17.50,0
946685903,23.31,22060.00,0.04,16.21,0
Real_Time,Temp_C,Cond_uScm-1,CellVoltage,StateofCharge,ErrorCode
946684805,23.44,22060.00,0.50,13.10,0
946684822,23.35,22070.00,0.04,11.81,0
946684843,23.35,22070.00,0.04,10.26,0
946684863,23.30,22060.00,0.04,8.96,0
946684882,23.32,22070.00,0.04,7.47,0
946684902,23.49,22070.00,0.04,6.12,0
946684922,23.48,22060.00,0.04,4.89,0
946684942,23.47,22060.00,0.04,3.62,0
946684963,23.46,22060.00,0.04,2.31,0
946684983,23.44,22060.00,0.04,1.60,0
946685003,23.51,22050.00,0.04,0.82,0
946685022,23.45,22070.00,0.04,0.14,0
946685042,23.47,22060.00,0.04,0.05,0
946685062,23.46,22060.00,0.04,0.00,0
946685083,23.39,22070.00,0.04,0.00,0
946685103,23.38,22050.00,0.04,0.00,0
946685122,23.38,22050.00,0.04,0.00,0
946685142,23.39,22010.00,0.04,0.00,0
946685162,23.05,0.00,0.04,0.00,0
946685183,22.74,0.00,0.04,0.00,0
Real_Time,Temp_C,Cond_uScm-1,CellVoltage,StateofCharge,ErrorCode
946684806,0.00,0.00,4.07,85.63,0
946684823,0.00,0.00,4.07,85.63,0
946684843,0.00,0.00,4.07,85.63,0
946684862,0.00,0.00,4.07,85.63,0
946684883,0.00,0.00,4.07,85.63,0
946684902,0.00,0.00,4.07,85.63,0
946684923,0.00,0.00,4.07,85.63,0
946684943,0.00,0.00,4.07,85.63,0
946684963,0.00,0.00,4.07,85.63,0
946684983,0.00,0.00,4.07,85.63,0
946685003,0.00,0.00,4.07,85.63,0
946685023,0.00,0.00,4.07,85.63,0
946685043,0.00,0.00,4.07,85.63,0
946685063,0.00,0.00,4.07,85.63,0
946685082,0.00,0.00,4.07,85.63,0
946685103,0.00,0.00,4.07,85.63,0
946685123,0.00,0.00,4.07,85.63,0
946685143,0.00,0.00,4.07,85.63,0
946685163,0.00,0.00,4.07,85.63,0
946685183,0.00,0.00,4.07,85.63,0
946685203,0.00,0.00,4.07,85.63,0
946685222,0.00,0.00,4.07,85.63,0
946685243,0.00,0.00,4.07,85.63,0
946685263,0.00,0.00,4.07,85.63,0
946685283,0.00,0.00,4.07,85.63,0
946685303,0.00,0.00,4.07,85.63,0
946685323,0.00,0.00,4.07,85.63,0
946685343,0.00,0.00,4.07,85.63,0
946685362,0.00,0.00,4.07,85.63,0
946685383,0.00,0.00,4.07,85.63,0
946685403,0.00,0.00,4.07,85.63,0
946685423,0.00,0.00,4.07,85.63,0
946685443,0.00,0.00,4.07,85.63,0
946685463,0.00,0.00,4.07,85.63,0
946685483,0.00,0.00,4.07,85.63,0
946685502,0.00,0.00,4.07,85.63,0
946685523,0.00,0.00,4.07,85.63,0
946685543,0.00,0.00,4.07,85.63,0
946685563,0.00,0.00,4.07,85.63,0
946685583,0.00,0.00,4.07,85.63,0
946685603,0.00,0.00,4.07,85.63,0
946685623,0.00,0.00,4.07,85.63,0
946685642,0.00,0.00,4.07,85.63,0
946685663,0.00,0.00,4.07,85.63,0
946685683,0.00,0.00,4.07,85.63,0
946685703,0.00,0.00,4.07,85.63,0
946685723,0.00,0.00,4.07,85.63,0
946685743,0.00,0.00,4.07,85.63,0
946685763,0.00,0.00,4.07,85.63,0
946685782,0.00,0.00,4.07,85.63,0
946685803,0.00,0.00,4.07,85.63,0
946685823,0.00,0.00,4.07,85.63,0
946685843,0.00,0.00,4.07,85.63,0
946685863,0.00,0.00,4.07,85.63,0
946685883,0.00,0.00,4.07,85.63,0
946685903,0.00,0.00,4.07,85.63,0
946685923,0.00,0.00,4.07,85.63,0
946685943,0.00,0.00,4.07,85.63,0
946685962,0.00,0.00,4.07,85.63,0
946685983,0.00,0.00,4.07,85.63,0
946686003,0.00,0.00,4.07,85.63,0
946686023,0.00,0.00,4.07,85.63,0
946686043,0.00,0.00,4.07,85.63,0
946686063,0.00,0.00,4.07,85.63,0
946686083,0.00,0.00,4.07,85.63,0
946686102,0.00,0.00,4.07,85.63,0
946686123,0.00,0.00,4.07,85.63,0
946686143,0.00,0.00,4.07,85.63,0
946686163,0.00,0.00,4.07,85.63,0
946686183,0.00,0.00,4.07,85.63,0
946686203,0.00,0.00,4.07,85.63,0
946686223,0.00,0.00,4.07,85.63,0
946686242,0.00,0.00,4.07,85.63,0
946686263,0.00,0.00,4.07,85.63,0
946686283,0.00,0.00,4.07,85.63,0
946686303,0.00,0.00,4.07,85.63,0
946686323,0.00,0.00,4.07,85.63,0
946686343,0.00,0.00,4.07,85.63,0
946686363,0.00,0.00,4.07,85.63,0
946686382,0.00,0.00,4.07,85.63,0
946686403,0.00,0.00,4.07,85.63,0
946686423,0.00,0.00,4.07,85.63,0
946686443,0.00,0.00,4.07,85.63,0
946686463,0.00,0.00,4.07,85.63,0
946686483,0.00,0.00,4.07,85.63,0
946686503,0.00,0.00,4.07,85.63,0
946686523,0.00,0.00,4.07,85.63,0
946686543,0.00,0.00,4.07,85.63,0
946686562,0.00,0.00,4.07,85.63,0
946686583,0.00,0.00,4.07,85.63,0
946686603,0.00,0.00,4.07,85.63,0
946686623,0.00,0.00,4.07,85.63,0
946686643,0.00,0.00,4.07,85.63,0
946686663,0.00,0.00,4.07,85.63,0
946686683,0.00,0.00,4.07,85.63,0
946686702,0.00,0.00,4.07,85.63,0
946686723,0.00,0.00,4.07,85.63,0
946686743,0.00,0.00,4.07,85.63,0
946686763,0.00,0.00,4.07,85.63,0
946686783,0.00,0.00,4.07,85.63,0
946686803,0.00,0.00,4.07,85.63,0
946686823,0.00,0.00,4.07,85.63,0
946686842,0.00,0.00,4.07,85.63,0
946686863,0.00,0.00,4.07,85.63,0
946686883,0.00,0.00,4.07,85.63,0
946686903,0.00,0.00,4.07,85.63,0
946686923,0.00,0.00,4.07,85.63,0
946686943,0.00,0.00,4.07,85.63,0
946686963,0.00,0.00,4.07,85.63,0
946686983,0.00,0.00,4.07,85.63,0
946687003,0.00,0.00,4.07,85.63,0
946687022,0.00,0.00,4.07,85.63,0
946687043,0.00,0.00,4.07,85.63,0
946687063,0.00,0.00,4.07,85.63,0
946687083,0.00,0.00,4.07,85.63,0
946687103,0.00,0.00,4.07,85.63,0
946687123,0.00,0.00,4.07,85.63,0
946687143,0.00,0.00,4.07,85.63,0
946687162,0.00,0.00,4.07,85.63,0
946687183,0.00,0.00,4.07,85.63,0
946687203,0.00,0.00,4.07,85.63,0
946687223,0.00,0.00,4.07,85.63,0
946687243,0.00,0.00,4.07,85.63,0
946687263,0.00,0.00,4.07,85.63,0
946687283,0.00,0.00,4.07,85.63,0
946687302,0.00,0.00,4.07,85.63,0
946687323,0.00,0.00,4.07,85.63,0
946687343,0.00,0.00,4.07,85.63,0
946687363,0.00,0.00,4.07,85.63,0
946687383,0.00,0.00,4.07,85.63,0
946687403,0.00,0.00,4.07,85.63,0
946687423,0.00,0.00,4.07,85.63,0
946687442,0.00,0.00,4.07,85.63,0
946687463,0.00,0.00,4.07,85.63,0
946687482,0.00,0.00,4.07,85.63,0
946687503,0.00,0.00,4.07,85.63,0
946687523,0.00,0.00,4.07,85.63,0
946687543,0.00,0.00,4.07,85.63,0
946687563,0.00,0.00,4.07,85.63,0
946687583,0.00,0.00,4.07,85.63,0
946687603,0.00,0.00,4.07,85.63,0
946687622,0.00,0.00,4.07,85.63,0
946687643,0.00,0.00,4.07,85.63,0
946687663,0.00,0.00,4.07,85.63,0
946687683,0.00,0.00,4.07,85.63,0
946687703,0.00,0.00,4.07,85.63,0
946687723,0.00,0.00,4.07,85.63,0
946687743,0.00,0.00,4.07,85.63,0
946687762,0.00,0.00,4.07,85.63,0
946687783,0.00,0.00,4.07,85.63,0
946687803,0.00,0.00,4.07,85.63,0
946687823,0.00,0.00,4.07,85.63,0
946687843,0.00,0.00,4.07,85.63,0
946687863,0.00,0.00,4.07,85.63,0
946687883,0.00,0.00,4.07,85.63,0
946687902,0.00,0.00,4.07,85.63,0
946687923,0.00,0.00,4.07,85.63,0
946687943,0.00,0.00,4.07,85.63,0
946687963,0.00,0.00,4.07,85.63,0
946687983,0.00,0.00,4.07,85.63,0
946688003,0.00,0.00,4.07,85.63,0
946688023,0.00,0.00,4.07,85.63,0
946688043,0.00,0.00,4.07,85.63,0
946688063,0.00,0.00,4.07,85.63,0
946688082,0.00,0.00,4.07,85.63,0
946688103,0.00,0.00,4.07,85.63,0
946688122,0.00,0.00,4.07,85.63,0
946688143,0.00,0.00,4.07,85.63,0
946688163,0.00,0.00,4.07,85.63,0
946688183,0.00,0.00,4.07,85.63,0
946688203,0.00,0.00,4.07,85.63,0
946688223,0.00,0.00,4.07,85.63,0
946688243,0.00,0.00,4.07,85.63,0
946688262,0.00,0.00,4.07,85.63,0
946688283,0.00,0.00,4.07,85.63,0
946688303,0.00,0.00,4.07,85.63,0
946688323,0.00,0.00,4.07,85.63,0
946688343,0.00,0.00,4.07,85.63,0
946688363,0.00,0.00,4.07,85.63,0
946688383,0.00,0.00,4.07,85.63,0
946688402,0.00,0.00,4.07,85.63,0
946688423,0.00,0.00,4.07,85.63,0
946688443,0.00,0.00,4.07,85.63,0
946688463,0.00,0.00,4.07,85.63,0
946688483,0.00,0.00,4.07,85.63,0
946688503,0.00,0.00,4.07,85.63,0
946688523,0.00,0.00,4.07,85.63,0
946688542,0.00,0.00,4.07,85.63,0
946688563,0.00,0.00,4.07,85.63,0
946688583,0.00,0.00,4.07,85.63,0
946688603,0.00,0.00,4.07,85.63,0
946688623,0.00,0.00,4.07,85.77,0
946688643,0.00,0.00,4.07,85.77,0
946688663,0.00,0.00,4.07,85.77,0
946688682,0.00,0.00,4.07,85.77,0
946688703,0.00,0.00,4.07,85.77,0
946688723,0.00,0.00,4.07,85.77,0
946688743,0.00,0.00,4.07,85.77,0
946688763,0.00,0.00,4.07,85.77,0
946688783,0.00,0.00,4.07,85.77,0
946688803,0.00,0.00,4.07,85.77,0
946688822,0.00,0.00,4.07,85.77,0
946688843,0.00,0.00,4.07,85.77,0
946688863,0.00,0.00,4.07,85.77,0
946688883,0.00,0.00,4.07,85.77,0
946688903,0.00,0.00,4.07,85.77,0
946688923,0.00,0.00,4.07,85.77,0
946688943,0.00,0.00,4.07,85.77,0
946688962,0.00,0.00,4.07,85.77,0
946688983,0.00,0.00,4.07,85.77,0
946689003,0.00,0.00,4.07,85.77,0
946689023,0.00,0.00,4.07,85.77,0
946689043,0.00,0.00,4.07,85.77,0
946689063,0.00,0.00,4.07,85.77,0
946689083,0.00,0.00,4.07,85.77,0
946689103,0.00,0.00,4.07,85.77,0
946689123,0.00,0.00,4.07,85.77,0
946689142,0.00,0.00,4.07,85.77,0
946689163,0.00,0.00,4.07,85.77,0
946689183,0.00,0.00,4.07,85.77,0
946689203,0.00,0.00,4.07,85.77,0
946689223,0.00,0.00,4.07,85.77,0
946689243,0.00,0.00,4.07,85.77,0
946689263,0.00,0.00,4.07,85.77,0
946689282,0.00,0.00,4.07,85.77,0
946689303,0.00,0.00,4.07,85.77,0
946689323,0.00,0.00,4.07,85.77,0
946689343,0.00,0.00,4.07,85.77,0
946689363,0.00,0.00,4.07,85.77,0
946689383,0.00,0.00,4.07,85.77,0
946689403,0.00,0.00,4.07,85.77,0
946689422,0.00,0.00,4.07,85.77,0
946689443,0.00,0.00,4.07,85.77,0
946689463,0.00,0.00,4.07,85.77,0
946689483,0.00,0.00,4.07,85.77,0
946689503,0.00,0.00,4.07,85.77,0
946689523,0.00,0.00,4.07,85.77,0
946689543,0.00,0.00,4.07,85.77,0
946689562,0.00,0.00,4.07,85.77,0
946689583,0.00,0.00,4.07,85.77,0
946689603,0.00,0.00,4.07,85.77,0
946689623,0.00,0.00,4.07,85.77,0
946689643,0.00,0.00,4.07,85.77,0
946689663,0.00,0.00,4.07,85.77,0
946689683,0.00,0.00,4.07,85.77,0
946689702,0.00,0.00,4.07,85.77,0
946689723,0.00,0.00,4.07,85.77,0
946689743,0.00,0.00,4.07,85.77,0
946689763,0.00,0.00,4.07,85.77,0
946689783,0.00,0.00,4.07,85.77,0
946689803,0.00,0.00,4.07,85.77,0
946689823,0.00,0.00,4.07,85.77,0
946689842,0.00,0.00,4.07,85.77,0
946689863,0.00,0.00,4.07,85.77,0
946689883,0.00,0.00,4.07,85.77,0
946689903,0.00,0.00,4.07,85.77,0
946689923,0.00,0.00,4.07,85.77,0
946689943,0.00,0.00,4.07,85.77,0
946689963,0.00,0.00,4.07,85.77,0
946689982,0.00,0.00,4.07,85.77,0
946690003,0.00,0.00,4.07,85.77,0
946690023,0.00,0.00,4.07,85.77,0
946690043,0.00,0.00,4.07,85.77,0
946690063,0.00,0.00,4.07,85.77,0
946690083,0.00,0.00,4.07,85.77,0
946690103,0.00,0.00,4.07,85.77,0
946690123,0.00,0.00,4.07,85.77,0
946690143,0.00,0.00,4.07,85.77,0
946690162,0.00,0.00,4.07,85.77,0
946690183,0.00,0.00,4.07,85.77,0
946690203,0.00,0.00,4.07,85.77,0
946690223,0.00,0.00,4.07,85.77,0
946690243,0.00,0.00,4.07,85.77,0
946690263,0.00,0.00,4.07,85.77,0
946690283,0.00,0.00,4.07,85.77,0
946690302,0.00,0.00,4.07,85.77,0
946690323,0.00,0.00,4.07,85.77,0
946690343,0.00,0.00,4.07,85.77,0
946690363,0.00,0.00,4.07,85.77,0
946690383,0.00,0.00,4.07,85.77,0
946690403,0.00,0.00,4.07,85.77,0
946690423,0.00,0.00,4.07,85.77,0
946690442,0.00,0.00,4.07,85.77,0
946690463,0.00,0.00,4.07,85.77,0
946690483,0.00,0.00,4.07,85.77,0
946690503,0.00,0.00,4.07,85.77,0
946690523,0.00,0.00,4.07,85.77,0
946690543,0.00,0.00,4.07,85.77,0
946690563,0.00,0.00,4.07,85.77,0
946690583,0.00,0.00,4.07,85.77,0
946690603,0.00,0.00,4.07,85.77,0
946690622,0.00,0.00,4.07,85.77,0
946690643,0.00,0.00,4.07,85.77,0
946690663,0.00,0.00,4.07,85.77,0
946690683,0.00,0.00,4.07,85.77,0
946690703,0.00,0.00,4.07,85.77,0
946690723,0.00,0.00,4.07,85.77,0
946690743,0.00,0.00,4.07,85.77,0
946690762,0.00,0.00,4.07,85.77,0
946690783,0.00,0.00,4.07,85.77,0
946690803,0.00,0.00,4.07,85.77,0
946690823,0.00,0.00,4.07,85.77,0
946690843,0.00,0.00,4.07,85.77,0
946690863,0.00,0.00,4.07,85.77,0
946690883,0.00,0.00,4.07,85.77,0
946690902,0.00,0.00,4.07,85.77,0
946690923,0.00,0.00,4.07,85.77,0
946690943,0.00,0.00,4.07,85.77,0
946690963,0.00,0.00,4.07,85.77,0
946690983,0.00,0.00,4.07,85.77,0
946691003,0.00,0.00,4.07,85.77,0
946691023,0.00,0.00,4.07,85.77,0
946691043,0.00,0.00,4.07,85.77,0
946691063,0.00,0.00,4.07,85.77,0
946691082,0.00,0.00,4.07,85.77,0
946691103,0.00,0.00,4.07,85.77,0
946691123,0.00,0.00,4.07,85.77,0
946691143,0.00,0.00,4.07,85.77,0
946691163,0.00,0.00,4.07,85.77,0
946691183,0.00,0.00,4.07,85.77,0
946691203,0.00,0.00,4.07,85.77,0
946691222,0.00,0.00,4.07,85.77,0
946691243,0.00,0.00,4.07,85.77,0
946691263,0.00,0.00,4.07,85.77,0
946691283,0.00,0.00,4.07,85.77,0
946691303,0.00,0.00,4.07,85.77,0
946691323,0.00,0.00,4.07,85.77,0
946691343,0.00,0.00,4.07,85.77,0
946691362,0.00,0.00,4.07,85.77,0
946691383,0.00,0.00,4.07,85.77,0
946691403,0.00,0.00,4.07,85.77,0
946691423,0.00,0.00,4.07,85.77,0
946691443,0.00,0.00,4.07,85.77,0
946691463,0.00,0.00,4.07,85.77,0
946691483,0.00,0.00,4.07,85.77,0
946691502,0.00,0.00,4.07,85.77,0
946691523,0.00,0.00,4.07,85.77,0
946691543,0.00,0.00,4.07,85.77,0
946691563,0.00,0.00,4.07,85.77,0
946691583,0.00,0.00,4.07,85.77,0
946691603,0.00,0.00,4.07,85.77,0
946691623,0.00,0.00,4.07,85.77,0
946691642,0.00,0.00,4.07,85.77,0
946691663,0.00,0.00,4.07,85.77,0
946691683,0.00,0.00,4.07,85.77,0
946691703,0.00,0.00,4.07,85.77,0
946691723,0.00,0.00,4.07,85.77,0
946691743,0.00,0.00,4.07,85.77,0
946691763,0.00,0.00,4.07,85.77,0
946691782,0.00,0.00,4.07,85.77,0
946691803,0.00,0.00,4.07,85.77,0
946691823,0.00,0.00,4.07,85.77,0
946691843,0.00,0.00,4.07,85.77,0
946691863,0.00,0.00,4.07,85.77,0
946691883,0.00,0.00,4.07,85.77,0
946691903,0.00,0.00,4.07,85.77,0
946691922,0.00,0.00,4.07,85.77,0
946691943,0.00,0.00,4.07,85.77,0
946691962,0.00,0.00,4.07,85.77,0
946691983,0.00,0.00,4.07,85.77,0
946692003,0.00,0.00,4.07,85.77,0
946692023,0.00,0.00,4.07,85.77,0
946692043,0.00,0.00,4.07,85.77,0
946692063,0.00,0.00,4.07,85.77,0
946692083,0.00,0.00,4.07,85.77,0
946692102,0.00,0.00,4.07,85.77,0
946692123,0.00,0.00,4.07,85.77,0
946692143,0.00,0.00,4.07,85.77,0
946692163,0.00,0.00,4.07,85.77,0
946692183,0.00,0.00,4.07,85.77,0
946692203,0.00,0.00,4.07,85.77,0
946692223,0.00,0.00,4.07,85.77,0
946692242,0.00,0.00,4.07,85.77,0
946692263,0.00,0.00,4.07,85.77,0
946692283,0.00,0.00,4.07,85.77,0
946692303,0.00,0.00,4.07,85.77,0
946692323,0.00,0.00,4.07,85.77,0
946692343,0.00,0.00,4.07,85.77,0
946692363,0.00,0.00,4.07,85.77,0
946692382,0.00,0.00,4.07,85.77,0
946692403,0.00,0.00,4.07,85.77,0
946692423,0.00,0.00,4.07,85.77,0
946692443,0.00,0.00,4.07,85.77,0
946692463,0.00,0.00,4.07,85.77,0
946692483,0.00,0.00,4.07,85.77,0
946692503,0.00,0.00,4.07,85.77,0
946692522,0.00,0.00,4.07,85.77,0
946692543,0.00,0.00,4.07,85.77,0
946692563,0.00,0.00,4.07,85.77,0
946692583,0.00,0.00,4.07,85.77,0
946692603,0.00,0.00,4.07,85.77,0
946692623,0.00,0.00,4.07,85.77,0
946692643,0.00,0.00,4.07,85.77,0
946692662,0.00,0.00,4.07,85.77,0
946692683,0.00,0.00,4.07,85.77,0
946692703,0.00,0.00,4.07,85.77,0
946692723,0.00,0.00,4.07,85.77,0
946692743,0.00,0.00,4.07,85.77,0
946692763,0.00,0.00,4.07,85.77,0
946692783,0.00,0.00,4.07,85.77,0
946692802,0.00,0.00,4.07,85.77,0
946692823,0.00,0.00,4.07,85.77,0
946692843,0.00,0.00,4.07,85.77,0
946692863,0.00,0.00,4.07,85.77,0
946692883,0.00,0.00,4.07,85.77,0
946692903,0.00,0.00,4.07,85.77,0
946692923,0.00,0.00,4.07,85.77,0
946692943,0.00,0.00,4.07,85.77,0
946692963,0.00,0.00,4.07,85.77,0
946692982,0.00,0.00,4.07,85.77,0
946693003,0.00,0.00,4.07,85.77,0
946693023,0.00,0.00,4.07,85.77,0
946693043,0.00,0.00,4.07,85.77,0
946693063,0.00,0.00,4.07,85.77,0
946693083,0.00,0.00,4.07,85.77,0
946693103,0.00,0.00,4.07,85.77,0
946693122,0.00,0.00,4.07,85.77,0
946693143,0.00,0.00,4.07,85.77,0
946693163,0.00,0.00,4.07,85.77,0
946693183,0.00,0.00,4.07,85.77,0
946693203,0.00,0.00,4.07,85.77,0
946693223,0.00,0.00,4.07,85.77,0
946693243,0.00,0.00,4.07,85.77,0
946693262,0.00,0.00,4.07,85.77,0
946693283,0.00,0.00,4.07,85.77,0
946693303,0.00,0.00,4.07,85.77,0
946693323,0.00,0.00,4.07,85.77,0
946693343,0.00,0.00,4.07,85.77,0
946693363,0.00,0.00,4.07,85.77,0
946693383,0.00,0.00,4.07,85.77,0
946693402,0.00,0.00,4.07,85.77,0
946693423,0.00,0.00,4.07,85.77,0
946693443,0.00,0.00,4.07,85.77,0
946693463,0.00,0.00,4.07,85.77,0
946693483,0.00,0.00,4.07,85.77,0
946693503,0.00,0.00,4.07,85.77,0
946693523,0.00,0.00,4.07,85.77,0
946693542,0.00,0.00,4.07,85.77,0
946693563,0.00,0.00,4.07,85.77,0
946693583,0.00,0.00,4.07,85.77,0
946693603,0.00,0.00,4.07,85.77,0
946693623,0.00,0.00,4.07,85.77,0
946693643,0.00,0.00,4.07,85.77,0
946693663,0.00,0.00,4.07,85.77,0
946693682,0.00,0.00,4.07,85.77,0
946693703,0.00,0.00,4.07,85.77,0
946693723,0.00,0.00,4.07,85.77,0
946693743,0.00,0.00,4.07,85.77,0
946693763,0.00,0.00,4.07,85.77,0
946693783,0.00,0.00,4.07,85.77,0
946693803,0.00,0.00,4.07,85.77,0
946693822,0.00,0.00,4.07,85.77,0
946693843,0.00,0.00,4.07,85.77,0
946693862,0.00,0.00,4.07,85.77,0
946693883,0.00,0.00,4.07,85.77,0
946693902,0.00,0.00,4.07,85.77,0
946693923,0.00,0.00,4.07,85.77,0
946693943,0.00,0.00,4.07,85.77,0
946693963,0.00,0.00,4.07,85.77,0
946693983,0.00,0.00,4.07,85.77,0
946694003,0.00,0.00,4.07,85.77,0
946694023,0.00,0.00,4.07,85.77,0
946694042,0.00,0.00,4.07,85.77,0
946694063,0.00,0.00,4.07,85.77,0
946694083,0.00,0.00,4.07,85.77,0
946694103,0.00,0.00,4.07,85.77,0
946694123,0.00,0.00,4.07,85.77,0
946694143,0.00,0.00,4.07,85.77,0
946694163,0.00,0.00,4.07,85.77,0
946694183,0.00,0.00,4.07,85.77,0
946694203,0.00,0.00,4.07,85.77,0
946694222,0.00,0.00,4.07,85.77,0
946694243,0.00,0.00,4.07,85.77,0
946694263,0.00,0.00,4.07,85.77,0
946694283,0.00,0.00,4.07,85.77,0
946694303,0.00,0.00,4.07,85.77,0
946694323,0.00,0.00,4.07,85.77,0
946694343,0.00,0.00,4.07,85.77,0
946694363,0.00,0.00,4.07,85.77,0
946694383,0.00,0.00,4.07,85.77,0
946694403,0.00,0.00,4.07,85.77,0
946694423,0.00,0.00,4.07,85.77,0
946694442,0.00,0.00,4.07,85.77,0
946694463,0.00,0.00,4.07,85.77,0
946694483,0.00,0.00,4.07,85.77,0
946694503,0.00,0.00,4.07,85.77,0
946694523,0.00,0.00,4.07,85.77,0
946694543,0.00,0.00,4.07,85.77,0
946694563,0.00,0.00,4.07,85.77,0
946694582,0.00,0.00,4.07,85.77,0
946694603,0.00,0.00,4.07,85.77,0
946694623,0.00,0.00,4.07,85.77,0
946694643,0.00,0.00,4.07,85.77,0
946694663,0.00,0.00,4.07,85.77,0
946694683,0.00,0.00,4.07,85.77,0
946694703,0.00,0.00,4.07,85.77,0
946694722,0.00,0.00,4.07,85.77,0
946694743,0.00,0.00,4.07,85.77,0
946694763,0.00,0.00,4.07,85.77,0
946694783,0.00,0.00,4.07,85.77,0
946694803,0.00,0.00,4.07,85.77,0
946694823,0.00,0.00,4.07,85.77,0
946694843,0.00,0.00,4.07,85.77,0
946694863,0.00,0.00,4.07,85.77,0
946694883,0.00,0.00,4.07,85.77,0
946694902,0.00,0.00,4.07,85.77,0
946694923,0.00,0.00,4.07,85.77,0
946694943,0.00,0.00,4.07,85.77,0
946694963,0.00,0.00,4.07,85.77,0
946694983,0.00,0.00,4.07,85.77,0
946695003,0.00,0.00,4.07,85.77,0
946695023,0.00,0.00,4.07,85.77,0
946695042,0.00,0.00,4.07,85.77,0
946695063,0.00,0.00,4.07,85.77,0
946695083,0.00,0.00,4.07,85.77,0
946695103,0.00,0.00,4.07,85.77,0
946695123,0.00,0.00,4.07,85.77,0
946695143,0.00,0.00,4.07,85.77,0
946695163,0.00,0.00,4.07,85.77,0
946695182,0.00,0.00,4.07,85.77,0
946695203,0.00,0.00,4.07,85.77,0
946695223,0.00,0.00,4.07,85.77,0
946695243,0.00,0.00,4.07,85.77,0
946695263,0.00,0.00,4.07,85.77,0
946695283,0.00,0.00,4.07,85.77,0
946695303,0.00,0.00,4.07,85.77,0
946695322,0.00,0.00,4.07,85.77,0
946695343,0.00,0.00,4.07,85.77,0
946695363,0.00,0.00,4.07,85.77,0
946695383,0.00,0.00,4.07,85.77,0
946695403,0.00,0.00,4.07,85.77,0
946695423,0.00,0.00,4.07,85.77,0
946695443,0.00,0.00,4.07,85.77,0
946695463,0.00,0.00,4.07,85.77,0
946695483,0.00,0.00,4.07,85.77,0
946695502,0.00,0.00,4.07,85.77,0
946695523,0.00,0.00,4.07,85.77,0
946695542,0.00,0.00,4.07,85.77,0
946695563,0.00,0.00,4.07,85.77,0
946695583,0.00,0.00,4.07,85.77,0
946695603,0.00,0.00,4.07,85.77,0
946695623,0.00,0.00,4.07,85.77,0
946695643,0.00,0.00,4.07,85.77,0
946695663,0.00,0.00,4.07,85.77,0
946695682,0.00,0.00,4.07,85.77,0
946695703,0.00,0.00,4.07,85.77,0
946695723,0.00,0.00,4.07,85.77,0
946695743,0.00,0.00,4.07,85.77,0
946695763,0.00,0.00,4.07,85.77,0
946695783,0.00,0.00,4.07,85.77,0
946695803,0.00,0.00,4.07,85.77,0
946695823,0.00,0.00,4.07,85.77,0
946695843,0.00,0.00,4.07,85.77,0
946695863,0.00,0.00,4.07,85.77,0
946695883,0.00,0.00,4.07,85.77,0
946695902,0.00,0.00,4.07,85.77,0
946695923,0.00,0.00,4.07,85.77,0
946695943,0.00,0.00,4.07,85.77,0
946695963,0.00,0.00,4.07,85.77,0
946695983,0.00,0.00,4.07,85.77,0
946696003,0.00,0.00,4.07,85.77,0
946696023,0.00,0.00,4.07,85.77,0
946696043,0.00,0.00,4.07,85.77,0
946696063,0.00,0.00,4.07,85.77,0
946696082,0.00,0.00,4.07,85.77,0
946696103,0.00,0.00,4.07,85.77,0
946696123,0.00,0.00,4.07,85.77,0
946696143,0.00,0.00,4.07,85.77,0
946696163,0.00,0.00,4.07,85.77,0
946696183,0.00,0.00,4.07,85.77,0
946696203,0.00,0.00,4.07,85.77,0
946696222,0.00,0.00,4.07,85.77,0
946696243,0.00,0.00,4.07,85.77,0
946696263,0.00,0.00,4.07,85.77,0
946696283,0.00,0.00,4.07,85.77,0
946696303,0.00,0.00,4.07,85.77,0
946696323,0.00,0.00,4.07,85.77,0
946696343,0.00,0.00,4.07,85.77,0
946696362,0.00,0.00,4.07,85.77,0
946696383,0.00,0.00,4.07,85.77,0
946696403,0.00,0.00,4.07,85.77,0
946696423,0.00,0.00,4.07,85.77,0
946696443,0.00,0.00,4.07,85.77,0
946696463,0.00,0.00,4.07,85.77,0
946696483,0.00,0.00,4.07,85.77,0
946696502,0.00,0.00,4.07,85.77,0
946696523,0.00,0.00,4.07,85.77,0
946696543,0.00,0.00,4.07,85.77,0
946696563,0.00,0.00,4.07,85.77,0
946696583,0.00,0.00,4.07,85.77,0
946696603,0.00,0.00,4.07,85.77,0
946696623,0.00,0.00,4.07,85.77,0
946696642,0.00,0.00,4.07,85.77,0
946696663,0.00,0.00,4.07,85.77,0
946696683,0.00,0.00,4.07,85.77,0
946696703,0.00,0.00,4.07,85.77,0
946696723,0.00,0.00,4.07,85.77,0
946696743,0.00,0.00,4.07,85.77,0
946696763,0.00,0.00,4.07,85.77,0
946696782,0.00,0.00,4.07,85.77,0
946696803,0.00,0.00,4.07,85.77,0
946696823,0.00,0.00,4.07,85.77,0
946696843,0.00,0.00,4.07,85.77,0
946696863,0.00,0.00,4.07,85.77,0
946696883,0.00,0.00,4.07,85.77,0
946696903,0.00,0.00,4.07,85.77,0
946696923,0.00,0.00,4.07,85.77,0
946696943,0.00,0.00,4.07,85.77,0
946696962,0.00,0.00,4.07,85.77,0
946696983,0.00,0.00,4.07,85.77,0
946697003,0.00,0.00,4.07,85.77,0
946697023,0.00,0.00,4.07,85.77,0
946697043,0.00,0.00,4.07,85.77,0
946697063,0.00,0.00,4.07,85.77,0
946697083,0.00,0.00,4.07,85.77,0
946697102,0.00,0.00,4.07,85.77,0
946697123,0.00,0.00,4.07,85.77,0
946697143,0.00,0.00,4.07,85.77,0
946697163,0.00,0.00,4.07,85.77,0
946697183,0.00,0.00,4.07,85.77,0
946697203,0.00,0.00,4.07,85.77,0
946697223,0.00,0.00,4.07,85.77,0
946697242,0.00,0.00,4.07,85.77,0
946697263,0.00,0.00,4.07,85.77,0
946697283,0.00,0.00,4.07,85.77,0
946697303,0.00,0.00,4.07,85.77,0
946697323,0.00,0.00,4.07,85.77,0
946697343,0.00,0.00,4.07,85.77,0
946697363,0.00,0.00,4.07,85.77,0
946697382,0.00,0.00,4.07,85.77,0
946697403,0.00,0.00,4.07,85.77,0
946697423,0.00,0.00,4.07,85.77,0
946697443,0.00,0.00,4.07,85.77,0
946697463,0.00,0.00,4.07,85.77,0
946697483,0.00,0.00,4.07,85.77,0
946697503,0.00,0.00,4.07,85.77,0
946697522,0.00,0.00,4.07,85.77,0
946697543,0.00,0.00,4.07,85.77,0
946697563,0.00,0.00,4.07,85.77,0
946697583,0.00,0.00,4.07,85.77,0
946697603,0.00,0.00,4.07,85.77,0
946697623,0.00,0.00,4.07,85.77,0
946697643,0.00,0.00,4.07,85.77,0
946697662,0.00,0.00,4.07,85.77,0
946697683,0.00,0.00,4.07,85.77,0
946697702,0.00,0.00,4.07,85.77,0
946697723,0.00,0.00,4.07,85.77,0
946697743,0.00,0.00,4.07,85.77,0
946697763,0.00,0.00,4.07,85.77,0
946697783,0.00,0.00,4.07,85.77,0
946697803,0.00,0.00,4.07,85.77,0
946697823,0.00,0.00,4.07,85.77,0
946697843,0.00,0.00,4.07,85.77,0
946697863,0.00,0.00,4.07,85.77,0
946697882,0.00,0.00,4.07,85.77,0
946697903,0.00,0.00,4.07,85.77,0
946697923,0.00,0.00,4.07,85.77,0
946697943,0.00,0.00,4.07,85.77,0
946697963,0.00,0.00,4.07,85.77,0
946697983,0.00,0.00,4.07,85.77,0
946698003,0.00,0.00,4.07,85.77,0
946698023,0.00,0.00,4.07,85.77,0
946698043,0.00,0.00,4.07,85.77,0
946698062,0.00,0.00,4.07,85.77,0
946698083,0.00,0.00,4.07,85.77,0
946698102,0.00,0.00,4.07,85.77,0
946698123,0.00,0.00,4.07,85.77,0
946698143,0.00,0.00,4.07,85.77,0
946698163,0.00,0.00,4.07,85.77,0
946698183,0.00,0.00,4.07,85.77,0
946698203,0.00,0.00,4.07,85.77,0
946698223,0.00,0.00,4.07,85.77,0
946698242,0.00,0.00,4.07,85.77,0
946698263,0.00,0.00,4.07,85.77,0
946698282,0.00,0.00,4.07,85.77,0
946698303,0.00,0.00,4.07,85.77,0
946698323,0.00,0.00,4.07,85.77,0
946698343,0.00,0.00,4.07,85.77,0
946698363,0.00,0.00,4.07,85.77,0
946698383,0.00,0.00,4.07,85.77,0
946698403,0.00,0.00,4.07,85.77,0
946698422,0.00,0.00,4.07,85.77,0
946698443,0.00,0.00,4.07,85.77,0
946698463,0.00,0.00,4.07,85.77,0
946698483,0.00,0.00,4.07,85.77,0
946698503,0.00,0.00,4.07,85.77,0
946698523,0.00,0.00,4.07,85.77,0
946698543,0.00,0.00,4.07,85.77,0
946698562,0.00,0.00,4.07,85.77,0
946698583,0.00,0.00,4.07,85.77,0
946698603,0.00,0.00,4.07,85.77,0
946698623,0.00,0.00,4.07,85.77,0
946698643,0.00,0.00,4.07,85.77,0
946698663,0.00,0.00,4.07,85.77,0
946698683,0.00,0.00,4.07,85.77,0
946698702,0.00,0.00,4.07,85.77,0
946698723,0.00,0.00,4.07,85.77,0
946698743,0.00,0.00,4.07,85.77,0
946698763,0.00,0.00,4.07,85.77,0
946698783,0.00,0.00,4.07,85.77,0
946698803,0.00,0.00,4.07,85.77,0
946698823,0.00,0.00,4.07,85.77,0
946698842,0.00,0.00,4.07,85.77,0
946698863,0.00,0.00,4.07,85.77,0
946698883,0.00,0.00,4.07,85.77,0
946698903,0.00,0.00,4.07,85.77,0
946698923,0.00,0.00,4.07,85.77,0
946698943,0.00,0.00,4.07,85.77,0
946698963,0.00,0.00,4.07,85.77,0
946698982,0.00,0.00,4.07,85.77,0
946699003,0.00,0.00,4.07,85.77,0
946699023,0.00,0.00,4.07,85.77,0
946699043,0.00,0.00,4.07,85.77,0
946699063,0.00,0.00,4.07,85.77,0
946699083,0.00,0.00,4.07,85.77,0
946699103,0.00,0.00,4.07,85.77,0
946699123,0.00,0.00,4.07,85.77,0
946699143,0.00,0.00,4.07,85.77,0
946699162,0.00,0.00,4.07,85.77,0
946699183,0.00,0.00,4.07,85.77,0
946699203,0.00,0.00,4.07,85.77,0
946699223,0.00,0.00,4.07,85.77,0
946699243,0.00,0.00,4.07,85.77,0
946699263,0.00,0.00,4.07,85.77,0
946699283,0.00,0.00,4.07,85.77,0
946699302,0.00,0.00,4.07,85.77,0
946699323,0.00,0.00,4.07,85.77,0
946699343,0.00,0.00,4.07,85.77,0
946699363,0.00,0.00,4.07,85.77,0
946699383,0.00,0.00,4.07,85.77,0
946699403,0.00,0.00,4.07,85.77,0
946699423,0.00,0.00,4.07,85.77,0
946699442,0.00,0.00,4.07,85.77,0
946699463,0.00,0.00,4.07,85.77,0
946699483,0.00,0.00,4.07,85.77,0
946699503,0.00,0.00,4.07,85.77,0
946699523,0.00,0.00,4.07,85.77,0
946699543,0.00,0.00,4.07,85.77,0
946699563,0.00,0.00,4.07,85.77,0
946699582,0.00,0.00,4.07,85.77,0
946699603,0.00,0.00,4.07,85.77,0
946699623,0.00,0.00,4.07,85.77,0
946699643,0.00,0.00,4.07,85.77,0
946699663,0.00,0.00,4.07,85.77,0
946699683,0.00,0.00,4.07,85.77,0
946699703,0.00,0.00,4.07,85.77,0
946699722,0.00,0.00,4.07,85.77,0
946699743,0.00,0.00,4.07,85.77,0
946699763,0.00,0.00,4.07,85.77,0
946699783,0.00,0.00,4.07,85.77,0
946699803,0.00,0.00,4.07,85.77,0
946699823,0.00,0.00,4.07,85.77,0
946699843,0.00,0.00,4.07,85.77,0
946699862,0.00,0.00,4.07,85.77,0
946699883,0.00,0.00,4.07,85.77,0
946699903,0.00,0.00,4.07,85.77,0
946699923,0.00,0.00,4.07,85.77,0
946699943,0.00,0.00,4.07,85.77,0
946699963,0.00,0.00,4.07,85.77,0
946699983,0.00,0.00,4.07,85.77,0
946700002,0.00,0.00,4.07,85.77,0
946700023,0.00,0.00,4.07,85.77,0
946700042,0.00,0.00,4.07,85.77,0
946700063,0.00,0.00,4.07,85.77,0
946700083,0.00,0.00,4.07,85.77,0
946700103,0.00,0.00,4.07,85.77,0
946700123,0.00,0.00,4.07,85.77,0
946700143,0.00,0.00,4.07,85.77,0
946700163,0.00,0.00,4.07,85.77,0
946700182,0.00,0.00,4.07,85.77,0
946700203,0.00,0.00,4.07,85.77,0
946700223,0.00,0.00,4.07,85.77,0
946700243,0.00,0.00,4.07,85.77,0
946700263,0.00,0.00,4.07,85.77,0
946700283,0.00,0.00,4.07,85.77,0
946700303,0.00,0.00,4.07,85.77,0
946700322,0.00,0.00,4.07,85.77,0
946700343,0.00,0.00,4.07,85.77,0
946700363,0.00,0.00,4.07,85.77,0
946700383,0.00,0.00,4.07,85.77,0
946700403,0.00,0.00,4.07,85.77,0
946700423,0.00,0.00,4.07,85.77,0
946700443,0.00,0.00,4.07,85.77,0
946700462,0.00,0.00,4.07,85.77,0
946700483,0.00,0.00,4.07,85.77,0
946700503,0.00,0.00,4.07,85.77,0
946700523,0.00,0.00,4.07,85.77,0
946700543,0.00,0.00,4.07,85.77,0
946700563,0.00,0.00,4.07,85.77,0
946700583,0.00,0.00,4.07,85.77,0
946700602,0.00,0.00,4.07,85.77,0
946700623,0.00,0.00,4.07,85.77,0
946700643,0.00,0.00,4.07,85.77,0
946700663,0.00,0.00,4.07,85.77,0
946700683,0.00,0.00,4.07,85.77,0
946700703,0.00,0.00,4.07,85.77,0
946700723,0.00,0.00,4.07,85.77,0
946700742,0.00,0.00,4.07,85.77,0
946700763,0.00,0.00,4.07,85.77,0
946700783,0.00,0.00,4.07,85.77,0
946700803,0.00,0.00,4.07,85.77,0
946700823,0.00,0.00,4.07,85.77,0
946700843,0.00,0.00,4.07,85.77,0
946700863,0.00,0.00,4.07,85.77,0
946700883,0.00,0.00,4.07,85.77,0
946700903,0.00,0.00,4.07,85.77,0
946700922,0.00,0.00,4.07,85.77,0
946700943,0.00,0.00,4.07,85.77,0
946700963,0.00,0.00,4.07,85.77,0
946700983,0.00,0.00,4.07,85.77,0
946701003,0.00,0.00,4.07,85.77,0
946701023,0.00,0.00,4.07,85.77,0
946701043,0.00,0.00,4.07,85.77,0
946701063,0.00,0.00,4.07,85.77,0
946701083,0.00,0.00,4.07,85.77,0
946701103,0.00,0.00,4.07,85.77,0
946701123,0.00,0.00,4.07,85.77,0
946701142,0.00,0.00,4.07,85.77,0
946701163,0.00,0.00,4.07,85.77,0
946701183,0.00,0.00,4.07,85.77,0
946701203,0.00,0.00,4.07,85.77,0
946701223,0.00,0.00,4.07,85.77,0
946701243,0.00,0.00,4.07,85.77,0
946701263,0.00,0.00,4.07,85.77,0
946701282,0.00,0.00,4.07,85.77,0
946701303,0.00,0.00,4.07,85.77,0
946701323,0.00,0.00,4.07,85.77,0
946701343,0.00,0.00,4.07,85.77,0
946701363,0.00,0.00,4.07,85.77,0
946701383,0.00,0.00,4.07,85.77,0
946701403,0.00,0.00,4.07,85.77,0
946701423,0.00,0.00,4.07,85.77,0
946701443,0.00,0.00,4.07,85.77,0
946701462,0.00,0.00,4.07,85.77,0
946701483,0.00,0.00,4.07,85.77,0
946701503,0.00,0.00,4.07,85.77,0
946701523,0.00,0.00,4.07,85.77,0
946701543,0.00,0.00,4.07,85.77,0
946701563,0.00,0.00,4.07,85.77,0
946701583,0.00,0.00,4.07,85.77,0
946701603,0.00,0.00,4.07,85.77,0
946701623,0.00,0.00,4.07,85.77,0
946701642,0.00,0.00,4.07,85.77,0
946701663,0.00,0.00,4.07,85.77,0
946701683,0.00,0.00,4.07,85.77,0
946701703,0.00,0.00,4.07,85.77,0
946701723,0.00,0.00,4.07,85.77,0
946701743,0.00,0.00,4.07,85.77,0
946701763,0.00,0.00,4.07,85.77,0
946701783,0.00,0.00,4.07,85.77,0
946701803,0.00,0.00,4.07,85.77,0
946701822,0.00,0.00,4.07,85.77,0
946701843,0.00,0.00,4.07,85.77,0
946701863,0.00,0.00,4.07,85.77,0
946701883,0.00,0.00,4.07,85.77,0
946701903,0.00,0.00,4.07,85.77,0
946701923,0.00,0.00,4.07,85.77,0
946701943,0.00,0.00,4.07,85.77,0
946701962,0.00,0.00,4.07,85.77,0
946701983,0.00,0.00,4.07,85.77,0
946702002,0.00,0.00,4.07,85.77,0
946702023,0.00,0.00,4.07,85.77,0
946702043,0.00,0.00,4.07,85.77,0
946702063,0.00,0.00,4.07,85.77,0
946702083,0.00,0.00,4.07,85.77,0
946702103,0.00,0.00,4.07,85.77,0
946702123,0.00,0.00,4.07,85.77,0
946702142,0.00,0.00,4.07,85.77,0
946702163,0.00,0.00,4.07,85.77,0
946702183,0.00,0.00,4.07,85.77,0
946702203,0.00,0.00,4.07,85.77,0
946702223,0.00,0.00,4.07,85.77,0
946702243,0.00,0.00,4.07,85.77,0
946702263,0.00,0.00,4.07,85.77,0
946702283,0.00,0.00,4.07,85.77,0
946702303,0.00,0.00,4.07,85.77,0
946702322,0.00,0.00,4.07,85.77,0
946702343,0.00,0.00,4.07,85.77,0
946702363,0.00,0.00,4.07,85.77,0
946702383,0.00,0.00,4.07,85.77,0
946702403,0.00,0.00,4.07,85.77,0
946702423,0.00,0.00,4.07,85.77,0
946702443,0.00,0.00,4.07,85.77,0
946702462,0.00,0.00,4.07,85.77,0
946702483,0.00,0.00,4.07,85.77,0
946702503,0.00,0.00,4.07,85.77,0
946702523,0.00,0.00,4.07,85.77,0
946702543,0.00,0.00,4.07,85.77,0
946702563,0.00,0.00,4.07,85.77,0
946702583,0.00,0.00,4.07,85.77,0
946702602,0.00,0.00,4.07,85.77,0
946702623,0.00,0.00,4.07,85.77,0
946702643,0.00,0.00,4.07,85.77,0
946702663,0.00,0.00,4.07,85.77,0
946702683,0.00,0.00,4.07,85.77,0
946702703,0.00,0.00,4.07,85.77,0
946702723,0.00,0.00,4.07,85.77,0
946702743,0.00,0.00,4.07,85.77,0
946702763,0.00,0.00,4.07,85.77,0
946702782,0.00,0.00,4.07,85.77,0
946702803,0.00,0.00,4.07,85.77,0
946702823,0.00,0.00,4.07,85.77,0
946702843,0.00,0.00,4.07,85.77,0
946702863,0.00,0.00,4.07,85.77,0
946702883,0.00,0.00,4.07,85.77,0
946702903,0.00,0.00,4.07,85.77,0
946702922,0.00,0.00,4.07,85.77,0
946702943,0.00,0.00,4.07,85.77,0
946702963,0.00,0.00,4.07,85.77,0
946702983,0.00,0.00,4.07,85.77,0
946703003,0.00,0.00,4.07,85.77,0
946703023,0.00,0.00,4.07,85.77,0
946703043,0.00,0.00,4.07,85.77,0
946703062,0.00,0.00,4.07,85.77,0
946703083,0.00,0.00,4.07,85.77,0
946703102,0.00,0.00,4.07,85.77,0
946703123,0.00,0.00,4.07,85.77,0
946703143,0.00,0.00,4.07,85.77,0
946703163,0.00,0.00,4.07,85.77,0
946703183,0.00,0.00,4.07,85.77,0
946703203,0.00,0.00,4.07,85.77,0
946703223,0.00,0.00,4.07,85.77,0
946703242,0.00,0.00,4.07,85.77,0
946703263,0.00,0.00,4.07,85.77,0
946703283,0.00,0.00,4.07,85.77,0
946703303,0.00,0.00,4.07,85.77,0
946703323,0.00,0.00,4.07,85.77,0
946703343,0.00,0.00,4.07,85.77,0
946703363,0.00,0.00,4.07,85.77,0
946703382,0.00,0.00,4.07,85.77,0
946703403,0.00,0.00,4.07,85.77,0
946703423,0.00,0.00,4.07,85.77,0
946703443,0.00,0.00,4.07,85.77,0
946703463,0.00,0.00,4.07,85.77,0
946703483,0.00,0.00,4.07,85.77,0
946703503,0.00,0.00,4.07,85.77,0
946703523,0.00,0.00,4.07,85.77,0
946703543,0.00,0.00,4.07,85.77,0
946703562,0.00,0.00,4.07,85.77,0
946703583,0.00,0.00,4.07,85.77,0
946703603,0.00,0.00,4.07,85.77,0
946703623,0.00,0.00,4.07,85.77,0
946703643,0.00,0.00,4.07,85.77,0
946703663,0.00,0.00,4.07,85.77,0
946703683,0.00,0.00,4.07,85.77,0
946703702,0.00,0.00,4.07,85.77,0
946703723,0.00,0.00,4.07,85.77,0
946703743,0.00,0.00,4.07,85.77,0
946703763,0.00,0.00,4.07,85.77,0
946703783,0.00,0.00,4.07,85.77,0
946703803,0.00,0.00,4.07,85.77,0
946703823,0.00,0.00,4.07,85.77,0
946703842,0.00,0.00,4.07,85.77,0
946703863,0.00,0.00,4.07,85.77,0
946703883,0.00,0.00,4.07,85.77,0
946703903,0.00,0.00,4.07,85.77,0
946703923,0.00,0.00,4.07,85.77,0
946703943,0.00,0.00,4.07,85.77,0
946703963,0.00,0.00,4.07,85.77,0
946703982,0.00,0.00,4.07,85.77,0
946704003,0.00,0.00,4.07,85.77,0
946704023,0.00,0.00,4.07,85.77,0
946704043,0.00,0.00,4.07,85.77,0
946704063,0.00,0.00,4.07,85.77,0
946704083,0.00,0.00,4.07,85.77,0
946704103,0.00,0.00,4.07,85.77,0
946704122,0.00,0.00,4.07,85.77,0
946704143,0.00,0.00,4.07,85.77,0
946704162,0.00,0.00,4.07,85.77,0
946704183,0.00,0.00,4.07,85.77,0
946704203,0.00,0.00,4.07,85.77,0
946704223,0.00,0.00,4.07,85.77,0
946704243,0.00,0.00,4.07,85.77,0
946704263,0.00,0.00,4.07,85.77,0
946704283,0.00,0.00,4.07,85.77,0
946704302,0.00,0.00,4.07,85.77,0
946704323,0.00,0.00,4.07,85.77,0
946704343,0.00,0.00,4.07,85.77,0
946704363,0.00,0.00,4.07,85.77,0
946704383,0.00,0.00,4.07,85.77,0
946704403,0.00,0.00,4.07,85.77,0
946704423,0.00,0.00,4.07,85.77,0
946704442,0.00,0.00,4.07,85.77,0
946704463,0.00,0.00,4.07,85.77,0
946704483,0.00,0.00,4.07,85.77,0
946704503,0.00,0.00,4.07,85.77,0
946704523,0.00,0.00,4.07,85.77,0
946704543,0.00,0.00,4.07,85.77,0
946704563,0.00,0.00,4.07,85.77,0
946704582,0.00,0.00,4.07,85.77,0
946704603,0.00,0.00,4.07,85.77,0
946704623,0.00,0.00,4.07,85.77,0
946704643,0.00,0.00,4.07,85.77,0
946704663,0.00,0.00,4.07,85.77,0
946704683,0.00,0.00,4.07,85.77,0
946704703,0.00,0.00,4.07,85.77,0
946704722,0.00,0.00,4.07,85.77,0
946704743,0.00,0.00,4.07,85.77,0
946704763,0.00,0.00,4.07,85.63,0
946704783,0.00,0.00,4.07,85.63,0
946704803,0.00,0.00,4.07,85.63,0
946704823,0.00,0.00,4.07,85.63,0
946704843,0.00,0.00,4.07,85.63,0
946704862,0.00,0.00,4.07,85.63,0
946704883,0.00,0.00,4.07,85.63,0
946704903,0.00,0.00,4.07,85.63,0
946704923,0.00,0.00,4.07,85.63,0
946704943,0.00,0.00,4.07,85.63,0
946704963,0.00,0.00,4.07,85.63,0
946704983,0.00,0.00,4.07,85.63,0
946705002,0.00,0.00,4.07,85.63,0
946705023,0.00,0.00,4.07,85.63,0
946705043,0.00,0.00,4.07,85.63,0
946705063,0.00,0.00,4.07,85.63,0
946705083,0.00,0.00,4.07,85.63,0
946705103,0.00,0.00,4.07,85.63,0
946705123,0.00,0.00,4.07,85.63,0
946705142,0.00,0.00,4.07,85.63,0
946705163,0.00,0.00,4.07,85.63,0
946705183,0.00,0.00,4.07,85.63,0
946705203,0.00,0.00,4.07,85.63,0
946705223,0.00,0.00,4.07,85.63,0
946705243,0.00,0.00,4.07,85.63,0
946705263,0.00,0.00,4.07,85.63,0
946705283,0.00,0.00,4.07,85.63,0
946705303,0.00,0.00,4.07,85.63,0
946705322,0.00,0.00,4.07,85.63,0
946705343,0.00,0.00,4.07,85.63,0
946705363,0.00,0.00,4.07,85.63,0
946705383,0.00,0.00,4.07,85.63,0
946705403,0.00,0.00,4.07,85.63,0
946705423,0.00,0.00,4.07,85.63,0
946705443,0.00,0.00,4.07,85.63,0
946705462,0.00,0.00,4.07,85.63,0
946705483,0.00,0.00,4.07,85.63,0
946705503,0.00,0.00,4.07,85.63,0
946705523,0.00,0.00,4.07,85.63,0
946705543,0.00,0.00,4.07,85.63,0
946705563,0.00,0.00,4.07,85.63,0
946705583,0.00,0.00,4.07,85.63,0
946705603,0.00,0.00,4.07,85.63,0
946705623,0.00,0.00,4.07,85.63,0
946705642,0.00,0.00,4.07,85.63,0
946705663,0.00,0.00,4.07,85.63,0
946705683,0.00,0.00,4.07,85.63,0
946705703,0.00,0.00,4.07,85.63,0
946705723,0.00,0.00,4.07,85.63,0
946705743,0.00,0.00,4.07,85.63,0
946705763,0.00,0.00,4.07,85.63,0
946705782,0.00,0.00,4.07,85.63,0
946705803,0.00,0.00,4.07,85.63,0
946705823,0.00,0.00,4.07,85.63,0
946705843,0.00,0.00,4.07,85.63,0
946705863,0.00,0.00,4.07,85.63,0
946705883,0.00,0.00,4.07,85.63,0
946705903,0.00,0.00,4.07,85.63,0
946705922,0.00,0.00,4.07,85.63,0
946705943,0.00,0.00,4.07,85.63,0
946705963,0.00,0.00,4.07,85.63,0
946705983,0.00,0.00,4.07,85.63,0
946706003,0.00,0.00,4.07,85.63,0
946706023,0.00,0.00,4.07,85.63,0
946706043,0.00,0.00,4.07,85.63,0
946706062,0.00,0.00,4.07,85.63,0
946706083,0.00,0.00,4.07,85.63,0
946706103,0.00,0.00,4.07,85.63,0
946706123,0.00,0.00,4.07,85.63,0
946706143,0.00,0.00,4.07,85.63,0
946706163,0.00,0.00,4.07,85.63,0
946706183,0.00,0.00,4.07,85.63,0
946706202,0.00,0.00,4.07,85.63,0
946706223,0.00,0.00,4.07,85.63,0
946706243,0.00,0.00,4.07,85.63,0
946706263,0.00,0.00,4.07,85.63,0
946706283,0.00,0.00,4.07,85.63,0
946706303,0.00,0.00,4.07,85.63,0
946706323,0.00,0.00,4.07,85.63,0
946706342,0.00,0.00,4.07,85.63,0
946706363,0.00,0.00,4.07,85.63,0
946706383,0.00,0.00,4.07,85.63,0
946706403,0.00,0.00,4.07,85.63,0
946706423,0.00,0.00,4.07,85.63,0
946706443,0.00,0.00,4.07,85.63,0
946706463,0.00,0.00,4.07,85.63,0
946706482,0.00,0.00,4.07,85.63,0
946706503,0.00,0.00,4.07,85.63,0
946706522,0.00,0.00,4.07,85.63,0
946706543,0.00,0.00,4.07,85.63,0
946706563,0.00,0.00,4.07,85.63,0
946706583,0.00,0.00,4.07,85.63,0
946706603,0.00,0.00,4.07,85.63,0
946706623,0.00,0.00,4.07,85.63,0
946706643,0.00,0.00,4.07,85.63,0
946706662,0.00,0.00,4.07,85.63,0
946706683,0.00,0.00,4.07,85.63,0
946706702,0.00,0.00,4.07,85.63,0
946706723,0.00,0.00,4.07,85.63,0
946706743,0.00,0.00,4.07,85.63,0
946706763,0.00,0.00,4.07,85.63,0
946706783,0.00,0.00,4.07,85.63,0
946706803,0.00,0.00,4.07,85.63,0
946706823,0.00,0.00,4.07,85.63,0
946706842,0.00,0.00,4.07,85.63,0
946706863,0.00,0.00,4.07,85.63,0
946706883,0.00,0.00,4.07,85.63,0
946706903,0.00,0.00,4.07,85.63,0
946706923,0.00,0.00,4.07,85.63,0
946706943,0.00,0.00,4.07,85.63,0
946706963,0.00,0.00,4.07,85.63,0
946706982,0.00,0.00,4.07,85.63,0
946707003,0.00,0.00,4.07,85.63,0
946707023,0.00,0.00,4.07,85.63,0
946707043,0.00,0.00,4.07,85.63,0
946707063,0.00,0.00,4.07,85.63,0
946707083,0.00,0.00,4.07,85.63,0
946707103,0.00,0.00,4.07,85.63,0
946707122,0.00,0.00,4.07,85.63,0
946707143,0.00,0.00,4.07,85.63,0
946707163,0.00,0.00,4.07,85.63,0
946707183,0.00,0.00,4.07,85.63,0
946707203,0.00,0.00,4.07,85.63,0
946707223,0.00,0.00,4.07,85.63,0
946707243,0.00,0.00,4.07,85.63,0
946707262,0.00,0.00,4.07,85.63,0
946707283,0.00,0.00,4.07,85.63,0
946707303,0.00,0.00,4.07,85.63,0
946707323,0.00,0.00,4.07,85.63,0
946707343,0.00,0.00,4.07,85.63,0
946707363,0.00,0.00,4.07,85.63,0
946707383,0.00,0.00,4.07,85.63,0
946707402,0.00,0.00,4.07,85.63,0
946707423,0.00,0.00,4.07,85.63,0
946707443,0.00,0.00,4.07,85.63,0
946707463,0.00,0.00,4.07,85.63,0
946707483,0.00,0.00,4.07,85.63,0
946707503,0.00,0.00,4.07,85.63,0
946707523,0.00,0.00,4.07,85.63,0
946707542,0.00,0.00,4.07,85.63,0
946707563,0.00,0.00,4.07,85.63,0
946707583,0.00,0.00,4.07,85.63,0
946707603,0.00,0.00,4.07,85.63,0
946707623,0.00,0.00,4.07,85.63,0
946707643,0.00,0.00,4.07,85.63,0
946707663,0.00,0.00,4.07,85.63,0
946707682,0.00,0.00,4.07,85.63,0
946707703,0.00,0.00,4.07,85.63,0
946707722,0.00,0.00,4.07,85.63,0
946707743,0.00,0.00,4.07,85.63,0
946707763,0.00,0.00,4.07,85.63,0
946707783,0.00,0.00,4.07,85.63,0
946707803,0.00,0.00,4.07,85.63,0
946707823,0.00,0.00,4.07,85.63,0
946707843,0.00,0.00,4.07,85.63,0
946707862,0.00,0.00,4.07,85.63,0
946707883,0.00,0.00,4.07,85.63,0
946707902,0.00,0.00,4.07,85.63,0
946707923,0.00,0.00,4.07,85.63,0
946707943,0.00,0.00,4.07,85.63,0
946707963,0.00,0.00,4.07,85.63,0
946707983,0.00,0.00,4.07,85.63,0
946708003,0.00,0.00,4.07,85.63,0
946708023,0.00,0.00,4.07,85.63,0
946708042,0.00,0.00,4.07,85.63,0
946708063,0.00,0.00,4.07,85.63,0
946708083,0.00,0.00,4.07,85.63,0
946708103,0.00,0.00,4.07,85.63,0
946708123,0.00,0.00,4.07,85.63,0
946708143,0.00,0.00,4.07,85.63,0
946708163,0.00,0.00,4.07,85.63,0
946708182,0.00,0.00,4.07,85.63,0
946708203,0.00,0.00,4.07,85.63,0
946708223,0.00,0.00,4.07,85.63,0
946708243,0.00,0.00,4.07,85.63,0
946708263,0.00,0.00,4.07,85.63,0
946708283,0.00,0.00,4.07,85.63,0
946708303,0.00,0.00,4.07,85.63,0
946708322,0.00,0.00,4.07,85.63,0
946708343,0.00,0.00,4.07,85.63,0
946708363,0.00,0.00,4.07,85.63,0
946708383,0.00,0.00,4.07,85.63,0
946708403,0.00,0.00,4.07,85.63,0
946708423,0.00,0.00,4.07,85.63,0
946708443,0.00,0.00,4.07,85.63,0
946708462,0.00,0.00,4.07,85.63,0
946708483,0.00,0.00,4.07,85.63,0
946708503,0.00,0.00,4.07,85.63,0
946708523,0.00,0.00,4.07,85.63,0
946708543,0.00,0.00,4.07,85.63,0
946708563,0.00,0.00,4.07,85.63,0
946708583,0.00,0.00,4.07,85.63,0
946708602,0.00,0.00,4.07,85.63,0
946708623,0.00,0.00,4.07,85.63,0
946708643,0.00,0.00,4.07,85.63,0
946708663,0.00,0.00,4.07,85.63,0
946708683,0.00,0.00,4.07,85.63,0
946708703,0.00,0.00,4.07,85.63,0
946708723,0.00,0.00,4.07,85.63,0
946708742,0.00,0.00,4.07,85.63,0
946708763,0.00,0.00,4.07,85.63,0
946708783,0.00,0.00,4.07,85.63,0
946708803,0.00,0.00,4.07,85.63,0
946708823,0.00,0.00,4.07,85.63,0
946708843,0.00,0.00,4.07,85.63,0
946708863,0.00,0.00,4.07,85.63,0
946708882,0.00,0.00,4.07,85.63,0
946708903,0.00,0.00,4.07,85.63,0
946708923,0.00,0.00,4.07,85.63,0
946708943,0.00,0.00,4.07,85.63,0
946708963,0.00,0.00,4.07,85.63,0
946708983,0.00,0.00,4.07,85.63,0
946709003,0.00,0.00,4.07,85.63,0
946709023,0.00,0.00,4.07,85.63,0
946709043,0.00,0.00,4.07,85.63,0
946709062,0.00,0.00,4.07,85.63,0
946709083,0.00,0.00,4.07,85.63,0
946709102,0.00,0.00,4.07,85.63,0
946709123,0.00,0.00,4.07,85.63,0
946709143,0.00,0.00,4.07,85.63,0
946709163,0.00,0.00,4.07,85.63,0
946709183,0.00,0.00,4.07,85.63,0
946709203,0.00,0.00,4.07,85.63,0
946709223,0.00,0.00,4.07,85.63,0
946709243,0.00,0.00,4.07,85.63,0
946709263,0.00,0.00,4.07,85.63,0
946709282,0.00,0.00,4.07,85.63,0
946709303,0.00,0.00,4.07,85.63,0
946709323,0.00,0.00,4.07,85.63,0
946709343,0.00,0.00,4.07,85.63,0
946709363,0.00,0.00,4.07,85.63,0
946709383,0.00,0.00,4.07,85.63,0
946709403,0.00,0.00,4.07,85.63,0
946709422,0.00,0.00,4.07,85.63,0
946709443,0.00,0.00,4.07,85.63,0
946709463,0.00,0.00,4.07,85.63,0
946709483,0.00,0.00,4.07,85.63,0
946709503,0.00,0.00,4.07,85.63,0
946709523,0.00,0.00,4.07,85.63,0
946709543,0.00,0.00,4.07,85.63,0
946709562,0.00,0.00,4.07,85.63,0
946709583,0.00,0.00,4.07,85.63,0
946709603,0.00,0.00,4.07,85.63,0
946709623,0.00,0.00,4.07,85.63,0
946709643,0.00,0.00,4.07,85.63,0
946709663,0.00,0.00,4.07,85.63,0
946709683,0.00,0.00,4.07,85.63,0
946709702,0.00,0.00,4.07,85.63,0
946709723,0.00,0.00,4.07,85.63,0
946709743,0.00,0.00,4.07,85.63,0
946709763,0.00,0.00,4.07,85.63,0
946709783,0.00,0.00,4.07,85.63,0
946709803,0.00,0.00,4.07,85.63,0
946709823,0.00,0.00,4.07,85.63,0
946709843,0.00,0.00,4.07,85.63,0
946709863,0.00,0.00,4.07,85.63,0
946709882,0.00,0.00,4.07,85.63,0
946709903,0.00,0.00,4.07,85.63,0
946709923,0.00,0.00,4.07,85.63,0
946709943,0.00,0.00,4.07,85.63,0
946709963,0.00,0.00,4.07,85.63,0
946709983,0.00,0.00,4.07,85.63,0
946710003,0.00,0.00,4.07,85.63,0
946710023,0.00,0.00,4.07,85.63,0
946710043,0.00,0.00,4.07,85.63,0
946710062,0.00,0.00,4.07,85.63,0
946710083,0.00,0.00,4.07,85.63,0
946710103,0.00,0.00,4.07,85.63,0
946710123,0.00,0.00,4.07,85.63,0
946710143,0.00,0.00,4.07,85.63,0
946710163,0.00,0.00,4.07,85.63,0
946710183,0.00,0.00,4.07,85.63,0
946710202,0.00,0.00,4.07,85.63,0
946710223,0.00,0.00,4.07,85.63,0
946710243,0.00,0.00,4.07,85.63,0
946710263,0.00,0.00,4.07,85.63,0
946710283,0.00,0.00,4.07,85.63,0
946710303,0.00,0.00,4.07,85.63,0
946710323,0.00,0.00,4.07,85.63,0
946710342,0.00,0.00,4.07,85.63,0
946710363,0.00,0.00,4.07,85.63,0
946710383,0.00,0.00,4.07,85.63,0
946710403,0.00,0.00,4.07,85.63,0
946710423,0.00,0.00,4.07,85.63,0
946710443,0.00,0.00,4.07,85.63,0
946710463,0.00,0.00,4.07,85.63,0
946710482,0.00,0.00,4.07,85.63,0
946710503,0.00,0.00,4.07,85.63,0
946710523,0.00,0.00,4.07,85.63,0
946710543,0.00,0.00,4.07,85.63,0
946710563,0.00,0.00,4.07,85.63,0
946710583,0.00,0.00,4.07,85.63,0
946710603,0.00,0.00,4.07,85.63,0
946710623,0.00,0.00,4.07,85.63,0
946710643,0.00,0.00,4.07,85.63,0
946710662,0.00,0.00,4.07,85.63,0
946710683,0.00,0.00,4.07,85.63,0
946710703,0.00,0.00,4.07,85.63,0
946710723,0.00,0.00,4.07,85.63,0
946710743,0.00,0.00,4.07,85.63,0
946710763,0.00,0.00,4.07,85.63,0
946710783,0.00,0.00,4.07,85.63,0
946710802,0.00,0.00,4.07,85.63,0
946710823,0.00,0.00,4.07,85.63,0
946710843,0.00,0.00,4.07,85.63,0
946710863,0.00,0.00,4.07,85.63,0
946710883,0.00,0.00,4.07,85.63,0
946710903,0.00,0.00,4.07,85.63,0
946710923,0.00,0.00,4.07,85.63,0
946710942,0.00,0.00,4.07,85.63,0
946710963,0.00,0.00,4.07,85.63,0
946710982,0.00,0.00,4.07,85.63,0
946711003,0.00,0.00,4.07,85.63,0
946711023,0.00,0.00,4.07,85.63,0
946711043,0.00,0.00,4.07,85.63,0
946711063,0.00,0.00,4.07,85.63,0
946711083,0.00,0.00,4.07,85.63,0
946711103,0.00,0.00,4.07,85.63,0
946711122,0.00,0.00,4.07,85.63,0
946711143,0.00,0.00,4.07,85.63,0
946711163,0.00,0.00,4.07,85.63,0
946711183,0.00,0.00,4.07,85.63,0
946711203,0.00,0.00,4.07,85.63,0
946711223,0.00,0.00,4.07,85.63,0
946711243,0.00,0.00,4.07,85.63,0
946711262,0.00,0.00,4.07,85.63,0
946711283,0.00,0.00,4.07,85.63,0
946711303,0.00,0.00,4.07,85.63,0
946711323,0.00,0.00,4.07,85.63,0
946711343,0.00,0.00,4.07,85.63,0
946711363,0.00,0.00,4.07,85.63,0
946711383,0.00,0.00,4.07,85.63,0
946711402,0.00,0.00,4.07,85.63,0
946711423,0.00,0.00,4.07,85.63,0
946711443,0.00,0.00,4.07,85.63,0
946711463,0.00,0.00,4.07,85.63,0
946711483,0.00,0.00,4.07,85.63,0
946711503,0.00,0.00,4.07,85.63,0
946711523,0.00,0.00,4.07,85.63,0
946711542,0.00,0.00,4.07,85.63,0
946711563,0.00,0.00,4.07,85.63,0
946711583,0.00,0.00,4.07,85.63,0
946711603,0.00,0.00,4.07,85.63,0
946711623,0.00,0.00,4.07,85.63,0
946711643,0.00,0.00,4.07,85.63,0
946711663,0.00,0.00,4.07,85.63,0
946711682,0.00,0.00,4.07,85.63,0
946711703,0.00,0.00,4.07,85.63,0
946711723,0.00,0.00,4.07,85.63,0
946711743,0.00,0.00,4.07,85.63,0
946711763,0.00,0.00,4.07,85.63,0
946711783,0.00,0.00,4.07,85.63,0
946711803,0.00,0.00,4.07,85.63,0
946711823,0.00,0.00,4.07,85.63,0
946711843,0.00,0.00,4.07,85.63,0
946711862,0.00,0.00,4.07,85.63,0
946711883,0.00,0.00,4.07,85.63,0
946711903,0.00,0.00,4.07,85.63,0
946711923,0.00,0.00,4.07,85.63,0
946711943,0.00,0.00,4.07,85.63,0
946711963,0.00,0.00,4.07,85.63,0
946711983,0.00,0.00,4.07,85.63,0
946712002,0.00,0.00,4.07,85.63,0
946712023,0.00,0.00,4.07,85.63,0
946712043,0.00,0.00,4.07,85.63,0
946712063,0.00,0.00,4.07,85.63,0
946712083,0.00,0.00,4.07,85.63,0
946712103,0.00,0.00,4.07,85.63,0
946712123,0.00,0.00,4.07,85.63,0
946712142,0.00,0.00,4.07,85.63,0
946712163,0.00,0.00,4.07,85.63,0
946712182,0.00,0.00,4.07,85.63,0
946712203,0.00,0.00,4.07,85.63,0
946712223,0.00,0.00,4.07,85.63,0
946712243,0.00,0.00,4.07,85.63,0
946712263,0.00,0.00,4.07,85.63,0
946712283,0.00,0.00,4.07,85.63,0
946712303,0.00,0.00,4.07,85.63,0
946712322,0.00,0.00,4.07,85.63,0
946712343,0.00,0.00,4.07,85.63,0
946712362,0.00,0.00,4.07,85.63,0
946712383,0.00,0.00,4.07,85.63,0
946712403,0.00,0.00,4.07,85.63,0
946712423,0.00,0.00,4.07,85.63,0
946712443,0.00,0.00,4.07,85.63,0
946712463,0.00,0.00,4.07,85.63,0
946712483,0.00,0.00,4.07,85.63,0
946712502,0.00,0.00,4.07,85.63,0
946712523,0.00,0.00,4.07,85.63,0
946712543,0.00,0.00,4.07,85.63,0
946712563,0.00,0.00,4.07,85.63,0
946712583,0.00,0.00,4.07,85.63,0
946712603,0.00,0.00,4.07,85.63,0
946712623,0.00,0.00,4.07,85.63,0
946712642,0.00,0.00,4.07,85.63,0
946712663,0.00,0.00,4.07,85.63,0
946712683,0.00,0.00,4.07,85.63,0
946712703,0.00,0.00,4.07,85.63,0
946712723,0.00,0.00,4.07,85.63,0
946712743,0.00,0.00,4.07,85.63,0
946712763,0.00,0.00,4.07,85.63,0
946712782,0.00,0.00,4.07,85.63,0
946712803,0.00,0.00,4.07,85.63,0
946712823,0.00,0.00,4.07,85.63,0
946712843,0.00,0.00,4.07,85.63,0
946712863,0.00,0.00,4.07,85.63,0
946712883,0.00,0.00,4.07,85.63,0
946712903,0.00,0.00,4.07,85.63,0
946712923,0.00,0.00,4.07,85.63,0
946712943,0.00,0.00,4.07,85.63,0
946712962,0.00,0.00,4.07,85.63,0
946712983,0.00,0.00,4.07,85.63,0
946713003,0.00,0.00,4.07,85.63,0
946713023,0.00,0.00,4.07,85.63,0
946713043,0.00,0.00,4.07,85.63,0
946713063,0.00,0.00,4.07,85.63,0
946713083,0.00,0.00,4.07,85.63,0
946713102,0.00,0.00,4.07,85.63,0
946713123,0.00,0.00,4.07,85.63,0
946713143,0.00,0.00,4.07,85.63,0
946713163,0.00,0.00,4.07,85.63,0
946713183,0.00,0.00,4.07,85.63,0
946713203,0.00,0.00,4.07,85.63,0
946713223,0.00,0.00,4.07,85.63,0
946713242,0.00,0.00,4.07,85.63,0
946713263,0.00,0.00,4.07,85.63,0
946713282,0.00,0.00,4.07,85.63,0
946713303,0.00,0.00,4.07,85.63,0
946713323,0.00,0.00,4.07,85.63,0
946713343,0.00,0.00,4.07,85.63,0
946713363,0.00,0.00,4.07,85.63,0
946713383,0.00,0.00,4.07,85.63,0
946713403,0.00,0.00,4.07,85.63,0
946713422,0.00,0.00,4.07,85.63,0
946713443,0.00,0.00,4.07,85.63,0
946713463,0.00,0.00,4.07,85.63,0
946713483,0.00,0.00,4.07,85.63,0
946713503,0.00,0.00,4.07,85.63,0
946713523,0.00,0.00,4.07,85.63,0
946713543,0.00,0.00,4.07,85.63,0
946713562,0.00,0.00,4.07,85.63,0
946713583,0.00,0.00,4.07,85.63,0
946713603,0.00,0.00,4.07,85.63,0
946713623,0.00,0.00,4.07,85.63,0
946713643,0.00,0.00,4.07,85.63,0
946713663,0.00,0.00,4.07,85.63,0
946713683,0.00,0.00,4.07,85.63,0
946713702,0.00,0.00,4.07,85.63,0
946713723,0.00,0.00,4.07,85.63,0
946713743,0.00,0.00,4.07,85.63,0
946713763,0.00,0.00,4.07,85.63,0
946713783,0.00,0.00,4.07,85.63,0
946713803,0.00,0.00,4.07,85.63,0
946713823,0.00,0.00,4.07,85.63,0
946713842,0.00,0.00,4.07,85.63,0
946713863,0.00,0.00,4.07,85.63,0
946713883,0.00,0.00,4.07,85.63,0
946713903,0.00,0.00,4.07,85.63,0
946713923,0.00,0.00,4.07,85.63,0
946713943,0.00,0.00,4.07,85.63,0
946713963,0.00,0.00,4.07,85.63,0
946713982,0.00,0.00,4.07,85.63,0
946714003,0.00,0.00,4.07,85.63,0
946714023,0.00,0.00,4.07,85.63,0
946714043,0.00,0.00,4.07,85.63,0
946714063,0.00,0.00,4.07,85.63,0
946714083,0.00,0.00,4.07,85.63,0
946714103,0.00,0.00,4.07,85.63,0
946714122,0.00,0.00,4.07,85.63,0
946714143,0.00,0.00,4.07,85.63,0
946714163,0.00,0.00,4.07,85.63,0
946714183,0.00,0.00,4.07,85.63,0
946714203,0.00,0.00,4.07,85.63,0
946714223,0.00,0.00,4.07,85.63,0
946714243,0.00,0.00,4.07,85.63,0
946714262,0.00,0.00,4.07,85.63,0
946714283,0.00,0.00,4.07,85.63,0
946714302,0.00,0.00,4.07,85.63,0
946714323,0.00,0.00,4.07,85.63,0
946714343,0.00,0.00,4.07,85.63,0
946714363,0.00,0.00,4.07,85.63,0
946714383,0.00,0.00,4.07,85.63,0
946714403,0.00,0.00,4.07,85.63,0
946714423,0.00,0.00,4.07,85.63,0
946714442,0.00,0.00,4.07,85.63,0
946714463,0.00,0.00,4.07,85.63,0
946714483,0.00,0.00,4.07,85.63,0
946714503,0.00,0.00,4.07,85.63,0
946714523,0.00,0.00,4.07,85.63,0
946714543,0.00,0.00,4.07,85.63,0
946714563,0.00,0.00,4.07,85.63,0
946714582,0.00,0.00,4.07,85.63,0
946714603,0.00,0.00,4.07,85.63,0
946714622,0.00,0.00,4.07,85.63,0
946714643,0.00,0.00,4.07,85.63,0
946714663,0.00,0.00,4.07,85.63,0
946714683,0.00,0.00,4.07,85.63,0
946714703,0.00,0.00,4.07,85.63,0
946714723,0.00,0.00,4.07,85.63,0
946714743,0.00,0.00,4.07,85.63,0
946714762,0.00,0.00,4.07,85.63,0
946714783,0.00,0.00,4.07,85.63,0
946714803,0.00,0.00,4.07,85.63,0
946714823,0.00,0.00,4.07,85.63,0
946714843,0.00,0.00,4.07,85.63,0
946714863,0.00,0.00,4.07,85.63,0
946714883,0.00,0.00,4.07,85.63,0
946714902,0.00,0.00,4.07,85.63,0
946714923,0.00,0.00,4.07,85.63,0
946714943,0.00,0.00,4.07,85.63,0
946714963,0.00,0.00,4.07,85.63,0
946714983,0.00,0.00,4.07,85.63,0
946715003,0.00,0.00,4.07,85.63,0
946715023,0.00,0.00,4.07,85.63,0
946715042,0.00,0.00,4.07,85.63,0
946715063,0.00,0.00,4.07,85.63,0
946715082,0.00,0.00,4.07,85.63,0
946715103,0.00,0.00,4.07,85.63,0
946715123,0.00,0.00,4.07,85.63,0
946715143,0.00,0.00,4.07,85.63,0
946715163,0.00,0.00,4.07,85.63,0
946715183,0.00,0.00,4.07,85.63,0
946715203,0.00,0.00,4.07,85.63,0
946715222,0.00,0.00,4.07,85.63,0
946715243,0.00,0.00,4.07,85.63,0
946715263,0.00,0.00,4.07,85.63,0
946715283,0.00,0.00,4.07,85.63,0
946715303,0.00,0.00,4.07,85.63,0
946715323,0.00,0.00,4.07,85.63,0
946715343,0.00,0.00,4.07,85.63,0
946715363,0.00,0.00,4.07,85.63,0
946715383,0.00,0.00,4.07,85.63,0
946715402,0.00,0.00,4.07,85.63,0
946715423,0.00,0.00,4.07,85.63,0
946715443,0.00,0.00,4.07,85.63,0
946715463,0.00,0.00,4.07,85.63,0
946715483,0.00,0.00,4.07,85.63,0
946715503,0.00,0.00,4.07,85.63,0
946715523,0.00,0.00,4.07,85.63,0
946715542,0.00,0.00,4.07,85.63,0
946715563,0.00,0.00,4.07,85.63,0
946715582,0.00,0.00,4.07,85.63,0
946715603,0.00,0.00,4.07,85.63,0
946715623,0.00,0.00,4.07,85.63,0
946715643,0.00,0.00,4.07,85.63,0
946715663,0.00,0.00,4.07,85.63,0
946715683,0.00,0.00,4.07,85.63,0
946715703,0.00,0.00,4.07,85.63,0
946715722,0.00,0.00,4.07,85.63,0
946715743,0.00,0.00,4.07,85.63,0
946715763,0.00,0.00,4.07,85.63,0
946715783,0.00,0.00,4.07,85.63,0
946715803,0.00,0.00,4.07,85.63,0
946715823,0.00,0.00,4.07,85.63,0
946715843,0.00,0.00,4.07,85.63,0
946715863,0.00,0.00,4.07,85.63,0
946715883,0.00,0.00,4.07,85.63,0
946715902,0.00,0.00,4.07,85.63,0
946715923,0.00,0.00,4.07,85.63,0
946715943,0.00,0.00,4.07,85.63,0
946715963,0.00,0.00,4.07,85.63,0
946715983,0.00,0.00,4.07,85.63,0
946716003,0.00,0.00,4.07,85.63,0
946716023,0.00,0.00,4.07,85.63,0
946716042,0.00,0.00,4.07,85.63,0
946716063,0.00,0.00,4.07,85.63,0
946716083,0.00,0.00,4.07,85.63,0
946716103,0.00,0.00,4.07,85.63,0
946716123,0.00,0.00,4.07,85.63,0
946716143,0.00,0.00,4.07,85.63,0
946716163,0.00,0.00,4.07,85.63,0
946716183,0.00,0.00,4.07,85.63,0
946716203,0.00,0.00,4.07,85.63,0
946716222,0.00,0.00,4.07,85.63,0
946716243,0.00,0.00,4.07,85.63,0
946716263,0.00,0.00,4.07,85.63,0
946716283,0.00,0.00,4.07,85.63,0
946716303,0.00,0.00,4.07,85.63,0
946716323,0.00,0.00,4.07,85.63,0
946716343,0.00,0.00,4.07,85.63,0
946716362,0.00,0.00,4.07,85.63,0
946716383,0.00,0.00,4.07,85.63,0
946716403,0.00,0.00,4.07,85.63,0
946716423,0.00,0.00,4.07,85.63,0
946716443,0.00,0.00,4.07,85.63,0
946716463,0.00,0.00,4.07,85.63,0
946716483,0.00,0.00,4.07,85.63,0
946716502,0.00,0.00,4.07,85.63,0
946716523,0.00,0.00,4.07,85.63,0
946716543,0.00,0.00,4.07,85.63,0
946716563,0.00,0.00,4.07,85.63,0
946716583,0.00,0.00,4.07,85.63,0
946716603,0.00,0.00,4.07,85.63,0
946716623,0.00,0.00,4.07,85.63,0
946716642,0.00,0.00,4.07,85.63,0
946716663,0.00,0.00,4.07,85.63,0
946716683,0.00,0.00,4.07,85.63,0
946716703,0.00,0.00,4.07,85.63,0
946716723,0.00,0.00,4.07,85.63,0
946716743,0.00,0.00,4.07,85.63,0
946716763,0.00,0.00,4.07,85.63,0
946716782,0.00,0.00,4.07,85.63,0
946716803,0.00,0.00,4.07,85.63,0
946716823,0.00,0.00,4.07,85.63,0
946716843,0.00,0.00,4.07,85.63,0
946716863,0.00,0.00,4.07,85.63,0
946716883,0.00,0.00,4.07,85.63,0
946716903,0.00,0.00,4.07,85.63,0
946716922,0.00,0.00,4.07,85.63,0
946716943,0.00,0.00,4.07,85.63,0
946716963,0.00,0.00,4.07,85.63,0
946716983,0.00,0.00,4.07,85.63,0
946717003,0.00,0.00,4.07,85.63,0
946717023,0.00,0.00,4.07,85.63,0
946717043,0.00,0.00,4.07,85.63,0
946717062,0.00,0.00,4.07,85.63,0
946717083,0.00,0.00,4.07,85.63,0
946717103,0.00,0.00,4.07,85.63,0
946717123,0.00,0.00,4.07,85.63,0
946717143,0.00,0.00,4.07,85.63,0
946717163,0.00,0.00,4.07,85.63,0
946717183,0.00,0.00,4.07,85.63,0
946717203,0.00,0.00,4.07,85.63,0
946717223,0.00,0.00,4.07,85.63,0
946717242,0.00,0.00,4.07,85.63,0
946717263,0.00,0.00,4.07,85.63,0
946717283,0.00,0.00,4.07,85.63,0
946717303,0.00,0.00,4.07,85.63,0
946717323,0.00,0.00,4.07,85.63,0
946717343,0.00,0.00,4.07,85.63,0
946717363,0.00,0.00,4.07,85.63,0
946717382,0.00,0.00,4.07,85.63,0
946717403,0.00,0.00,4.07,85.63,0
946717423,0.00,0.00,4.07,85.63,0
946717443,0.00,0.00,4.07,85.63,0
946717463,0.00,0.00,4.07,85.63,0
946717483,0.00,0.00,4.07,85.63,0
946717503,0.00,0.00,4.07,85.63,0
946717522,0.00,0.00,4.07,85.63,0
946717543,0.00,0.00,4.07,85.63,0
946717563,0.00,0.00,4.07,85.63,0
946717583,0.00,0.00,4.07,85.63,0
946717603,0.00,0.00,4.07,85.63,0
946717623,0.00,0.00,4.07,85.63,0
946717643,0.00,0.00,4.07,85.63,0
946717662,0.00,0.00,4.07,85.63,0
946717683,0.00,0.00,4.07,85.63,0
946717703,0.00,0.00,4.07,85.63,0
946717723,0.00,0.00,4.07,85.63,0
946717743,0.00,0.00,4.07,85.63,0
946717763,0.00,0.00,4.07,85.63,0
946717783,0.00,0.00,4.07,85.63,0
946717802,0.00,0.00,4.07,85.63,0
946717823,0.00,0.00,4.07,85.63,0
946717843,0.00,0.00,4.07,85.63,0
946717863,0.00,0.00,4.07,85.63,0
946717883,0.00,0.00,4.07,85.63,0
946717903,0.00,0.00,4.07,85.63,0
946717923,0.00,0.00,4.07,85.63,0
946717942,0.00,0.00,4.07,85.63,0
946717963,0.00,0.00,4.07,85.63,0
946717983,0.00,0.00,4.07,85.63,0
946718003,0.00,0.00,4.07,85.63,0
946718023,0.00,0.00,4.07,85.63,0
946718043,0.00,0.00,4.07,85.63,0
946718063,0.00,0.00,4.07,85.63,0
946718082,0.00,0.00,4.07,85.63,0
946718103,0.00,0.00,4.07,85.63,0
946718123,0.00,0.00,4.07,85.63,0
946718143,0.00,0.00,4.07,85.63,0
946718163,0.00,0.00,4.07,85.63,0
946718183,0.00,0.00,4.07,85.63,0
946718203,0.00,0.00,4.07,85.63,0
946718222,0.00,0.00,4.07,85.63,0
946718243,0.00,0.00,4.07,85.63,0
946718263,0.00,0.00,4.07,85.63,0
946718283,0.00,0.00,4.07,85.63,0
946718303,0.00,0.00,4.07,85.63,0
946718323,0.00,0.00,4.07,85.63,0
946718343,0.00,0.00,4.07,85.63,0
946718363,0.00,0.00,4.07,85.63,0
946718383,0.00,0.00,4.07,85.63,0
946718402,0.00,0.00,4.07,85.63,0
946718423,0.00,0.00,4.07,85.63,0
946718443,0.00,0.00,4.07,85.63,0
946718463,0.00,0.00,4.07,85.63,0
946718483,0.00,0.00,4.07,85.63,0
946718503,0.00,0.00,4.07,85.63,0
946718523,0.00,0.00,4.07,85.63,0
946718542,0.00,0.00,4.07,85.63,0
946718563,0.00,0.00,4.07,85.63,0
946718583,0.00,0.00,4.07,85.63,0
946718603,0.00,0.00,4.07,85.63,0
946718623,0.00,0.00,4.07,85.63,0
946718643,0.00,0.00,4.07,85.63,0
946718663,0.00,0.00,4.07,85.63,0
946718682,0.00,0.00,4.07,85.63,0
946718703,0.00,0.00,4.07,85.63,0
946718723,0.00,0.00,4.07,85.63,0
946718743,0.00,0.00,4.07,85.63,0
946718763,0.00,0.00,4.07,85.63,0
946718783,0.00,0.00,4.07,85.63,0
946718803,0.00,0.00,4.07,85.63,0
946718822,0.00,0.00,4.07,85.63,0
946718843,0.00,0.00,4.07,85.63,0
946718863,0.00,0.00,4.07,85.63,0
946718883,0.00,0.00,4.07,85.63,0
946718903,0.00,0.00,4.07,85.63,0
946718923,0.00,0.00,4.07,85.63,0
946718943,0.00,0.00,4.07,85.63,0
946718962,0.00,0.00,4.07,85.63,0
946718983,0.00,0.00,4.07,85.63,0
946719003,0.00,0.00,4.07,85.63,0
946719023,0.00,0.00,4.07,85.63,0
946719043,0.00,0.00,4.07,85.63,0
946719063,0.00,0.00,4.07,85.63,0
946719083,0.00,0.00,4.07,85.63,0
946719102,0.00,0.00,4.07,85.63,0
946719123,0.00,0.00,4.07,85.63,0
946719143,0.00,0.00,4.07,85.63,0
946719163,0.00,0.00,4.07,85.63,0
946719183,0.00,0.00,4.07,85.63,0
946719203,0.00,0.00,4.07,85.63,0
946719223,0.00,0.00,4.07,85.63,0
946719243,0.00,0.00,4.07,85.63,0
946719263,0.00,0.00,4.07,85.63,0
946719282,0.00,0.00,4.07,85.63,0
946719303,0.00,0.00,4.07,85.63,0
946719323,0.00,0.00,4.07,85.63,0
946719343,0.00,0.00,4.07,85.63,0
946719363,0.00,0.00,4.07,85.63,0
946719383,0.00,0.00,4.07,85.63,0
946719403,0.00,0.00,4.07,85.63,0
946719422,0.00,0.00,4.07,85.63,0
946719443,0.00,0.00,4.07,85.63,0
946719463,0.00,0.00,4.07,85.63,0
946719483,0.00,0.00,4.07,85.63,0
946719503,0.00,0.00,4.07,85.63,0
946719523,0.00,0.00,4.07,85.63,0
946719543,0.00,0.00,4.07,85.63,0
946719563,0.00,0.00,4.07,85.63,0
946719583,0.00,0.00,4.07,85.63,0
946719602,0.00,0.00,4.07,85.63,0
946719623,0.00,0.00,4.07,85.63,0
946719643,0.00,0.00,4.07,85.63,0
946719663,0.00,0.00,4.07,85.63,0
946719683,0.00,0.00,4.07,85.63,0
946719703,0.00,0.00,4.07,85.63,0
946719723,0.00,0.00,4.07,85.63,0
946719742,0.00,0.00,4.07,85.63,0
946719763,0.00,0.00,4.07,85.63,0
946719783,0.00,0.00,4.07,85.63,0
946719803,0.00,0.00,4.07,85.63,0
946719823,0.00,0.00,4.07,85.63,0
946719843,0.00,0.00,4.07,85.63,0
946719863,0.00,0.00,4.07,85.63,0
946719882,0.00,0.00,4.07,85.63,0
946719903,0.00,0.00,4.07,85.63,0
946719923,0.00,0.00,4.07,85.63,0
946719943,0.00,0.00,4.07,85.63,0
946719963,0.00,0.00,4.07,85.63,0
946719983,0.00,0.00,4.07,85.63,0
946720003,0.00,0.00,4.07,85.63,0
946720022,0.00,0.00,4.07,85.63,0
946720043,0.00,0.00,4.07,85.63,0
946720063,0.00,0.00,4.07,85.63,0
946720083,0.00,0.00,4.07,85.63,0
946720103,0.00,0.00,4.07,85.63,0
946720123,0.00,0.00,4.07,85.63,0
946720143,0.00,0.00,4.07,85.63,0
946720162,0.00,0.00,4.07,85.63,0
946720183,0.00,0.00,4.07,85.63,0
946720203,0.00,0.00,4.07,85.63,0
946720223,0.00,0.00,4.07,85.63,0
946720243,0.00,0.00,4.07,85.63,0
946720263,0.00,0.00,4.07,85.63,0
946720283,0.00,0.00,4.07,85.63,0
946720302,0.00,0.00,4.07,85.63,0
946720323,0.00,0.00,4.07,85.63,0
946720343,0.00,0.00,4.07,85.63,0
946720363,0.00,0.00,4.07,85.63,0
946720383,0.00,0.00,4.07,85.63,0
946720403,0.00,0.00,4.07,85.63,0
946720423,0.00,0.00,4.07,85.63,0
946720442,0.00,0.00,4.07,85.63,0
946720463,0.00,0.00,4.07,85.63,0
946720483,0.00,0.00,4.07,85.63,0
946720503,0.00,0.00,4.07,85.63,0
946720523,0.00,0.00,4.07,85.63,0
946720543,0.00,0.00,4.07,85.63,0
946720563,0.00,0.00,4.07,85.63,0
946720582,0.00,0.00,4.07,85.63,0
946720603,0.00,0.00,4.07,85.63,0
946720622,0.00,0.00,4.07,85.63,0
946720643,0.00,0.00,4.07,85.63,0
946720663,0.00,0.00,4.07,85.63,0
946720683,0.00,0.00,4.07,85.63,0
946720703,0.00,0.00,4.07,85.63,0
946720723,0.00,0.00,4.07,85.63,0
946720743,0.00,0.00,4.07,85.63,0
946720762,0.00,0.00,4.07,85.63,0
946720783,0.00,0.00,4.07,85.63,0
946720803,0.00,0.00,4.07,85.63,0
946720823,0.00,0.00,4.07,85.63,0
946720843,0.00,0.00,4.07,85.63,0
946720863,0.00,0.00,4.07,85.63,0
946720883,0.00,0.00,4.07,85.63,0
946720902,0.00,0.00,4.07,85.63,0
946720923,0.00,0.00,4.07,85.63,0
946720943,0.00,0.00,4.07,85.63,0
946720963,0.00,0.00,4.07,85.63,0
946720983,0.00,0.00,4.07,85.63,0
946721003,0.00,0.00,4.07,85.63,0
946721023,0.00,0.00,4.07,85.63,0
946721042,0.00,0.00,4.07,85.63,0
946721063,0.00,0.00,4.07,85.63,0
946721083,0.00,0.00,4.07,85.63,0
946721103,0.00,0.00,4.07,85.63,0
946721123,0.00,0.00,4.07,85.63,0
946721143,0.00,0.00,4.07,85.63,0
946721163,0.00,0.00,4.07,85.63,0
946721182,0.00,0.00,4.07,85.63,0
946721203,0.00,0.00,4.07,85.63,0
946721223,0.00,0.00,4.07,85.63,0
946721243,0.00,0.00,4.07,85.63,0
946721263,0.00,0.00,4.07,85.63,0
946721283,0.00,0.00,4.07,85.63,0
946721303,0.00,0.00,4.07,85.63,0
946721322,0.00,0.00,4.07,85.63,0
946721343,0.00,0.00,4.07,85.63,0
946721362,0.00,0.00,4.07,85.63,0
946721383,0.00,0.00,4.07,85.63,0
946721403,0.00,0.00,4.07,85.63,0
946721423,0.00,0.00,4.07,85.63,0
946721443,0.00,0.00,4.07,85.63,0
946721463,0.00,0.00,4.07,85.63,0
946721483,0.00,0.00,4.07,85.63,0
946721502,0.00,0.00,4.07,85.63,0
946721523,0.00,0.00,4.07,85.63,0
946721543,0.00,0.00,4.07,85.63,0
946721563,0.00,0.00,4.07,85.63,0
946721583,0.00,0.00,4.07,85.63,0
946721603,0.00,0.00,4.07,85.63,0
946721623,0.00,0.00,4.07,85.63,0
946721642,0.00,0.00,4.07,85.63,0
946721663,0.00,0.00,4.07,85.63,0
946721683,0.00,0.00,4.07,85.63,0
946721703,0.00,0.00,4.07,85.63,0
946721723,0.00,0.00,4.07,85.63,0
946721743,0.00,0.00,4.07,85.63,0
946721763,0.00,0.00,4.07,85.63,0
946721782,0.00,0.00,4.07,85.63,0
946721803,0.00,0.00,4.07,85.63,0
946721823,0.00,0.00,4.07,85.63,0
946721843,0.00,0.00,4.07,85.63,0
946721863,0.00,0.00,4.07,85.63,0
946721883,0.00,0.00,4.07,85.63,0
946721903,0.00,0.00,4.07,85.63,0
946721923,0.00,0.00,4.07,85.63,0
946721943,0.00,0.00,4.07,85.63,0
946721962,0.00,0.00,4.07,85.63,0
946721983,0.00,0.00,4.07,85.63,0
946722003,0.00,0.00,4.07,85.63,0
946722023,0.00,0.00,4.07,85.63,0
946722043,0.00,0.00,4.07,85.63,0
946722063,0.00,0.00,4.07,85.63,0
946722083,0.00,0.00,4.07,85.63,0
946722103,0.00,0.00,4.07,85.63,0
946722123,0.00,0.00,4.07,85.63,0
946722142,0.00,0.00,4.07,85.63,0
946722163,0.00,0.00,4.07,85.63,0
946722183,0.00,0.00,4.07,85.63,0
946722203,0.00,0.00,4.07,85.63,0
946722223,0.00,0.00,4.07,85.63,0
946722243,0.00,0.00,4.07,85.63,0
946722263,0.00,0.00,4.07,85.63,0
946722283,0.00,0.00,4.07,85.63,0
946722303,0.00,0.00,4.07,85.63,0
946722322,0.00,0.00,4.07,85.63,0
946722343,0.00,0.00,4.07,85.63,0
946722362,0.00,0.00,4.07,85.63,0
946722383,0.00,0.00,4.07,85.63,0
946722403,0.00,0.00,4.07,85.63,0
946722423,0.00,0.00,4.07,85.63,0
946722443,0.00,0.00,4.07,85.63,0
946722463,0.00,0.00,4.07,85.63,0
946722483,0.00,0.00,4.07,85.63,0
946722502,0.00,0.00,4.07,85.63,0
946722523,0.00,0.00,4.07,85.63,0
946722543,0.00,0.00,4.07,85.63,0
946722563,0.00,0.00,4.07,85.63,0
946722583,0.00,0.00,4.07,85.63,0
946722603,0.00,0.00,4.07,85.63,0
946722623,0.00,0.00,4.07,85.63,0
946722642,0.00,0.00,4.07,85.63,0
946722663,0.00,0.00,4.07,85.63,0
946722683,0.00,0.00,4.07,85.63,0
946722703,0.00,0.00,4.07,85.63,0
946722723,0.00,0.00,4.07,85.63,0
946722743,0.00,0.00,4.07,85.63,0
946722763,0.00,0.00,4.07,85.63,0
946722782,0.00,0.00,4.07,85.63,0
946722803,0.00,0.00,4.07,85.63,0
946722823,0.00,0.00,4.07,85.63,0
946722843,0.00,0.00,4.07,85.63,0
946722863,0.00,0.00,4.07,85.63,0
946722883,0.00,0.00,4.07,85.63,0
946722903,0.00,0.00,4.07,85.63,0
946722922,0.00,0.00,4.07,85.63,0
946722943,0.00,0.00,4.07,85.63,0
946722963,0.00,0.00,4.07,85.63,0
946722983,0.00,0.00,4.07,85.63,0
946723003,0.00,0.00,4.07,85.63,0
946723023,0.00,0.00,4.07,85.63,0
946723043,0.00,0.00,4.07,85.63,0
946723062,0.00,0.00,4.07,85.63,0
946723083,0.00,0.00,4.07,85.63,0
946723103,0.00,0.00,4.07,85.63,0
946723123,0.00,0.00,4.07,85.63,0
946723143,0.00,0.00,4.07,85.63,0
946723163,0.00,0.00,4.07,85.63,0
946723183,0.00,0.00,4.07,85.63,0
946723202,0.00,0.00,4.07,85.63,0
946723223,0.00,0.00,4.07,85.63,0
946723243,0.00,0.00,4.07,85.63,0
946723263,0.00,0.00,4.07,85.63,0
946723283,0.00,0.00,4.07,85.63,0
946723303,0.00,0.00,4.07,85.63,0
946723323,0.00,0.00,4.07,85.63,0
946723342,0.00,0.00,4.07,85.63,0
946723363,0.00,0.00,4.07,85.63,0
946723383,0.00,0.00,4.07,85.63,0
946723403,0.00,0.00,4.07,85.63,0
946723423,0.00,0.00,4.07,85.63,0
946723443,0.00,0.00,4.07,85.63,0
946723463,0.00,0.00,4.07,85.63,0
946723483,0.00,0.00,4.07,85.63,0
946723503,0.00,0.00,4.07,85.63,0
946723522,0.00,0.00,4.07,85.63,0
946723543,0.00,0.00,4.07,85.63,0
946723563,0.00,0.00,4.07,85.63,0
946723583,0.00,0.00,4.07,85.63,0
946723603,0.00,0.00,4.07,85.63,0
946723623,0.00,0.00,4.07,85.63,0
946723643,0.00,0.00,4.07,85.63,0
946723662,0.00,0.00,4.07,85.63,0
946723683,0.00,0.00,4.07,85.63,0
946723703,0.00,0.00,4.07,85.63,0
946723723,0.00,0.00,4.07,85.63,0
946723743,0.00,0.00,4.07,85.63,0
946723763,0.00,0.00,4.07,85.63,0
946723783,0.00,0.00,4.07,85.63,0
946723802,0.00,0.00,4.07,85.63,0
946723823,0.00,0.00,4.07,85.63,0
946723843,0.00,0.00,4.07,85.63,0
946723863,0.00,0.00,4.07,85.63,0
946723883,0.00,0.00,4.07,85.63,0
946723903,0.00,0.00,4.07,85.63,0
946723923,0.00,0.00,4.07,85.63,0
946723942,0.00,0.00,4.07,85.63,0
946723963,0.00,0.00,4.07,85.63,0
946723983,0.00,0.00,4.07,85.63,0
946724003,0.00,0.00,4.07,85.63,0
946724023,0.00,0.00,4.07,85.63,0
946724043,0.00,0.00,4.07,85.63,0
946724063,0.00,0.00,4.07,85.63,0
946724082,0.00,0.00,4.07,85.63,0
946724103,0.00,0.00,4.07,85.63,0
946724123,0.00,0.00,4.07,85.63,0
946724143,0.00,0.00,4.07,85.63,0
946724163,0.00,0.00,4.07,85.63,0
946724183,0.00,0.00,4.07,85.63,0
946724203,0.00,0.00,4.07,85.63,0
946724222,0.00,0.00,4.07,85.63,0
946724243,0.00,0.00,4.07,85.63,0
946724263,0.00,0.00,4.07,85.63,0
946724283,0.00,0.00,4.07,85.63,0
946724303,0.00,0.00,4.07,85.63,0
946724323,0.00,0.00,4.07,85.63,0
946724343,0.00,0.00,4.07,85.63,0
946724362,0.00,0.00,4.07,85.63,0
946724383,0.00,0.00,4.07,85.63,0
946724403,0.00,0.00,4.07,85.63,0
946724423,0.00,0.00,4.07,85.63,0
946724443,0.00,0.00,4.07,85.63,0
946724463,0.00,0.00,4.07,85.63,0
946724483,0.00,0.00,4.07,85.63,0
946724502,0.00,0.00,4.07,85.63,0
946724523,0.00,0.00,4.07,85.63,0
946724542,0.00,0.00,4.07,85.63,0
946724563,0.00,0.00,4.07,85.63,0
946724583,0.00,0.00,4.07,85.63,0
946724603,0.00,0.00,4.07,85.63,0
946724623,0.00,0.00,4.07,85.63,0
946724643,0.00,0.00,4.07,85.63,0
946724663,0.00,0.00,4.07,85.63,0
946724682,0.00,0.00,4.07,85.63,0
946724703,0.00,0.00,4.07,85.63,0
946724722,0.00,0.00,4.07,85.63,0
946724743,0.00,0.00,4.07,85.63,0
946724763,0.00,0.00,4.07,85.63,0
946724783,0.00,0.00,4.07,85.63,0
946724803,0.00,0.00,4.07,85.63,0
946724823,0.00,0.00,4.07,85.63,0
946724843,0.00,0.00,4.07,85.63,0
946724862,0.00,0.00,4.07,85.63,0
946724883,0.00,0.00,4.07,85.63,0
946724903,0.00,0.00,4.07,85.63,0
946724923,0.00,0.00,4.07,85.63,0
946724943,0.00,0.00,4.07,85.63,0
946724963,0.00,0.00,4.07,85.63,0
946724983,0.00,0.00,4.07,85.63,0
946725003,0.00,0.00,4.07,85.63,0
946725023,0.00,0.00,4.07,85.63,0
946725042,0.00,0.00,4.07,85.63,0
946725063,0.00,0.00,4.07,85.63,0
946725083,0.00,0.00,4.07,85.63,0
946725103,0.00,0.00,4.07,85.63,0
946725123,0.00,0.00,4.07,85.63,0
946725143,0.00,0.00,4.07,85.63,0
946725163,0.00,0.00,4.07,85.63,0
946725183,0.00,0.00,4.07,85.63,0
946725203,0.00,0.00,4.07,85.63,0
946725222,0.00,0.00,4.07,85.63,0
946725243,0.00,0.00,4.07,85.63,0
946725262,0.00,0.00,4.07,85.63,0
946725283,0.00,0.00,4.07,85.63,0
946725303,0.00,0.00,4.07,85.63,0
946725323,0.00,0.00,4.07,85.63,0
946725343,0.00,0.00,4.07,85.63,0
946725363,0.00,0.00,4.07,85.63,0
946725383,0.00,0.00,4.07,85.63,0
946725402,0.00,0.00,4.07,85.63,0
946725423,0.00,0.00,4.07,85.63,0
946725443,0.00,0.00,4.07,85.63,0
946725463,0.00,0.00,4.07,85.63,0
946725483,0.00,0.00,4.07,85.63,0
946725503,0.00,0.00,4.07,85.63,0
946725523,0.00,0.00,4.07,85.63,0
946725542,0.00,0.00,4.07,85.63,0
946725563,0.00,0.00,4.07,85.63,0
946725583,0.00,0.00,4.07,85.63,0
946725603,0.00,0.00,4.07,85.63,0
946725623,0.00,0.00,4.07,85.63,0
946725643,0.00,0.00,4.07,85.63,0
946725663,0.00,0.00,4.07,85.63,0
946725682,0.00,0.00,4.07,85.63,0
946725703,0.00,0.00,4.07,85.63,0
946725723,0.00,0.00,4.07,85.63,0
946725743,0.00,0.00,4.07,85.63,0
946725763,0.00,0.00,4.07,85.63,0
946725783,0.00,0.00,4.07,85.63,0
946725803,0.00,0.00,4.07,85.63,0
946725822,0.00,0.00,4.07,85.63,0
946725843,0.00,0.00,4.07,85.63,0
946725863,0.00,0.00,4.07,85.63,0
946725883,0.00,0.00,4.07,85.63,0
946725903,0.00,0.00,4.07,85.63,0
946725923,0.00,0.00,4.07,85.63,0
946725943,0.00,0.00,4.07,85.63,0
946725962,0.00,0.00,4.07,85.63,0
946725983,0.00,0.00,4.07,85.63,0
946726002,0.00,0.00,4.07,85.63,0
946726023,0.00,0.00,4.07,85.63,0
946726043,0.00,0.00,4.07,85.63,0
946726063,0.00,0.00,4.07,85.63,0
946726083,0.00,0.00,4.07,85.63,0
946726103,0.00,0.00,4.07,85.63,0
946726123,0.00,0.00,4.07,85.63,0
946726142,0.00,0.00,4.07,85.63,0
946726163,0.00,0.00,4.07,85.63,0
946726183,0.00,0.00,4.07,85.63,0
946726203,0.00,0.00,4.07,85.63,0
946726223,0.00,0.00,4.07,85.63,0
946726243,0.00,0.00,4.07,85.63,0
946726263,0.00,0.00,4.07,85.63,0
946726283,0.00,0.00,4.07,85.63,0
946726303,0.00,0.00,4.07,85.63,0
946726322,0.00,0.00,4.07,85.63,0
946726343,0.00,0.00,4.07,85.63,0
946726363,0.00,0.00,4.07,85.63,0
946726383,0.00,0.00,4.07,85.63,0
946726403,0.00,0.00,4.07,85.63,0
946726423,0.00,0.00,4.07,85.63,0
946726443,0.00,0.00,4.07,85.63,0
946726463,0.00,0.00,4.07,85.63,0
946726483,0.00,0.00,4.07,85.63,0
946726502,0.00,0.00,4.07,85.63,0
946726523,0.00,0.00,4.07,85.63,0
946726543,0.00,0.00,4.07,85.63,0
946726563,0.00,0.00,4.07,85.63,0
946726583,0.00,0.00,4.07,85.63,0
946726603,0.00,0.00,4.07,85.63,0
946726623,0.00,0.00,4.07,85.63,0
946726642,0.00,0.00,4.07,85.63,0
946726663,0.00,0.00,4.07,85.63,0
946726683,0.00,0.00,4.07,85.63,0
946726703,0.00,0.00,4.07,85.63,0
946726723,0.00,0.00,4.07,85.63,0
946726743,0.00,0.00,4.07,85.63,0
946726763,0.00,0.00,4.07,85.63,0
946726782,0.00,0.00,4.07,85.63,0
946726803,0.00,0.00,4.07,85.63,0
946726823,0.00,0.00,4.07,85.63,0
946726843,0.00,0.00,4.07,85.63,0
946726863,0.00,0.00,4.07,85.63,0
946726883,0.00,0.00,4.07,85.63,0
946726903,0.00,0.00,4.07,85.63,0
946726922,0.00,0.00,4.07,85.63,0
946726943,0.00,0.00,4.07,85.63,0
946726963,0.00,0.00,4.07,85.63,0
946726983,0.00,0.00,4.07,85.63,0
946727003,0.00,0.00,4.07,85.63,0
946727023,0.00,0.00,4.07,85.63,0
946727043,0.00,0.00,4.07,85.63,0
946727063,0.00,0.00,4.07,85.63,0
946727083,0.00,0.00,4.07,85.63,0
946727103,0.00,0.00,4.07,85.63,0
946727123,0.00,0.00,4.07,85.63,0
946727142,0.00,0.00,4.07,85.63,0
946727163,0.00,0.00,4.07,85.63,0
946727183,0.00,0.00,4.07,85.63,0
946727203,0.00,0.00,4.07,85.63,0
946727223,0.00,0.00,4.07,85.63,0
946727243,0.00,0.00,4.07,85.63,0
946727263,0.00,0.00,4.07,85.63,0
946727282,0.00,0.00,4.07,85.63,0
946727303,0.00,0.00,4.07,85.63,0
946727323,0.00,0.00,4.07,85.63,0
946727343,0.00,0.00,4.07,85.63,0
946727363,0.00,0.00,4.07,85.63,0
946727383,0.00,0.00,4.07,85.63,0
946727403,0.00,0.00,4.07,85.63,0
946727422,0.00,0.00,4.07,85.63,0
946727443,0.00,0.00,4.07,85.63,0
946727463,0.00,0.00,4.07,85.63,0
946727483,0.00,0.00,4.07,85.63,0
946727503,0.00,0.00,4.07,85.63,0
946727523,0.00,0.00,4.07,85.63,0
946727543,0.00,0.00,4.07,85.63,0
946727562,0.00,0.00,4.07,85.63,0
946727583,0.00,0.00,4.07,85.63,0
946727603,0.00,0.00,4.07,85.63,0
946727623,0.00,0.00,4.07,85.63,0
946727643,0.00,0.00,4.07,85.63,0
946727663,0.00,0.00,4.07,85.63,0
946727683,0.00,0.00,4.07,85.63,0
946727702,0.00,0.00,4.07,85.63,0
946727723,0.00,0.00,4.07,85.63,0
946727743,0.00,0.00,4.07,85.63,0
946727763,0.00,0.00,4.07,85.63,0
946727783,0.00,0.00,4.07,85.63,0
946727803,0.00,0.00,4.07,85.63,0
946727823,0.00,0.00,4.07,85.63,0
946727843,0.00,0.00,4.07,85.63,0
946727863,0.00,0.00,4.07,85.63,0
946727882,0.00,0.00,4.07,85.63,0
946727903,0.00,0.00,4.07,85.63,0
946727922,0.00,0.00,4.07,85.63,0
946727943,0.00,0.00,4.07,85.63,0
946727963,0.00,0.00,4.07,85.63,0
946727983,0.00,0.00,4.07,85.63,0
946728003,0.00,0.00,4.07,85.63,0
946728023,0.00,0.00,4.07,85.63,0
946728043,0.00,0.00,4.07,85.63,0
946728063,0.00,0.00,4.07,85.63,0
946728083,0.00,0.00,4.07,85.63,0
946728102,0.00,0.00,4.07,85.63,0
946728123,0.00,0.00,4.07,85.63,0
946728143,0.00,0.00,4.07,85.63,0
946728163,0.00,0.00,4.07,85.63,0
946728183,0.00,0.00,4.07,85.63,0
946728203,0.00,0.00,4.07,85.63,0
946728223,0.00,0.00,4.07,85.63,0
946728243,0.00,0.00,4.07,85.63,0
946728263,0.00,0.00,4.07,85.63,0
946728282,0.00,0.00,4.07,85.63,0
946728303,0.00,0.00,4.07,85.63,0
946728323,0.00,0.00,4.07,85.63,0
946728343,0.00,0.00,4.07,85.63,0
946728363,0.00,0.00,4.07,85.63,0
946728383,0.00,0.00,4.07,85.63,0
946728403,0.00,0.00,4.07,85.63,0
946728422,0.00,0.00,4.07,85.63,0
946728443,0.00,0.00,4.07,85.63,0
946728463,0.00,0.00,4.07,85.63,0
946728483,0.00,0.00,4.07,85.63,0
946728503,0.00,0.00,4.07,85.63,0
946728523,0.00,0.00,4.07,85.63,0
946728543,0.00,0.00,4.07,85.63,0
946728562,0.00,0.00,4.07,85.63,0
946728583,0.00,0.00,4.07,85.63,0
946728603,0.00,0.00,4.07,85.63,0
946728623,0.00,0.00,4.07,85.63,0
946728643,0.00,0.00,4.07,85.63,0
946728663,0.00,0.00,4.07,85.63,0
946728683,0.00,0.00,4.07,85.63,0
946728703,0.00,0.00,4.07,85.63,0
946728723,0.00,0.00,4.07,85.63,0
946728742,0.00,0.00,4.07,85.63,0
946728763,0.00,0.00,4.07,85.63,0
946728783,0.00,0.00,4.07,85.63,0
946728803,0.00,0.00,4.07,85.63,0
946728823,0.00,0.00,4.07,85.63,0
946728843,0.00,0.00,4.07,85.63,0
946728863,0.00,0.00,4.07,85.63,0
946728882,0.00,0.00,4.07,85.63,0
946728903,0.00,0.00,4.07,85.63,0
946728923,0.00,0.00,4.07,85.63,0
946728943,0.00,0.00,4.07,85.63,0
946728963,0.00,0.00,4.07,85.63,0
946728983,0.00,0.00,4.07,85.63,0
946729003,0.00,0.00,4.07,85.63,0
946729022,0.00,0.00,4.07,85.63,0
946729043,0.00,0.00,4.07,85.63,0
946729062,0.00,0.00,4.07,85.63,0
946729083,0.00,0.00,4.07,85.63,0
946729102,0.00,0.00,4.07,85.63,0
946729123,0.00,0.00,4.07,85.63,0
946729143,0.00,0.00,4.07,85.63,0
946729163,0.00,0.00,4.07,85.63,0
946729183,0.00,0.00,4.07,85.63,0
946729203,0.00,0.00,4.07,85.63,0
946729223,0.00,0.00,4.07,85.63,0
946729242,0.00,0.00,4.07,85.63,0
946729263,0.00,0.00,4.07,85.63,0
946729283,0.00,0.00,4.07,85.63,0
946729303,0.00,0.00,4.07,85.63,0
946729323,0.00,0.00,4.07,85.63,0
946729343,0.00,0.00,4.07,85.63,0
946729363,0.00,0.00,4.07,85.63,0
946729382,0.00,0.00,4.07,85.63,0
946729403,0.00,0.00,4.07,85.63,0
946729423,0.00,0.00,4.07,85.63,0
946729443,0.00,0.00,4.07,85.63,0
946729463,0.00,0.00,4.07,85.63,0
946729483,0.00,0.00,4.07,85.63,0
946729503,0.00,0.00,4.07,85.63,0
946729522,0.00,0.00,4.07,85.63,0
946729543,0.00,0.00,4.07,85.63,0
946729563,0.00,0.00,4.07,85.63,0
946729583,0.00,0.00,4.07,85.63,0
946729603,0.00,0.00,4.07,85.63,0
946729623,0.00,0.00,4.07,85.63,0
946729643,0.00,0.00,4.07,85.63,0
946729662,0.00,0.00,4.07,85.63,0
946729683,0.00,0.00,4.07,85.63,0
946729703,0.00,0.00,4.07,85.63,0
946729723,0.00,0.00,4.07,85.63,0
946729743,0.00,0.00,4.07,85.63,0
946729763,0.00,0.00,4.07,85.63,0
946729783,0.00,0.00,4.07,85.63,0
946729803,0.00,0.00,4.07,85.63,0
946729823,0.00,0.00,4.07,85.63,0
946729842,0.00,0.00,4.07,85.63,0
946729863,0.00,0.00,4.07,85.63,0
946729883,0.00,0.00,4.07,85.63,0
946729903,0.00,0.00,4.07,85.63,0
946729923,0.00,0.00,4.07,85.63,0
946729943,0.00,0.00,4.07,85.63,0
946729963,0.00,0.00,4.07,85.63,0
946729982,0.00,0.00,4.07,85.63,0
946730003,0.00,0.00,4.07,85.63,0
946730023,0.00,0.00,4.07,85.63,0
946730043,0.00,0.00,4.07,85.63,0
946730063,0.00,0.00,4.07,85.63,0
946730083,0.00,0.00,4.07,85.63,0
946730103,0.00,0.00,4.07,85.63,0
946730123,0.00,0.00,4.07,85.63,0
946730143,0.00,0.00,4.07,85.63,0
946730162,0.00,0.00,4.07,85.63,0
946730183,0.00,0.00,4.07,85.63,0
946730203,0.00,0.00,4.07,85.63,0
946730223,0.00,0.00,4.07,85.63,0
946730243,0.00,0.00,4.07,85.63,0
946730263,0.00,0.00,4.07,85.63,0
946730283,0.00,0.00,4.07,85.63,0
946730302,0.00,0.00,4.07,85.63,0
946730323,0.00,0.00,4.07,85.63,0
946730343,0.00,0.00,4.07,85.63,0
946730363,0.00,0.00,4.07,85.63,0
946730383,0.00,0.00,4.07,85.63,0
946730403,0.00,0.00,4.07,85.63,0
946730423,0.00,0.00,4.07,85.63,0
946730443,0.00,0.00,4.07,85.63,0
946730463,0.00,0.00,4.07,85.63,0
946730482,0.00,0.00,4.07,85.63,0
946730503,0.00,0.00,4.07,85.63,0
946730523,0.00,0.00,4.07,85.63,0
946730543,0.00,0.00,4.07,85.63,0
946730563,0.00,0.00,4.07,85.63,0
946730583,0.00,0.00,4.07,85.63,0
946730603,0.00,0.00,4.07,85.63,0
946730622,0.00,0.00,4.07,85.63,0
946730643,0.00,0.00,4.07,85.63,0
946730663,0.00,0.00,4.07,85.63,0
946730683,0.00,0.00,4.07,85.63,0
946730703,0.00,0.00,4.07,85.63,0
946730723,0.00,0.00,4.07,85.63,0
946730743,0.00,0.00,4.07,85.63,0
946730762,0.00,0.00,4.07,85.63,0
946730783,0.00,0.00,4.07,85.63,0
946730803,0.00,0.00,4.07,85.63,0
946730823,0.00,0.00,4.07,85.63,0
946730843,0.00,0.00,4.07,85.63,0
946730863,0.00,0.00,4.07,85.63,0
946730883,0.00,0.00,4.07,85.63,0
946730902,0.00,0.00,4.07,85.63,0
946730923,0.00,0.00,4.07,85.63,0
946730943,0.00,0.00,4.07,85.63,0
946730963,0.00,0.00,4.07,85.63,0
946730983,0.00,0.00,4.07,85.63,0
946731003,0.00,0.00,4.07,85.63,0
946731023,0.00,0.00,4.07,85.63,0
946731043,0.00,0.00,4.07,85.63,0
946731063,0.00,0.00,4.07,85.63,0
946731082,0.00,0.00,4.07,85.63,0
946731103,0.00,0.00,4.07,85.63,0
946731123,0.00,0.00,4.07,85.63,0
946731143,0.00,0.00,4.07,85.63,0
946731163,0.00,0.00,4.07,85.48,0
946731183,0.00,0.00,4.07,85.48,0
946731203,0.00,0.00,4.07,85.48,0
946731222,0.00,0.00,4.07,85.48,0
946731243,0.00,0.00,4.07,85.48,0
946731262,0.00,0.00,4.07,85.48,0
946731283,0.00,0.00,4.07,85.48,0
946731303,0.00,0.00,4.07,85.48,0
946731323,0.00,0.00,4.07,85.48,0
946731343,0.00,0.00,4.07,85.48,0
946731363,0.00,0.00,4.07,85.48,0
946731383,0.00,0.00,4.07,85.48,0
946731403,0.00,0.00,4.07,85.48,0
946731423,0.00,0.00,4.07,85.48,0
946731442,0.00,0.00,4.07,85.48,0
946731463,0.00,0.00,4.07,85.48,0
946731483,0.00,0.00,4.07,85.48,0
946731503,0.00,0.00,4.07,85.48,0
946731523,0.00,0.00,4.07,85.48,0
946731543,0.00,0.00,4.07,85.48,0
946731563,0.00,0.00,4.07,85.48,0
946731582,0.00,0.00,4.07,85.48,0
946731603,0.00,0.00,4.07,85.48,0
946731623,0.00,0.00,4.07,85.48,0
946731643,0.00,0.00,4.07,85.48,0
946731663,0.00,0.00,4.07,85.48,0
946731683,0.00,0.00,4.07,85.48,0
946731703,0.00,0.00,4.07,85.48,0
946731722,0.00,0.00,4.07,85.48,0
946731743,0.00,0.00,4.07,85.48,0
946731763,0.00,0.00,4.07,85.48,0
946731783,0.00,0.00,4.07,85.48,0
946731803,0.00,0.00,4.07,85.48,0
946731823,0.00,0.00,4.07,85.48,0
946731843,0.00,0.00,4.07,85.48,0
946731862,0.00,0.00,4.07,85.48,0
946731883,0.00,0.00,4.07,85.48,0
946731903,0.00,0.00,4.07,85.48,0
946731923,0.00,0.00,4.07,85.48,0
946731943,0.00,0.00,4.07,85.48,0
946731963,0.00,0.00,4.07,85.48,0
946731983,0.00,0.00,4.07,85.48,0
946732003,0.00,0.00,4.07,85.48,0
946732023,0.00,0.00,4.07,85.48,0
946732043,0.00,0.00,4.07,85.48,0
946732063,0.00,0.00,4.07,85.48,0
946732082,0.00,0.00,4.07,85.48,0
946732103,0.00,0.00,4.07,85.48,0
946732123,0.00,0.00,4.07,85.48,0
946732143,0.00,0.00,4.07,85.48,0
946732163,0.00,0.00,4.07,85.48,0
946732183,0.00,0.00,4.07,85.48,0
946732203,0.00,0.00,4.07,85.48,0
946732222,0.00,0.00,4.07,85.48,0
946732243,0.00,0.00,4.07,85.48,0
946732262,0.00,0.00,4.07,85.48,0
946732283,0.00,0.00,4.07,85.48,0
946732303,0.00,0.00,4.07,85.48,0
946732323,0.00,0.00,4.07,85.48,0
946732343,0.00,0.00,4.07,85.48,0
946732363,0.00,0.00,4.07,85.48,0
946732383,0.00,0.00,4.07,85.48,0
946732402,0.00,0.00,4.07,85.48,0
946732423,0.00,0.00,4.07,85.48,0
946732443,0.00,0.00,4.07,85.48,0
946732463,0.00,0.00,4.07,85.48,0
946732483,0.00,0.00,4.07,85.48,0
946732503,0.00,0.00,4.07,85.48,0
946732523,0.00,0.00,4.07,85.48,0
946732542,0.00,0.00,4.07,85.48,0
946732563,0.00,0.00,4.07,85.48,0
946732583,0.00,0.00,4.07,85.48,0
946732603,0.00,0.00,4.07,85.48,0
946732623,0.00,0.00,4.07,85.48,0
946732643,0.00,0.00,4.07,85.48,0
946732663,0.00,0.00,4.07,85.48,0
946732682,0.00,0.00,4.07,85.48,0
946732703,0.00,0.00,4.07,85.48,0
946732723,0.00,0.00,4.07,85.48,0
946732743,0.00,0.00,4.07,85.48,0
946732763,0.00,0.00,4.07,85.48,0
946732783,0.00,0.00,4.07,85.48,0
946732803,0.00,0.00,4.07,85.48,0
946732822,0.00,0.00,4.07,85.48,0
946732843,0.00,0.00,4.07,85.48,0
946732863,0.00,0.00,4.07,85.48,0
946732883,0.00,0.00,4.07,85.48,0
946732903,0.00,0.00,4.07,85.48,0
946732923,0.00,0.00,4.07,85.48,0
946732943,0.00,0.00,4.07,85.48,0
946732963,0.00,0.00,4.07,85.48,0
946732983,0.00,0.00,4.07,85.48,0
946733002,0.00,0.00,4.07,85.48,0
946733023,0.00,0.00,4.07,85.48,0
946733042,0.00,0.00,4.07,85.48,0
946733063,0.00,0.00,4.07,85.48,0
946733083,0.00,0.00,4.07,85.48,0
946733103,0.00,0.00,4.07,85.48,0
946733123,0.00,0.00,4.07,85.48,0
946733143,0.00,0.00,4.07,85.48,0
946733163,0.00,0.00,4.07,85.48,0
946733182,0.00,0.00,4.07,85.48,0
946733203,0.00,0.00,4.07,85.48,0
946733223,0.00,0.00,4.07,85.48,0
946733243,0.00,0.00,4.07,85.48,0
946733263,0.00,0.00,4.07,85.48,0
946733283,0.00,0.00,4.07,85.48,0
946733303,0.00,0.00,4.07,85.48,0
946733322,0.00,0.00,4.07,85.48,0
946733343,0.00,0.00,4.07,85.48,0
946733363,0.00,0.00,4.07,85.48,0
946733383,0.00,0.00,4.07,85.48,0
946733403,0.00,0.00,4.07,85.48,0
946733423,0.00,0.00,4.07,85.48,0
946733443,0.00,0.00,4.07,85.48,0
946733462,0.00,0.00,4.07,85.48,0
946733483,0.00,0.00,4.07,85.48,0
946733503,0.00,0.00,4.07,85.48,0
946733523,0.00,0.00,4.07,85.48,0
946733543,0.00,0.00,4.07,85.48,0
946733563,0.00,0.00,4.07,85.48,0
946733583,0.00,0.00,4.07,85.48,0
946733602,0.00,0.00,4.07,85.48,0
946733623,0.00,0.00,4.07,85.48,0
946733643,0.00,0.00,4.07,85.48,0
946733663,0.00,0.00,4.07,85.48,0
946733683,0.00,0.00,4.07,85.48,0
946733703,0.00,0.00,4.07,85.48,0
946733723,0.00,0.00,4.07,85.48,0
946733743,0.00,0.00,4.07,85.48,0
946733763,0.00,0.00,4.07,85.48,0
946733782,0.00,0.00,4.07,85.48,0
946733803,0.00,0.00,4.07,85.48,0
946733823,0.00,0.00,4.07,85.48,0
946733843,0.00,0.00,4.07,85.48,0
946733863,0.00,0.00,4.07,85.48,0
946733883,0.00,0.00,4.07,85.48,0
946733903,0.00,0.00,4.07,85.48,0
946733922,0.00,0.00,4.07,85.48,0
946733943,0.00,0.00,4.07,85.48,0
946733963,0.00,0.00,4.07,85.48,0
946733983,0.00,0.00,4.07,85.48,0
946734003,0.00,0.00,4.07,85.48,0
946734023,0.00,0.00,4.07,85.48,0
946734043,0.00,0.00,4.07,85.48,0
946734062,0.00,0.00,4.07,85.48,0
946734083,0.00,0.00,4.07,85.48,0
946734103,0.00,0.00,4.07,85.48,0
946734123,0.00,0.00,4.07,85.48,0
946734143,0.00,0.00,4.07,85.48,0
946734163,0.00,0.00,4.07,85.48,0
946734183,0.00,0.00,4.07,85.48,0
946734202,0.00,0.00,4.07,85.48,0
946734223,0.00,0.00,4.07,85.48,0
946734243,0.00,0.00,4.07,85.48,0
946734263,0.00,0.00,4.07,85.48,0
946734283,0.00,0.00,4.07,85.48,0
946734303,0.00,0.00,4.07,85.48,0
946734323,0.00,0.00,4.07,85.48,0
946734343,0.00,0.00,4.07,85.48,0
946734363,0.00,0.00,4.07,85.48,0
946734382,0.00,0.00,4.07,85.48,0
946734403,0.00,0.00,4.07,85.48,0
946734422,0.00,0.00,4.07,85.48,0
946734443,0.00,0.00,4.07,85.48,0
946734463,0.00,0.00,4.07,85.48,0
946734483,0.00,0.00,4.07,85.48,0
946734503,0.00,0.00,4.07,85.48,0
946734523,0.00,0.00,4.07,85.48,0
946734543,0.00,0.00,4.07,85.48,0
946734562,0.00,0.00,4.07,85.48,0
946734583,0.00,0.00,4.07,85.48,0
946734603,0.00,0.00,4.07,85.48,0
946734623,0.00,0.00,4.07,85.48,0
946734643,0.00,0.00,4.07,85.48,0
946734663,0.00,0.00,4.07,85.48,0
946734683,0.00,0.00,4.07,85.48,0
946734702,0.00,0.00,4.07,85.48,0
946734723,0.00,0.00,4.07,85.48,0
946734743,0.00,0.00,4.07,85.48,0
946734763,0.00,0.00,4.07,85.48,0
946734783,0.00,0.00,4.07,85.48,0
946734803,0.00,0.00,4.07,85.48,0
946734823,0.00,0.00,4.07,85.48,0
946734842,0.00,0.00,4.07,85.48,0
946734863,0.00,0.00,4.07,85.48,0
946734883,0.00,0.00,4.07,85.48,0
946734903,0.00,0.00,4.07,85.48,0
946734923,0.00,0.00,4.07,85.48,0
946734943,0.00,0.00,4.07,85.48,0
946734963,0.00,0.00,4.07,85.48,0
946734982,0.00,0.00,4.07,85.48,0
946735003,0.00,0.00,4.07,85.48,0
946735023,0.00,0.00,4.07,85.48,0
946735043,0.00,0.00,4.07,85.48,0
946735063,0.00,0.00,4.07,85.48,0
946735083,0.00,0.00,4.07,85.48,0
946735103,0.00,0.00,4.07,85.48,0
946735122,0.00,0.00,4.07,85.48,0
946735143,0.00,0.00,4.07,85.48,0
946735163,0.00,0.00,4.07,85.48,0
946735183,0.00,0.00,4.07,85.48,0
946735203,0.00,0.00,4.07,85.48,0
946735223,0.00,0.00,4.07,85.48,0
946735243,0.00,0.00,4.07,85.48,0
946735262,0.00,0.00,4.07,85.48,0
946735283,0.00,0.00,4.07,85.48,0
946735303,0.00,0.00,4.07,85.48,0
946735323,0.00,0.00,4.07,85.48,0
946735343,0.00,0.00,4.07,85.48,0
946735363,0.00,0.00,4.07,85.48,0
946735383,0.00,0.00,4.07,85.48,0
946735402,0.00,0.00,4.07,85.48,0
946735423,0.00,0.00,4.07,85.48,0
946735442,0.00,0.00,4.07,85.48,0
946735463,0.00,0.00,4.07,85.48,0
946735483,0.00,0.00,4.07,85.48,0
946735503,0.00,0.00,4.07,85.48,0
946735523,0.00,0.00,4.07,85.48,0
946735543,0.00,0.00,4.07,85.48,0
946735563,0.00,0.00,4.07,85.48,0
946735582,0.00,0.00,4.07,85.48,0
946735603,0.00,0.00,4.07,85.48,0
946735623,0.00,0.00,4.07,85.48,0
946735643,0.00,0.00,4.07,85.48,0
946735663,0.00,0.00,4.07,85.48,0
946735683,0.00,0.00,4.07,85.48,0
946735703,0.00,0.00,4.07,85.48,0
946735722,0.00,0.00,4.07,85.48,0
946735743,0.00,0.00,4.07,85.48,0
946735763,0.00,0.00,4.07,85.48,0
946735783,0.00,0.00,4.07,85.48,0
946735803,0.00,0.00,4.07,85.48,0
946735823,0.00,0.00,4.07,85.48,0
946735843,0.00,0.00,4.07,85.48,0
946735862,0.00,0.00,4.07,85.48,0
946735883,0.00,0.00,4.07,85.48,0
946735903,0.00,0.00,4.07,85.48,0
946735923,0.00,0.00,4.07,85.48,0
946735943,0.00,0.00,4.07,85.48,0
946735963,0.00,0.00,4.07,85.48,0
946735983,0.00,0.00,4.07,85.48,0
946736002,0.00,0.00,4.07,85.48,0
946736023,0.00,0.00,4.07,85.48,0
946736043,0.00,0.00,4.07,85.48,0
946736063,0.00,0.00,4.07,85.48,0
946736083,0.00,0.00,4.07,85.48,0
946736103,0.00,0.00,4.07,85.48,0
946736123,0.00,0.00,4.07,85.48,0
946736142,0.00,0.00,4.07,85.48,0
946736163,0.00,0.00,4.07,85.48,0
946736183,0.00,0.00,4.07,85.48,0
946736203,0.00,0.00,4.07,85.48,0
946736222,0.00,0.00,4.07,85.48,0
946736243,0.00,0.00,4.07,85.48,0
946736263,0.00,0.00,4.07,85.48,0
946736283,0.00,0.00,4.07,85.48,0
946736303,0.00,0.00,4.07,85.48,0
946736323,0.00,0.00,4.07,85.48,0
946736343,0.00,0.00,4.07,85.48,0
946736362,0.00,0.00,4.07,85.48,0
946736383,0.00,0.00,4.07,85.48,0
946736403,0.00,0.00,4.07,85.48,0
946736423,0.00,0.00,4.07,85.48,0
946736443,0.00,0.00,4.07,85.48,0
946736463,0.00,0.00,4.07,85.48,0
946736483,0.00,0.00,4.07,85.48,0
946736502,0.00,0.00,4.07,85.48,0
946736523,0.00,0.00,4.07,85.48,0
946736543,0.00,0.00,4.07,85.48,0
946736563,0.00,0.00,4.07,85.48,0
946736583,0.00,0.00,4.07,85.48,0
946736603,0.00,0.00,4.07,85.48,0
946736623,0.00,0.00,4.07,85.48,0
946736642,0.00,0.00,4.07,85.48,0
946736663,0.00,0.00,4.07,85.48,0
946736683,0.00,0.00,4.07,85.48,0
946736703,0.00,0.00,4.07,85.48,0
946736723,0.00,0.00,4.07,85.48,0
946736743,0.00,0.00,4.07,85.48,0
946736763,0.00,0.00,4.07,85.48,0
946736782,0.00,0.00,4.07,85.48,0
946736803,0.00,0.00,4.07,85.48,0
946736823,0.00,0.00,4.07,85.48,0
946736843,0.00,0.00,4.07,85.48,0
946736863,0.00,0.00,4.07,85.48,0
946736883,0.00,0.00,4.07,85.48,0
946736903,0.00,0.00,4.07,85.48,0
946736923,0.00,0.00,4.07,85.48,0
946736943,0.00,0.00,4.07,85.48,0
946736962,0.00,0.00,4.07,85.48,0
946736983,0.00,0.00,4.07,85.48,0
946737002,0.00,0.00,4.07,85.48,0
946737023,0.00,0.00,4.07,85.48,0
946737042,0.00,0.00,4.07,85.48,0
946737063,0.00,0.00,4.07,85.48,0
946737083,0.00,0.00,4.07,85.48,0
946737103,0.00,0.00,4.07,85.48,0
946737123,0.00,0.00,4.07,85.48,0
946737143,0.00,0.00,4.07,85.48,0
946737163,0.00,0.00,4.07,85.48,0
946737182,0.00,0.00,4.07,85.48,0
946737203,0.00,0.00,4.07,85.48,0
946737223,0.00,0.00,4.07,85.48,0
946737243,0.00,0.00,4.07,85.48,0
946737263,0.00,0.00,4.07,85.48,0
946737283,0.00,0.00,4.07,85.48,0
946737303,0.00,0.00,4.07,85.48,0
946737323,0.00,0.00,4.07,85.48,0
946737343,0.00,0.00,4.07,85.48,0
946737362,0.00,0.00,4.07,85.48,0
946737383,0.00,0.00,4.07,85.48,0
946737403,0.00,0.00,4.07,85.48,0
946737423,0.00,0.00,4.07,85.48,0
946737443,0.00,0.00,4.07,85.48,0
946737463,0.00,0.00,4.07,85.48,0
946737483,0.00,0.00,4.07,85.48,0
946737502,0.00,0.00,4.07,85.48,0
946737523,0.00,0.00,4.07,85.48,0
946737542,0.00,0.00,4.07,85.48,0
946737563,0.00,0.00,4.07,85.48,0
946737582,0.00,0.00,4.07,85.48,0
946737603,0.00,0.00,4.07,85.48,0
946737623,0.00,0.00,4.07,85.48,0
946737643,0.00,0.00,4.07,85.48,0
946737663,0.00,0.00,4.07,85.48,0
946737683,0.00,0.00,4.07,85.48,0
946737703,0.00,0.00,4.07,85.48,0
946737722,0.00,0.00,4.07,85.48,0
946737743,0.00,0.00,4.07,85.48,0
946737763,0.00,0.00,4.07,85.48,0
946737783,0.00,0.00,4.07,85.48,0
946737803,0.00,0.00,4.07,85.48,0
946737823,0.00,0.00,4.07,85.48,0
946737843,0.00,0.00,4.07,85.48,0
946737862,0.00,0.00,4.07,85.48,0
946737883,0.00,0.00,4.07,85.48,0
946737903,0.00,0.00,4.07,85.48,0
946737923,0.00,0.00,4.07,85.48,0
946737943,0.00,0.00,4.07,85.48,0
946737963,0.00,0.00,4.07,85.48,0
946737983,0.00,0.00,4.07,85.48,0
946738002,0.00,0.00,4.07,85.48,0
946738023,0.00,0.00,4.07,85.48,0
946738043,0.00,0.00,4.07,85.48,0
946738063,0.00,0.00,4.07,85.48,0
946738083,0.00,0.00,4.07,85.48,0
946738103,0.00,0.00,4.07,85.48,0
946738123,0.00,0.00,4.07,85.48,0
946738142,0.00,0.00,4.07,85.48,0
946738163,0.00,0.00,4.07,85.48,0
946738183,0.00,0.00,4.07,85.48,0
946738203,0.00,0.00,4.07,85.48,0
946738223,0.00,0.00,4.07,85.48,0
946738243,0.00,0.00,4.07,85.48,0
946738263,0.00,0.00,4.07,85.48,0
946738282,0.00,0.00,4.07,85.48,0
946738303,0.00,0.00,4.07,85.48,0
946738323,0.00,0.00,4.07,85.48,0
946738343,0.00,0.00,4.07,85.48,0
946738363,0.00,0.00,4.07,85.48,0
946738383,0.00,0.00,4.07,85.48,0
946738403,0.00,0.00,4.07,85.48,0
946738422,0.00,0.00,4.07,85.48,0
946738443,0.00,0.00,4.07,85.48,0
946738463,0.00,0.00,4.07,85.48,0
946738483,0.00,0.00,4.07,85.48,0
946738503,0.00,0.00,4.07,85.48,0
946738523,0.00,0.00,4.07,85.48,0
946738543,0.00,0.00,4.07,85.48,0
946738563,0.00,0.00,4.07,85.48,0
946738583,0.00,0.00,4.07,85.48,0
946738602,0.00,0.00,4.07,85.48,0
946738623,0.00,0.00,4.07,85.48,0
946738643,0.00,0.00,4.07,85.48,0
946738663,0.00,0.00,4.07,85.48,0
946738683,0.00,0.00,4.07,85.48,0
946738703,0.00,0.00,4.07,85.48,0
946738723,0.00,0.00,4.07,85.48,0
946738743,0.00,0.00,4.07,85.48,0
946738763,0.00,0.00,4.07,85.48,0
946738782,0.00,0.00,4.07,85.48,0
946738803,0.00,0.00,4.07,85.48,0
946738823,0.00,0.00,4.07,85.48,0
946738843,0.00,0.00,4.07,85.48,0
946738863,0.00,0.00,4.07,85.48,0
946738883,0.00,0.00,4.07,85.48,0
946738903,0.00,0.00,4.07,85.48,0
946738922,0.00,0.00,4.07,85.48,0
946738943,0.00,0.00,4.07,85.48,0
946738963,0.00,0.00,4.07,85.48,0
946738983,0.00,0.00,4.07,85.48,0
946739003,0.00,0.00,4.07,85.48,0
946739023,0.00,0.00,4.07,85.48,0
946739043,0.00,0.00,4.07,85.48,0
946739063,0.00,0.00,4.07,85.48,0
946739083,0.00,0.00,4.07,85.48,0
946739102,0.00,0.00,4.07,85.48,0
946739123,0.00,0.00,4.07,85.48,0
946739143,0.00,0.00,4.07,85.48,0
946739163,0.00,0.00,4.07,85.48,0
946739183,0.00,0.00,4.07,85.48,0
946739203,0.00,0.00,4.07,85.48,0
946739223,0.00,0.00,4.07,85.48,0
946739242,0.00,0.00,4.07,85.48,0
946739263,0.00,0.00,4.07,85.48,0
946739283,0.00,0.00,4.07,85.48,0
946739303,0.00,0.00,4.07,85.48,0
946739323,0.00,0.00,4.07,85.48,0
946739343,0.00,0.00,4.07,85.48,0
946739363,0.00,0.00,4.07,85.48,0
946739382,0.00,0.00,4.07,85.48,0
946739403,0.00,0.00,4.07,85.48,0
946739423,0.00,0.00,4.07,85.48,0
946739443,0.00,0.00,4.07,85.48,0
946739463,0.00,0.00,4.07,85.48,0
946739483,0.00,0.00,4.07,85.48,0
946739503,0.00,0.00,4.07,85.48,0
946739522,0.00,0.00,4.07,85.48,0
946739543,0.00,0.00,4.07,85.48,0
946739562,0.00,0.00,4.07,85.48,0
946739583,0.00,0.00,4.07,85.48,0
946739603,0.00,0.00,4.07,85.48,0
946739623,0.00,0.00,4.07,85.48,0
946739643,0.00,0.00,4.07,85.48,0
946739663,0.00,0.00,4.07,85.48,0
946739683,0.00,0.00,4.07,85.48,0
946739702,0.00,0.00,4.07,85.48,0
946739723,0.00,0.00,4.07,85.48,0
946739742,0.00,0.00,4.07,85.48,0
946739763,0.00,0.00,4.07,85.48,0
946739783,0.00,0.00,4.07,85.48,0
946739803,0.00,0.00,4.07,85.48,0
946739823,0.00,0.00,4.07,85.48,0
946739843,0.00,0.00,4.07,85.48,0
946739863,0.00,0.00,4.07,85.48,0
946739882,0.00,0.00,4.07,85.48,0
946739903,0.00,0.00,4.07,85.48,0
946739923,0.00,0.00,4.07,85.48,0
946739943,0.00,0.00,4.07,85.48,0
946739963,0.00,0.00,4.07,85.48,0
946739983,0.00,0.00,4.07,85.48,0
946740003,0.00,0.00,4.07,85.48,0
946740022,0.00,0.00,4.07,85.48,0
946740043,0.00,0.00,4.07,85.48,0
946740063,0.00,0.00,4.07,85.48,0
946740083,0.00,0.00,4.07,85.48,0
946740103,0.00,0.00,4.07,85.48,0
946740123,0.00,0.00,4.07,85.48,0
946740143,0.00,0.00,4.07,85.48,0
946740162,0.00,0.00,4.07,85.48,0
946740183,0.00,0.00,4.07,85.48,0
946740202,0.00,0.00,4.07,85.48,0
946740223,0.00,0.00,4.07,85.48,0
946740243,0.00,0.00,4.07,85.48,0
946740263,0.00,0.00,4.07,85.48,0
946740283,0.00,0.00,4.07,85.48,0
946740303,0.00,0.00,4.07,85.48,0
946740323,0.00,0.00,4.07,85.48,0
946740342,0.00,0.00,4.07,85.48,0
946740363,0.00,0.00,4.07,85.48,0
946740383,0.00,0.00,4.07,85.48,0
946740403,0.00,0.00,4.07,85.48,0
946740423,0.00,0.00,4.07,85.48,0
946740443,0.00,0.00,4.07,85.48,0
946740463,0.00,0.00,4.07,85.48,0
946740483,0.00,0.00,4.07,85.48,0
946740503,0.00,0.00,4.07,85.48,0
946740523,0.00,0.00,4.07,85.48,0
946740543,0.00,0.00,4.07,85.48,0
946740562,0.00,0.00,4.07,85.48,0
946740583,0.00,0.00,4.07,85.48,0
946740602,0.00,0.00,4.07,85.48,0
946740623,0.00,0.00,4.07,85.48,0
946740643,0.00,0.00,4.07,85.48,0
946740663,0.00,0.00,4.07,85.48,0
946740683,0.00,0.00,4.07,85.48,0
946740703,0.00,0.00,4.07,85.48,0
946740723,0.00,0.00,4.07,85.48,0
946740742,0.00,0.00,4.07,85.48,0
946740763,0.00,0.00,4.07,85.48,0
946740783,0.00,0.00,4.07,85.48,0
946740803,0.00,0.00,4.07,85.48,0
946740823,0.00,0.00,4.07,85.48,0
946740843,0.00,0.00,4.07,85.48,0
946740863,0.00,0.00,4.07,85.48,0
946740882,0.00,0.00,4.07,85.48,0
946740903,0.00,0.00,4.07,85.48,0
946740923,0.00,0.00,4.07,85.48,0
946740943,0.00,0.00,4.07,85.48,0
946740963,0.00,0.00,4.07,85.48,0
946740983,0.00,0.00,4.07,85.48,0
946741003,0.00,0.00,4.07,85.48,0
946741022,0.00,0.00,4.07,85.48,0
946741043,0.00,0.00,4.07,85.48,0
946741063,0.00,0.00,4.07,85.48,0
946741083,0.00,0.00,4.07,85.48,0
946741103,0.00,0.00,4.07,85.48,0
946741123,0.00,0.00,4.07,85.48,0
946741143,0.00,0.00,4.07,85.48,0
946741162,0.00,0.00,4.07,85.48,0
946741183,0.00,0.00,4.07,85.48,0
946741203,0.00,0.00,4.07,85.48,0
946741223,0.00,0.00,4.07,85.48,0
946741243,0.00,0.00,4.07,85.48,0
946741263,0.00,0.00,4.07,85.48,0
946741283,0.00,0.00,4.07,85.48,0
946741302,0.00,0.00,4.07,85.48,0
946741323,0.00,0.00,4.07,85.48,0
946741343,0.00,0.00,4.07,85.48,0
946741363,0.00,0.00,4.07,85.48,0
946741383,0.00,0.00,4.07,85.48,0
946741403,0.00,0.00,4.07,85.48,0
946741423,0.00,0.00,4.07,85.48,0
946741442,0.00,0.00,4.07,85.48,0
946741463,0.00,0.00,4.07,85.48,0
946741483,0.00,0.00,4.07,85.48,0
946741503,0.00,0.00,4.07,85.48,0
946741523,0.00,0.00,4.07,85.48,0
946741543,0.00,0.00,4.07,85.48,0
946741563,0.00,0.00,4.07,85.48,0
946741582,0.00,0.00,4.07,85.48,0
946741603,0.00,0.00,4.07,85.48,0
946741622,0.00,0.00,4.07,85.48,0
946741643,0.00,0.00,4.07,85.48,0
946741663,0.00,0.00,4.07,85.48,0
946741683,0.00,0.00,4.07,85.48,0
946741703,0.00,0.00,4.07,85.48,0
946741723,0.00,0.00,4.07,85.48,0
946741743,0.00,0.00,4.07,85.48,0
946741763,0.00,0.00,4.07,85.48,0
946741783,0.00,0.00,4.07,85.48,0
946741802,0.00,0.00,4.07,85.48,0
946741823,0.00,0.00,4.07,85.48,0
946741843,0.00,0.00,4.07,85.48,0
946741863,0.00,0.00,4.07,85.48,0
946741883,0.00,0.00,4.07,85.48,0
946741903,0.00,0.00,4.07,85.48,0
946741923,0.00,0.00,4.07,85.48,0
946741942,0.00,0.00,4.07,85.48,0
946741963,0.00,0.00,4.07,85.48,0
946741983,0.00,0.00,4.07,85.48,0
946742003,0.00,0.00,4.07,85.48,0
946742023,0.00,0.00,4.07,85.48,0
946742043,0.00,0.00,4.07,85.48,0
946742063,0.00,0.00,4.07,85.48,0
946742082,0.00,0.00,4.07,85.48,0
946742103,0.00,0.00,4.07,85.48,0
946742123,0.00,0.00,4.07,85.48,0
946742143,0.00,0.00,4.07,85.48,0
946742163,0.00,0.00,4.07,85.48,0
946742183,0.00,0.00,4.07,85.48,0
946742203,0.00,0.00,4.07,85.48,0
946742222,0.00,0.00,4.07,85.48,0
946742243,0.00,0.00,4.07,85.48,0
946742263,0.00,0.00,4.07,85.48,0
946742283,0.00,0.00,4.07,85.48,0
946742303,0.00,0.00,4.07,85.48,0
946742323,0.00,0.00,4.07,85.48,0
946742343,0.00,0.00,4.07,85.48,0
946742362,0.00,0.00,4.07,85.48,0
946742383,0.00,0.00,4.07,85.48,0
946742403,0.00,0.00,4.07,85.48,0
946742423,0.00,0.00,4.07,85.48,0
946742443,0.00,0.00,4.07,85.48,0
946742463,0.00,0.00,4.07,85.48,0
946742483,0.00,0.00,4.07,85.48,0
946742502,0.00,0.00,4.07,85.48,0
946742523,0.00,0.00,4.07,85.48,0
946742543,0.00,0.00,4.07,85.48,0
946742563,0.00,0.00,4.07,85.48,0
946742583,0.00,0.00,4.07,85.48,0
946742603,0.00,0.00,4.07,85.48,0
946742623,0.00,0.00,4.07,85.48,0
946742642,0.00,0.00,4.07,85.48,0
946742663,0.00,0.00,4.07,85.48,0
946742683,0.00,0.00,4.07,85.48,0
946742703,0.00,0.00,4.07,85.48,0
946742723,0.00,0.00,4.07,85.48,0
946742743,0.00,0.00,4.07,85.48,0
946742763,0.00,0.00,4.07,85.48,0
946742782,0.00,0.00,4.07,85.48,0
946742803,0.00,0.00,4.07,85.48,0
946742823,0.00,0.00,4.07,85.48,0
946742843,0.00,0.00,4.07,85.48,0
946742863,0.00,0.00,4.07,85.48,0
946742883,0.00,0.00,4.07,85.48,0
946742903,0.00,0.00,4.07,85.48,0
946742923,0.00,0.00,4.07,85.48,0
946742943,0.00,0.00,4.07,85.48,0
946742962,0.00,0.00,4.07,85.48,0
946742983,0.00,0.00,4.07,85.48,0
946743003,0.00,0.00,4.07,85.48,0
946743023,0.00,0.00,4.07,85.48,0
946743043,0.00,0.00,4.07,85.48,0
946743063,0.00,0.00,4.07,85.48,0
946743083,0.00,0.00,4.07,85.48,0
946743102,0.00,0.00,4.07,85.48,0
946743123,0.00,0.00,4.07,85.48,0
946743142,0.00,0.00,4.07,85.48,0
946743163,0.00,0.00,4.07,85.48,0
946743183,0.00,0.00,4.07,85.48,0
946743203,0.00,0.00,4.07,85.48,0
946743223,0.00,0.00,4.07,85.48,0
946743243,0.00,0.00,4.07,85.48,0
946743263,0.00,0.00,4.07,85.48,0
946743282,0.00,0.00,4.07,85.48,0
946743303,0.00,0.00,4.07,85.48,0
946743323,0.00,0.00,4.07,85.48,0
946743343,0.00,0.00,4.07,85.48,0
946743363,0.00,0.00,4.07,85.48,0
946743383,0.00,0.00,4.07,85.48,0
946743403,0.00,0.00,4.07,85.48,0
946743422,0.00,0.00,4.07,85.48,0
946743443,0.00,0.00,4.07,85.48,0
946743463,0.00,0.00,4.07,85.48,0
946743483,0.00,0.00,4.07,85.48,0
946743503,0.00,0.00,4.07,85.48,0
946743523,0.00,0.00,4.07,85.48,0
946743543,0.00,0.00,4.07,85.48,0
946743563,0.00,0.00,4.07,85.48,0
946743583,0.00,0.00,4.07,85.48,0
946743602,0.00,0.00,4.07,85.48,0
946743623,0.00,0.00,4.07,85.48,0
946743643,0.00,0.00,4.07,85.48,0
946743663,0.00,0.00,4.07,85.48,0
946743683,0.00,0.00,4.07,85.48,0
946743703,0.00,0.00,4.07,85.48,0
946743723,0.00,0.00,4.07,85.48,0
946743742,0.00,0.00,4.07,85.48,0
946743763,0.00,0.00,4.07,85.48,0
946743783,0.00,0.00,4.07,85.48,0
946743803,0.00,0.00,4.07,85.48,0
946743823,0.00,0.00,4.07,85.48,0
946743843,0.00,0.00,4.07,85.48,0
946743863,0.00,0.00,4.07,85.48,0
946743882,0.00,0.00,4.07,85.48,0
946743903,0.00,0.00,4.07,85.48,0
946743923,0.00,0.00,4.07,85.48,0
946743943,0.00,0.00,4.07,85.48,0
946743963,0.00,0.00,4.07,85.48,0
946743983,0.00,0.00,4.07,85.48,0
946744003,0.00,0.00,4.07,85.48,0
946744022,0.00,0.00,4.07,85.48,0
946744043,0.00,0.00,4.07,85.48,0
946744063,0.00,0.00,4.07,85.48,0
946744083,0.00,0.00,4.07,85.48,0
946744103,0.00,0.00,4.07,85.48,0
946744123,0.00,0.00,4.07,85.48,0
946744143,0.00,0.00,4.07,85.48,0
946744162,0.00,0.00,4.07,85.48,0
946744183,0.00,0.00,4.07,85.48,0
946744203,0.00,0.00,4.07,85.48,0
946744223,0.00,0.00,4.07,85.48,0
946744243,0.00,0.00,4.07,85.48,0
946744263,0.00,0.00,4.07,85.48,0
946744283,0.00,0.00,4.07,85.48,0
946744303,0.00,0.00,4.07,85.48,0
946744323,0.00,0.00,4.07,85.48,0
946744342,0.00,0.00,4.07,85.48,0
946744363,0.00,0.00,4.07,85.48,0
946744383,0.00,0.00,4.07,85.48,0
946744403,0.00,0.00,4.07,85.48,0
946744423,0.00,0.00,4.07,85.48,0
946744443,0.00,0.00,4.07,85.48,0
946744463,0.00,0.00,4.07,85.48,0
946744482,0.00,0.00,4.07,85.48,0
946744503,0.00,0.00,4.07,85.48,0
946744523,0.00,0.00,4.07,85.48,0
946744543,0.00,0.00,4.07,85.48,0
946744563,0.00,0.00,4.07,85.48,0
946744583,0.00,0.00,4.07,85.48,0
946744603,0.00,0.00,4.07,85.48,0
946744622,0.00,0.00,4.07,85.48,0
946744643,0.00,0.00,4.07,85.48,0
946744663,0.00,0.00,4.07,85.48,0
946744683,0.00,0.00,4.07,85.48,0
946744703,0.00,0.00,4.07,85.48,0
946744723,0.00,0.00,4.07,85.48,0
946744743,0.00,0.00,4.07,85.48,0
946744762,0.00,0.00,4.07,85.48,0
946744783,0.00,0.00,4.07,85.48,0
946744803,0.00,0.00,4.07,85.48,0
946744823,0.00,0.00,4.07,85.48,0
946744843,0.00,0.00,4.07,85.48,0
946744863,0.00,0.00,4.07,85.48,0
946744883,0.00,0.00,4.07,85.48,0
946744902,0.00,0.00,4.07,85.48,0
946744923,0.00,0.00,4.07,85.48,0
946744943,0.00,0.00,4.07,85.48,0
946744963,0.00,0.00,4.07,85.48,0
946744983,0.00,0.00,4.07,85.48,0
946745003,0.00,0.00,4.07,85.48,0
946745023,0.00,0.00,4.07,85.48,0
946745043,0.00,0.00,4.07,85.48,0
946745063,0.00,0.00,4.07,85.48,0
946745082,0.00,0.00,4.07,85.48,0
946745103,0.00,0.00,4.07,85.48,0
946745123,0.00,0.00,4.07,85.48,0
946745143,0.00,0.00,4.07,85.48,0
946745163,0.00,0.00,4.07,85.48,0
946745183,0.00,0.00,4.07,85.48,0
946745203,0.00,0.00,4.07,85.48,0
946745222,0.00,0.00,4.07,85.48,0
946745243,0.00,0.00,4.07,85.48,0
946745263,0.00,0.00,4.07,85.48,0
946745283,0.00,0.00,4.07,85.48,0
946745303,0.00,0.00,4.07,85.48,0
946745323,0.00,0.00,4.07,85.48,0
946745343,0.00,0.00,4.07,85.48,0
946745362,0.00,0.00,4.07,85.48,0
946745383,0.00,0.00,4.07,85.48,0
946745403,0.00,0.00,4.07,85.48,0
946745423,0.00,0.00,4.07,85.48,0
946745443,0.00,0.00,4.07,85.48,0
946745463,0.00,0.00,4.07,85.48,0
946745483,0.00,0.00,4.07,85.48,0
946745503,0.00,0.00,4.07,85.48,0
946745523,0.00,0.00,4.07,85.48,0
946745542,0.00,0.00,4.07,85.48,0
946745563,0.00,0.00,4.07,85.48,0
946745583,0.00,0.00,4.07,85.48,0
946745603,0.00,0.00,4.07,85.48,0
946745623,0.00,0.00,4.07,85.48,0
946745643,0.00,0.00,4.07,85.48,0
946745663,0.00,0.00,4.07,85.48,0
946745683,0.00,0.00,4.07,85.48,0
946745703,0.00,0.00,4.07,85.48,0
946745722,0.00,0.00,4.07,85.48,0
946745743,0.00,0.00,4.07,85.48,0
946745763,0.00,0.00,4.07,85.48,0
946745783,0.00,0.00,4.07,85.48,0
946745803,0.00,0.00,4.07,85.48,0
946745823,0.00,0.00,4.07,85.48,0
946745843,0.00,0.00,4.07,85.48,0
946745862,0.00,0.00,4.07,85.48,0
946745883,0.00,0.00,4.07,85.48,0
946745903,0.00,0.00,4.07,85.48,0
946745923,0.00,0.00,4.07,85.48,0
946745943,0.00,0.00,4.07,85.48,0
946745963,0.00,0.00,4.07,85.48,0
946745983,0.00,0.00,4.07,85.48,0
946746002,0.00,0.00,4.07,85.48,0
946746023,0.00,0.00,4.07,85.48,0
946746043,0.00,0.00,4.07,85.48,0
946746063,0.00,0.00,4.07,85.48,0
946746083,0.00,0.00,4.07,85.48,0
946746103,0.00,0.00,4.07,85.48,0
946746123,0.00,0.00,4.07,85.48,0
946746142,0.00,0.00,4.07,85.48,0
946746163,0.00,0.00,4.07,85.48,0
946746183,0.00,0.00,4.07,85.48,0
946746203,0.00,0.00,4.07,85.48,0
946746223,0.00,0.00,4.07,85.48,0
946746243,0.00,0.00,4.07,85.48,0
946746263,0.00,0.00,4.07,85.48,0
946746282,0.00,0.00,4.07,85.48,0
946746303,0.00,0.00,4.07,85.48,0
946746323,0.00,0.00,4.07,85.48,0
946746343,0.00,0.00,4.07,85.48,0
946746363,0.00,0.00,4.07,85.48,0
946746383,0.00,0.00,4.07,85.48,0
946746403,0.00,0.00,4.07,85.48,0
946746422,0.00,0.00,4.07,85.48,0
946746443,0.00,0.00,4.07,85.48,0
946746463,0.00,0.00,4.07,85.48,0
946746483,0.00,0.00,4.07,85.48,0
946746503,0.00,0.00,4.07,85.48,0
946746523,0.00,0.00,4.07,85.48,0
946746543,0.00,0.00,4.07,85.48,0
946746562,0.00,0.00,4.07,85.48,0
946746583,0.00,0.00,4.07,85.48,0
946746603,0.00,0.00,4.07,85.48,0
946746623,0.00,0.00,4.07,85.48,0
946746643,0.00,0.00,4.07,85.48,0
946746663,0.00,0.00,4.07,85.48,0
946746683,0.00,0.00,4.07,85.48,0
946746702,0.00,0.00,4.07,85.48,0
946746723,0.00,0.00,4.07,85.48,0
946746742,0.00,0.00,4.07,85.48,0
946746763,0.00,0.00,4.07,85.48,0
946746783,0.00,0.00,4.07,85.48,0
946746803,0.00,0.00,4.07,85.48,0
946746823,0.00,0.00,4.07,85.48,0
946746843,0.00,0.00,4.07,85.48,0
946746863,0.00,0.00,4.07,85.48,0
946746882,0.00,0.00,4.07,85.48,0
946746903,0.00,0.00,4.07,85.48,0
946746923,0.00,0.00,4.07,85.48,0
946746943,0.00,0.00,4.07,85.48,0
946746963,0.00,0.00,4.07,85.48,0
946746983,0.00,0.00,4.07,85.48,0
946747003,0.00,0.00,4.07,85.48,0
946747022,0.00,0.00,4.07,85.48,0
946747043,0.00,0.00,4.07,85.48,0
946747063,0.00,0.00,4.07,85.48,0
946747083,0.00,0.00,4.07,85.48,0
946747103,0.00,0.00,4.07,85.48,0
946747123,0.00,0.00,4.07,85.48,0
946747143,0.00,0.00,4.07,85.48,0
946747163,0.00,0.00,4.07,85.48,0
946747183,0.00,0.00,4.07,85.48,0
946747202,0.00,0.00,4.07,85.48,0
946747223,0.00,0.00,4.07,85.48,0
946747243,0.00,0.00,4.07,85.48,0
946747263,0.00,0.00,4.07,85.48,0
946747283,0.00,0.00,4.07,85.48,0
946747303,0.00,0.00,4.07,85.48,0
946747323,0.00,0.00,4.07,85.48,0
946747342,0.00,0.00,4.07,85.48,0
946747363,0.00,0.00,4.07,85.48,0
946747383,0.00,0.00,4.07,85.48,0
946747403,0.00,0.00,4.07,85.48,0
946747423,0.00,0.00,4.07,85.48,0
946747443,0.00,0.00,4.07,85.48,0
946747463,0.00,0.00,4.07,85.48,0
946747482,0.00,0.00,4.07,85.48,0
946747503,0.00,0.00,4.07,85.48,0
946747523,0.00,0.00,4.07,85.48,0
946747543,0.00,0.00,4.07,85.48,0
946747563,0.00,0.00,4.07,85.48,0
946747583,0.00,0.00,4.07,85.48,0
946747603,0.00,0.00,4.07,85.48,0
946747622,0.00,0.00,4.07,85.48,0
946747643,0.00,0.00,4.07,85.48,0
946747663,0.00,0.00,4.07,85.48,0
946747683,0.00,0.00,4.07,85.34,0
946747703,0.00,0.00,4.07,85.34,0
946747723,0.00,0.00,4.07,85.34,0
946747743,0.00,0.00,4.07,85.34,0
946747762,0.00,0.00,4.07,85.34,0
946747783,0.00,0.00,4.07,85.34,0
946747803,0.00,0.00,4.07,85.34,0
946747823,0.00,0.00,4.07,85.34,0
946747843,0.00,0.00,4.07,85.34,0
946747863,0.00,0.00,4.07,85.34,0
946747883,0.00,0.00,4.07,85.34,0
946747902,0.00,0.00,4.07,85.34,0
946747923,0.00,0.00,4.07,85.34,0
946747943,0.00,0.00,4.07,85.34,0
946747963,0.00,0.00,4.07,85.34,0
946747983,0.00,0.00,4.07,85.34,0
946748003,0.00,0.00,4.07,85.34,0
946748023,0.00,0.00,4.07,85.34,0
946748043,0.00,0.00,4.07,85.34,0
946748063,0.00,0.00,4.07,85.34,0
946748083,0.00,0.00,4.07,85.34,0
946748103,0.00,0.00,4.07,85.34,0
946748122,0.00,0.00,4.07,85.34,0
946748143,0.00,0.00,4.07,85.34,0
946748163,0.00,0.00,4.07,85.34,0
946748183,0.00,0.00,4.07,85.34,0
946748203,0.00,0.00,4.07,85.34,0
946748223,0.00,0.00,4.07,85.34,0
946748243,0.00,0.00,4.07,85.34,0
946748262,0.00,0.00,4.07,85.34,0
946748283,0.00,0.00,4.07,85.34,0
946748302,0.00,0.00,4.07,85.34,0
946748323,0.00,0.00,4.07,85.34,0
946748343,0.00,0.00,4.07,85.34,0
946748363,0.00,0.00,4.07,85.34,0
946748383,0.00,0.00,4.07,85.34,0
946748403,0.00,0.00,4.07,85.34,0
946748423,0.00,0.00,4.07,85.34,0
946748443,0.00,0.00,4.07,85.34,0
946748463,0.00,0.00,4.07,85.34,0
946748482,0.00,0.00,4.07,85.34,0
946748503,0.00,0.00,4.07,85.34,0
946748523,0.00,0.00,4.07,85.34,0
946748543,0.00,0.00,4.07,85.34,0
946748563,0.00,0.00,4.07,85.34,0
946748583,0.00,0.00,4.07,85.34,0
946748603,0.00,0.00,4.07,85.34,0
946748622,0.00,0.00,4.07,85.34,0
946748643,0.00,0.00,4.07,85.34,0
946748663,0.00,0.00,4.07,85.34,0
946748683,0.00,0.00,4.07,85.34,0
946748703,0.00,0.00,4.07,85.34,0
946748723,0.00,0.00,4.07,85.34,0
946748743,0.00,0.00,4.07,85.34,0
946748762,0.00,0.00,4.07,85.34,0
946748783,0.00,0.00,4.07,85.34,0
946748803,0.00,0.00,4.07,85.34,0
946748823,0.00,0.00,4.07,85.34,0
946748843,0.00,0.00,4.07,85.34,0
946748863,0.00,0.00,4.07,85.34,0
946748883,0.00,0.00,4.07,85.34,0
946748902,0.00,0.00,4.07,85.34,0
946748923,0.00,0.00,4.07,85.34,0
946748943,0.00,0.00,4.07,85.34,0
946748963,0.00,0.00,4.07,85.34,0
946748983,0.00,0.00,4.07,85.34,0
946749003,0.00,0.00,4.07,85.34,0
946749023,0.00,0.00,4.07,85.34,0
946749042,0.00,0.00,4.07,85.34,0
946749063,0.00,0.00,4.07,85.34,0
946749083,0.00,0.00,4.07,85.34,0
946749103,0.00,0.00,4.07,85.34,0
946749123,0.00,0.00,4.07,85.34,0
946749143,0.00,0.00,4.07,85.34,0
946749163,0.00,0.00,4.07,85.34,0
946749182,0.00,0.00,4.07,85.34,0
946749203,0.00,0.00,4.07,85.34,0
946749223,0.00,0.00,4.07,85.34,0
946749243,0.00,0.00,4.07,85.34,0
946749263,0.00,0.00,4.07,85.34,0
946749283,0.00,0.00,4.07,85.34,0
946749303,0.00,0.00,4.07,85.34,0
946749323,0.00,0.00,4.07,85.34,0
946749343,0.00,0.00,4.07,85.34,0
946749362,0.00,0.00,4.07,85.34,0
946749383,0.00,0.00,4.07,85.34,0
946749402,0.00,0.00,4.07,85.34,0
946749423,0.00,0.00,4.07,85.34,0
946749443,0.00,0.00,4.07,85.34,0
946749463,0.00,0.00,4.07,85.34,0
946749483,0.00,0.00,4.07,85.34,0
946749503,0.00,0.00,4.07,85.34,0
946749523,0.00,0.00,4.07,85.34,0
946749543,0.00,0.00,4.07,85.34,0
946749563,0.00,0.00,4.07,85.34,0
946749582,0.00,0.00,4.07,85.34,0
946749603,0.00,0.00,4.07,85.34,0
946749623,0.00,0.00,4.07,85.34,0
946749643,0.00,0.00,4.07,85.34,0
946749663,0.00,0.00,4.07,85.34,0
946749683,0.00,0.00,4.07,85.34,0
946749703,0.00,0.00,4.07,85.34,0
946749722,0.00,0.00,4.07,85.34,0
946749743,0.00,0.00,4.07,85.34,0
946749763,0.00,0.00,4.07,85.34,0
946749783,0.00,0.00,4.07,85.34,0
946749803,0.00,0.00,4.07,85.34,0
946749823,0.00,0.00,4.07,85.34,0
946749843,0.00,0.00,4.07,85.34,0
946749863,0.00,0.00,4.07,85.34,0
946749883,0.00,0.00,4.07,85.34,0
946749902,0.00,0.00,4.07,85.34,0
946749923,0.00,0.00,4.07,85.34,0
946749943,0.00,0.00,4.07,85.34,0
946749963,0.00,0.00,4.07,85.34,0
946749983,0.00,0.00,4.07,85.34,0
946750003,0.00,0.00,4.07,85.34,0
946750023,0.00,0.00,4.07,85.34,0
946750042,0.00,0.00,4.07,85.34,0
946750063,0.00,0.00,4.07,85.34,0
946750083,0.00,0.00,4.07,85.34,0
946750103,0.00,0.00,4.07,85.34,0
946750123,0.00,0.00,4.07,85.34,0
946750143,0.00,0.00,4.07,85.34,0
946750163,0.00,0.00,4.07,85.34,0
946750182,0.00,0.00,4.07,85.34,0
946750203,0.00,0.00,4.07,85.34,0
946750223,0.00,0.00,4.07,85.34,0
946750243,0.00,0.00,4.07,85.34,0
946750263,0.00,0.00,4.07,85.34,0
946750283,0.00,0.00,4.07,85.34,0
946750303,0.00,0.00,4.07,85.34,0
946750323,0.00,0.00,4.07,85.34,0
946750343,0.00,0.00,4.07,85.34,0
946750363,0.00,0.00,4.07,85.34,0
946750383,0.00,0.00,4.07,85.34,0
946750403,0.00,0.00,4.07,85.34,0
946750423,0.00,0.00,4.07,85.34,0
946750442,0.00,0.00,4.07,85.34,0
946750463,0.00,0.00,4.07,85.34,0
946750483,0.00,0.00,4.07,85.34,0
946750503,0.00,0.00,4.07,85.34,0
946750523,0.00,0.00,4.07,85.34,0
946750543,0.00,0.00,4.07,85.34,0
946750563,0.00,0.00,4.07,85.34,0
946750582,0.00,0.00,4.07,85.34,0
946750603,0.00,0.00,4.07,85.34,0
946750623,0.00,0.00,4.07,85.34,0
946750643,0.00,0.00,4.07,85.34,0
946750663,0.00,0.00,4.07,85.34,0
946750683,0.00,0.00,4.07,85.34,0
946750703,0.00,0.00,4.07,85.34,0
946750722,0.00,0.00,4.07,85.34,0
946750743,0.00,0.00,4.07,85.34,0
946750763,0.00,0.00,4.07,85.34,0
946750783,0.00,0.00,4.07,85.34,0
946750803,0.00,0.00,4.07,85.34,0
946750823,0.00,0.00,4.07,85.34,0
946750843,0.00,0.00,4.07,85.34,0
946750862,0.00,0.00,4.07,85.34,0
946750883,0.00,0.00,4.07,85.34,0
946750903,0.00,0.00,4.07,85.34,0
946750923,0.00,0.00,4.07,85.34,0
946750943,0.00,0.00,4.07,85.34,0
946750963,0.00,0.00,4.07,85.34,0
946750983,0.00,0.00,4.07,85.34,0
946751002,0.00,0.00,4.07,85.34,0
946751023,0.00,0.00,4.07,85.34,0
946751043,0.00,0.00,4.07,85.34,0
946751063,0.00,0.00,4.07,85.34,0
946751083,0.00,0.00,4.07,85.34,0
946751103,0.00,0.00,4.07,85.34,0
946751123,0.00,0.00,4.07,85.34,0
946751142,0.00,0.00,4.07,85.34,0
946751163,0.00,0.00,4.07,85.34,0
946751183,0.00,0.00,4.07,85.34,0
946751203,0.00,0.00,4.07,85.34,0
946751223,0.00,0.00,4.07,85.34,0
946751243,0.00,0.00,4.07,85.34,0
946751263,0.00,0.00,4.07,85.34,0
946751282,0.00,0.00,4.07,85.34,0
946751303,0.00,0.00,4.07,85.34,0
946751323,0.00,0.00,4.07,85.34,0
946751343,0.00,0.00,4.07,85.34,0
946751363,0.00,0.00,4.07,85.34,0
946751383,0.00,0.00,4.07,85.34,0
946751403,0.00,0.00,4.07,85.34,0
946751423,0.00,0.00,4.07,85.34,0
946751443,0.00,0.00,4.07,85.34,0
946751462,0.00,0.00,4.07,85.34,0
946751483,0.00,0.00,4.07,85.34,0
946751503,0.00,0.00,4.07,85.34,0
946751523,0.00,0.00,4.07,85.34,0
946751543,0.00,0.00,4.07,85.34,0
946751563,0.00,0.00,4.07,85.34,0
946751583,0.00,0.00,4.07,85.34,0
946751602,0.00,0.00,4.07,85.34,0
946751623,0.00,0.00,4.07,85.34,0
946751643,0.00,0.00,4.07,85.34,0
946751663,0.00,0.00,4.07,85.34,0
946751683,0.00,0.00,4.07,85.34,0
946751703,0.00,0.00,4.07,85.34,0
946751723,0.00,0.00,4.07,85.34,0
946751742,0.00,0.00,4.07,85.34,0
946751763,0.00,0.00,4.07,85.34,0
946751783,0.00,0.00,4.07,85.34,0
946751803,0.00,0.00,4.07,85.34,0
946751823,0.00,0.00,4.07,85.34,0
946751843,0.00,0.00,4.07,85.34,0
946751863,0.00,0.00,4.07,85.34,0
946751882,0.00,0.00,4.07,85.34,0
946751903,0.00,0.00,4.07,85.34,0
946751923,0.00,0.00,4.07,85.34,0
946751943,0.00,0.00,4.07,85.34,0
946751963,0.00,0.00,4.07,85.34,0
946751983,0.00,0.00,4.07,85.34,0
946752003,0.00,0.00,4.07,85.34,0
946752022,0.00,0.00,4.07,85.34,0
946752043,0.00,0.00,4.07,85.34,0
946752063,0.00,0.00,4.07,85.34,0
946752083,0.00,0.00,4.07,85.34,0
946752103,0.00,0.00,4.07,85.34,0
946752123,0.00,0.00,4.07,85.34,0
946752143,0.00,0.00,4.07,85.34,0
946752162,0.00,0.00,4.07,85.34,0
946752183,0.00,0.00,4.07,85.34,0
946752203,0.00,0.00,4.07,85.34,0
946752223,0.00,0.00,4.07,85.34,0
946752243,0.00,0.00,4.07,85.34,0
946752263,0.00,0.00,4.07,85.34,0
946752283,0.00,0.00,4.07,85.34,0
946752302,0.00,0.00,4.07,85.34,0
946752323,0.00,0.00,4.07,85.34,0
946752343,0.00,0.00,4.07,85.34,0
946752363,0.00,0.00,4.07,85.34,0
946752383,0.00,0.00,4.07,85.34,0
946752403,0.00,0.00,4.07,85.34,0
946752423,0.00,0.00,4.07,85.34,0
946752442,0.00,0.00,4.07,85.34,0
946752463,0.00,0.00,4.07,85.34,0
946752482,0.00,0.00,4.07,85.34,0
946752503,0.00,0.00,4.07,85.34,0
946752523,0.00,0.00,4.07,85.34,0
946752543,0.00,0.00,4.07,85.34,0
946752563,0.00,0.00,4.07,85.34,0
946752583,0.00,0.00,4.07,85.34,0
946752603,0.00,0.00,4.07,85.34,0
946752622,0.00,0.00,4.07,85.34,0
946752643,0.00,0.00,4.07,85.34,0
946752663,0.00,0.00,4.07,85.34,0
946752683,0.00,0.00,4.07,85.34,0
946752703,0.00,0.00,4.07,85.34,0
946752723,0.00,0.00,4.07,85.34,0
946752743,0.00,0.00,4.07,85.34,0
946752762,0.00,0.00,4.07,85.34,0
946752783,0.00,0.00,4.07,85.34,0
946752803,0.00,0.00,4.07,85.34,0
946752823,0.00,0.00,4.07,85.34,0
946752843,0.00,0.00,4.07,85.34,0
946752863,0.00,0.00,4.07,85.34,0
946752883,0.00,0.00,4.07,85.34,0
946752902,0.00,0.00,4.07,85.34,0
946752923,0.00,0.00,4.07,85.34,0
946752943,0.00,0.00,4.07,85.34,0
946752963,0.00,0.00,4.07,85.34,0
946752983,0.00,0.00,4.07,85.34,0
946753003,0.00,0.00,4.07,85.34,0
946753023,0.00,0.00,4.07,85.34,0
946753042,0.00,0.00,4.07,85.34,0
946753063,0.00,0.00,4.07,85.34,0
946753083,0.00,0.00,4.07,85.34,0
946753103,0.00,0.00,4.07,85.34,0
946753123,0.00,0.00,4.07,85.34,0
946753143,0.00,0.00,4.07,85.34,0
946753163,0.00,0.00,4.07,85.34,0
946753182,0.00,0.00,4.07,85.34,0
946753203,0.00,0.00,4.07,85.34,0
946753223,0.00,0.00,4.07,85.34,0
946753243,0.00,0.00,4.07,85.34,0
946753263,0.00,0.00,4.07,85.34,0
946753283,0.00,0.00,4.07,85.34,0
946753303,0.00,0.00,4.07,85.34,0
946753322,0.00,0.00,4.07,85.34,0
946753343,0.00,0.00,4.07,85.34,0
946753363,0.00,0.00,4.07,85.34,0
946753383,0.00,0.00,4.07,85.34,0
946753403,0.00,0.00,4.07,85.34,0
946753423,0.00,0.00,4.07,85.34,0
946753443,0.00,0.00,4.07,85.34,0
946753462,0.00,0.00,4.07,85.34,0
946753483,0.00,0.00,4.07,85.34,0
946753503,0.00,0.00,4.07,85.34,0
946753523,0.00,0.00,4.07,85.34,0
946753543,0.00,0.00,4.07,85.34,0
946753563,0.00,0.00,4.07,85.34,0
946753583,0.00,0.00,4.07,85.34,0
946753602,0.00,0.00,4.07,85.34,0
946753623,0.00,0.00,4.07,85.34,0
946753643,0.00,0.00,4.07,85.34,0
946753663,0.00,0.00,4.07,85.34,0
946753683,0.00,0.00,4.07,85.34,0
946753703,0.00,0.00,4.07,85.34,0
946753723,0.00,0.00,4.07,85.34,0
946753743,0.00,0.00,4.07,85.34,0
946753763,0.00,0.00,4.07,85.34,0
946753782,0.00,0.00,4.07,85.34,0
946753803,0.00,0.00,4.07,85.34,0
946753823,0.00,0.00,4.07,85.34,0
946753843,0.00,0.00,4.07,85.34,0
946753863,0.00,0.00,4.07,85.34,0
946753883,0.00,0.00,4.07,85.34,0
946753903,0.00,0.00,4.07,85.34,0
946753922,0.00,0.00,4.07,85.34,0
946753943,0.00,0.00,4.07,85.34,0
946753963,0.00,0.00,4.07,85.34,0
946753983,0.00,0.00,4.07,85.34,0
946754003,0.00,0.00,4.07,85.34,0
946754023,0.00,0.00,4.07,85.34,0
946754043,0.00,0.00,4.07,85.34,0
946754063,0.00,0.00,4.07,85.34,0
946754083,0.00,0.00,4.07,85.34,0
946754102,0.00,0.00,4.07,85.34,0
946754123,0.00,0.00,4.07,85.34,0
946754143,0.00,0.00,4.07,85.34,0
946754163,0.00,0.00,4.07,85.34,0
946754183,0.00,0.00,4.07,85.34,0
946754203,0.00,0.00,4.07,85.34,0
946754223,0.00,0.00,4.07,85.34,0
946754242,0.00,0.00,4.07,85.34,0
946754263,0.00,0.00,4.07,85.34,0
946754283,0.00,0.00,4.07,85.34,0
946754303,0.00,0.00,4.07,85.34,0
946754323,0.00,0.00,4.07,85.34,0
946754343,0.00,0.00,4.07,85.34,0
946754363,0.00,0.00,4.07,85.34,0
946754382,0.00,0.00,4.07,85.34,0
946754403,0.00,0.00,4.07,85.34,0
946754423,0.00,0.00,4.07,85.34,0
946754443,0.00,0.00,4.07,85.34,0
946754463,0.00,0.00,4.07,85.34,0
946754483,0.00,0.00,4.07,85.34,0
946754503,0.00,0.00,4.07,85.34,0
946754522,0.00,0.00,4.07,85.34,0
946754543,0.00,0.00,4.07,85.34,0
946754563,0.00,0.00,4.07,85.34,0
946754583,0.00,0.00,4.07,85.34,0
946754603,0.00,0.00,4.07,85.34,0
946754623,0.00,0.00,4.07,85.34,0
946754643,0.00,0.00,4.07,85.34,0
946754662,0.00,0.00,4.07,85.34,0
946754683,0.00,0.00,4.07,85.34,0
946754703,0.00,0.00,4.07,85.34,0
946754723,0.00,0.00,4.07,85.34,0
946754743,0.00,0.00,4.07,85.34,0
946754763,0.00,0.00,4.07,85.34,0
946754783,0.00,0.00,4.07,85.34,0
946754802,0.00,0.00,4.07,85.34,0
946754823,0.00,0.00,4.07,85.34,0
946754842,0.00,0.00,4.07,85.34,0
946754863,0.00,0.00,4.07,85.34,0
946754883,0.00,0.00,4.07,85.34,0
946754903,0.00,0.00,4.07,85.34,0
946754923,0.00,0.00,4.07,85.34,0
946754943,0.00,0.00,4.07,85.34,0
946754963,0.00,0.00,4.07,85.34,0
946754982,0.00,0.00,4.07,85.34,0
946755003,0.00,0.00,4.07,85.34,0
946755023,0.00,0.00,4.07,85.34,0
946755043,0.00,0.00,4.07,85.34,0
946755063,0.00,0.00,4.07,85.34,0
946755083,0.00,0.00,4.07,85.34,0
946755103,0.00,0.00,4.07,85.34,0
946755123,0.00,0.00,4.07,85.34,0
946755143,0.00,0.00,4.07,85.34,0
946755162,0.00,0.00,4.07,85.34,0
946755183,0.00,0.00,4.07,85.34,0
946755203,0.00,0.00,4.07,85.34,0
946755223,0.00,0.00,4.07,85.34,0
946755243,0.00,0.00,4.07,85.34,0
946755263,0.00,0.00,4.07,85.34,0
946755283,0.00,0.00,4.07,85.34,0
946755302,0.00,0.00,4.07,85.34,0
946755323,0.00,0.00,4.07,85.34,0
946755343,0.00,0.00,4.07,85.34,0
946755363,0.00,0.00,4.07,85.34,0
946755383,0.00,0.00,4.07,85.34,0
946755403,0.00,0.00,4.07,85.34,0
946755423,0.00,0.00,4.07,85.34,0
946755442,0.00,0.00,4.07,85.34,0
946755463,0.00,0.00,4.07,85.34,0
946755483,0.00,0.00,4.07,85.34,0
946755503,0.00,0.00,4.07,85.34,0
946755523,0.00,0.00,4.07,85.34,0
946755543,0.00,0.00,4.07,85.34,0
946755563,0.00,0.00,4.07,85.34,0
946755582,0.00,0.00,4.07,85.34,0
946755603,0.00,0.00,4.07,85.34,0
946755623,0.00,0.00,4.07,85.34,0
946755643,0.00,0.00,4.07,85.34,0
946755663,0.00,0.00,4.07,85.34,0
946755683,0.00,0.00,4.07,85.34,0
946755703,0.00,0.00,4.07,85.34,0
946755722,0.00,0.00,4.07,85.34,0
946755743,0.00,0.00,4.07,85.34,0
946755763,0.00,0.00,4.07,85.34,0
946755783,0.00,0.00,4.07,85.34,0
946755803,0.00,0.00,4.07,85.34,0
946755823,0.00,0.00,4.07,85.34,0
946755843,0.00,0.00,4.07,85.34,0
946755862,0.00,0.00,4.07,85.34,0
946755883,0.00,0.00,4.07,85.34,0
946755903,0.00,0.00,4.07,85.34,0
946755923,0.00,0.00,4.07,85.34,0
946755943,0.00,0.00,4.07,85.34,0
946755963,0.00,0.00,4.07,85.34,0
946755983,0.00,0.00,4.07,85.34,0
946756002,0.00,0.00,4.07,85.34,0
946756023,0.00,0.00,4.07,85.34,0
946756042,0.00,0.00,4.07,85.34,0
946756063,0.00,0.00,4.07,85.34,0
946756083,0.00,0.00,4.07,85.34,0
946756103,0.00,0.00,4.07,85.34,0
946756123,0.00,0.00,4.07,85.34,0
946756143,0.00,0.00,4.07,85.34,0
946756163,0.00,0.00,4.07,85.34,0
946756182,0.00,0.00,4.07,85.34,0
946756203,0.00,0.00,4.07,85.34,0
946756223,0.00,0.00,4.07,85.34,0
946756243,0.00,0.00,4.07,85.34,0
946756263,0.00,0.00,4.07,85.34,0
946756283,0.00,0.00,4.07,85.34,0
946756303,0.00,0.00,4.07,85.34,0
946756322,0.00,0.00,4.07,85.34,0
946756343,0.00,0.00,4.07,85.34,0
946756363,0.00,0.00,4.07,85.34,0
946756383,0.00,0.00,4.07,85.34,0
946756403,0.00,0.00,4.07,85.34,0
946756423,0.00,0.00,4.07,85.34,0
946756443,0.00,0.00,4.07,85.34,0
946756462,0.00,0.00,4.07,85.34,0
946756483,0.00,0.00,4.07,85.34,0
946756503,0.00,0.00,4.07,85.34,0
946756523,0.00,0.00,4.07,85.34,0
946756543,0.00,0.00,4.07,85.34,0
946756563,0.00,0.00,4.07,85.34,0
946756583,0.00,0.00,4.07,85.34,0
946756602,0.00,0.00,4.07,85.34,0
946756623,0.00,0.00,4.07,85.34,0
946756643,0.00,0.00,4.07,85.34,0
946756663,0.00,0.00,4.07,85.34,0
946756683,0.00,0.00,4.07,85.34,0
946756703,0.00,0.00,4.07,85.34,0
946756723,0.00,0.00,4.07,85.34,0
946756742,0.00,0.00,4.07,85.34,0
946756763,0.00,0.00,4.07,85.34,0
946756783,0.00,0.00,4.07,85.34,0
946756803,0.00,0.00,4.07,85.34,0
946756823,0.00,0.00,4.07,85.34,0
946756843,0.00,0.00,4.07,85.34,0
946756863,0.00,0.00,4.07,85.34,0
946756882,0.00,0.00,4.07,85.34,0
946756903,0.00,0.00,4.07,85.34,0
946756923,0.00,0.00,4.07,85.34,0
946756943,0.00,0.00,4.07,85.34,0
946756963,0.00,0.00,4.07,85.34,0
946756983,0.00,0.00,4.07,85.34,0
946757003,0.00,0.00,4.07,85.34,0
946757022,0.00,0.00,4.07,85.34,0
946757043,0.00,0.00,4.07,85.34,0
946757062,0.00,0.00,4.07,85.34,0
946757083,0.00,0.00,4.07,85.34,0
946757102,0.00,0.00,4.07,85.34,0
946757123,0.00,0.00,4.07,85.34,0
946757142,0.00,0.00,4.07,85.34,0
946757163,0.00,0.00,4.07,85.34,0
946757183,0.00,0.00,4.07,85.34,0
946757203,0.00,0.00,4.07,85.34,0
946757223,0.00,0.00,4.07,85.34,0
946757243,0.00,0.00,4.07,85.34,0
946757263,0.00,0.00,4.07,85.34,0
946757282,0.00,0.00,4.07,85.34,0
946757303,0.00,0.00,4.07,85.34,0
946757323,0.00,0.00,4.07,85.34,0
946757343,0.00,0.00,4.07,85.34,0
946757363,0.00,0.00,4.07,85.34,0
946757383,0.00,0.00,4.07,85.34,0
946757403,0.00,0.00,4.07,85.34,0
946757422,0.00,0.00,4.07,85.34,0
946757443,0.00,0.00,4.07,85.34,0
946757463,0.00,0.00,4.07,85.34,0
946757483,0.00,0.00,4.07,85.34,0
946757503,0.00,0.00,4.07,85.34,0
946757523,0.00,0.00,4.07,85.34,0
946757543,0.00,0.00,4.07,85.34,0
946757562,0.00,0.00,4.07,85.34,0
946757583,0.00,0.00,4.07,85.34,0
946757602,0.00,0.00,4.07,85.34,0
946757623,0.00,0.00,4.07,85.34,0
946757643,0.00,0.00,4.07,85.34,0
946757663,0.00,0.00,4.07,85.34,0
946757683,0.00,0.00,4.07,85.34,0
946757703,0.00,0.00,4.07,85.34,0
946757723,0.00,0.00,4.07,85.34,0
946757742,0.00,0.00,4.07,85.34,0
946757763,0.00,0.00,4.07,85.34,0
946757782,0.00,0.00,4.07,85.34,0
946757803,0.00,0.00,4.07,85.34,0
946757823,0.00,0.00,4.07,85.34,0
946757843,0.00,0.00,4.07,85.34,0
946757863,0.00,0.00,4.07,85.34,0
946757883,0.00,0.00,4.07,85.34,0
946757903,0.00,0.00,4.07,85.34,0
946757922,0.00,0.00,4.07,85.34,0
946757943,0.00,0.00,4.07,85.34,0
946757963,0.00,0.00,4.07,85.34,0
946757983,0.00,0.00,4.07,85.34,0
946758003,0.00,0.00,4.07,85.34,0
946758023,0.00,0.00,4.07,85.34,0
946758043,0.00,0.00,4.07,85.34,0
946758062,0.00,0.00,4.07,85.34,0
946758083,0.00,0.00,4.07,85.34,0
946758103,0.00,0.00,4.07,85.34,0
946758123,0.00,0.00,4.07,85.34,0
946758143,0.00,0.00,4.07,85.34,0
946758163,0.00,0.00,4.07,85.34,0
946758183,0.00,0.00,4.07,85.34,0
946758203,0.00,0.00,4.07,85.34,0
946758223,0.00,0.00,4.07,85.34,0
946758242,0.00,0.00,4.07,85.34,0
946758263,0.00,0.00,4.07,85.34,0
946758282,0.00,0.00,4.07,85.34,0
946758303,0.00,0.00,4.07,85.34,0
946758323,0.00,0.00,4.07,85.34,0
946758343,0.00,0.00,4.07,85.34,0
946758363,0.00,0.00,4.07,85.34,0
946758383,0.00,0.00,4.07,85.34,0
946758403,0.00,0.00,4.07,85.34,0
946758422,0.00,0.00,4.07,85.34,0
946758443,0.00,0.00,4.07,85.34,0
946758463,0.00,0.00,4.07,85.34,0
946758483,0.00,0.00,4.07,85.34,0
946758503,0.00,0.00,4.07,85.34,0
946758523,0.00,0.00,4.07,85.34,0
946758543,0.00,0.00,4.07,85.34,0
946758562,0.00,0.00,4.07,85.34,0
946758583,0.00,0.00,4.07,85.34,0
946758603,0.00,0.00,4.07,85.34,0
946758623,0.00,0.00,4.07,85.34,0
946758643,0.00,0.00,4.07,85.34,0
946758663,0.00,0.00,4.07,85.34,0
946758683,0.00,0.00,4.07,85.34,0
946758702,0.00,0.00,4.07,85.34,0
946758723,0.00,0.00,4.07,85.34,0
946758743,0.00,0.00,4.07,85.34,0
946758763,0.00,0.00,4.07,85.34,0
946758783,0.00,0.00,4.07,85.34,0
946758803,0.00,0.00,4.07,85.34,0
946758823,0.00,0.00,4.07,85.34,0
946758842,0.00,0.00,4.07,85.34,0
946758863,0.00,0.00,4.07,85.34,0
946758883,0.00,0.00,4.07,85.34,0
946758903,0.00,0.00,4.07,85.34,0
946758923,0.00,0.00,4.07,85.34,0
946758943,0.00,0.00,4.07,85.34,0
946758963,0.00,0.00,4.07,85.34,0
946758982,0.00,0.00,4.07,85.34,0
946759003,0.00,0.00,4.07,85.34,0
946759023,0.00,0.00,4.07,85.34,0
946759043,0.00,0.00,4.07,85.34,0
946759063,0.00,0.00,4.07,85.34,0
946759083,0.00,0.00,4.07,85.34,0
946759103,0.00,0.00,4.07,85.34,0
946759123,0.00,0.00,4.07,85.34,0
946759143,0.00,0.00,4.07,85.34,0
946759162,0.00,0.00,4.07,85.34,0
946759183,0.00,0.00,4.07,85.34,0
946759203,0.00,0.00,4.07,85.34,0
946759223,0.00,0.00,4.07,85.34,0
946759243,0.00,0.00,4.07,85.34,0
946759263,0.00,0.00,4.07,85.34,0
946759283,0.00,0.00,4.07,85.34,0
946759303,0.00,0.00,4.07,85.34,0
946759323,0.00,0.00,4.07,85.34,0
946759342,0.00,0.00,4.07,85.34,0
946759363,0.00,0.00,4.07,85.34,0
946759383,0.00,0.00,4.07,85.34,0
946759403,0.00,0.00,4.07,85.34,0
946759423,0.00,0.00,4.07,85.34,0
946759443,0.00,0.00,4.07,85.34,0
946759463,0.00,0.00,4.07,85.34,0
946759482,0.00,0.00,4.07,85.34,0
946759503,0.00,0.00,4.07,85.34,0
946759523,0.00,0.00,4.07,85.34,0
946759543,0.00,0.00,4.07,85.34,0
946759563,0.00,0.00,4.07,85.34,0
946759583,0.00,0.00,4.07,85.34,0
946759603,0.00,0.00,4.07,85.34,0
946759622,0.00,0.00,4.07,85.34,0
946759643,0.00,0.00,4.07,85.34,0
946759663,0.00,0.00,4.07,85.34,0
946759683,0.00,0.00,4.07,85.34,0
946759703,0.00,0.00,4.07,85.34,0
946759723,0.00,0.00,4.07,85.34,0
946759743,0.00,0.00,4.07,85.34,0
946759763,0.00,0.00,4.07,85.34,0
946759783,0.00,0.00,4.07,85.34,0
946759802,0.00,0.00,4.07,85.34,0
946759823,0.00,0.00,4.07,85.34,0
946759843,0.00,0.00,4.07,85.34,0
946759863,0.00,0.00,4.07,85.34,0
946759883,0.00,0.00,4.07,85.34,0
946759903,0.00,0.00,4.07,85.34,0
946759923,0.00,0.00,4.07,85.34,0
946759942,0.00,0.00,4.07,85.34,0
946759963,0.00,0.00,4.07,85.34,0
946759983,0.00,0.00,4.07,85.34,0
946760003,0.00,0.00,4.07,85.34,0
946760023,0.00,0.00,4.07,85.34,0
946760043,0.00,0.00,4.07,85.34,0
946760063,0.00,0.00,4.07,85.34,0
946760082,0.00,0.00,4.07,85.34,0
946760103,0.00,0.00,4.07,85.34,0
946760123,0.00,0.00,4.07,85.34,0
946760143,0.00,0.00,4.07,85.34,0
946760163,0.00,0.00,4.07,85.34,0
946760183,0.00,0.00,4.07,85.34,0
946760203,0.00,0.00,4.07,85.34,0
946760223,0.00,0.00,4.07,85.34,0
946760243,0.00,0.00,4.07,85.34,0
946760262,0.00,0.00,4.07,85.34,0
946760283,0.00,0.00,4.07,85.34,0
946760303,0.00,0.00,4.07,85.34,0
946760323,0.00,0.00,4.07,85.34,0
946760343,0.00,0.00,4.07,85.34,0
946760363,0.00,0.00,4.07,85.34,0
946760383,0.00,0.00,4.07,85.34,0
946760402,0.00,0.00,4.07,85.34,0
946760423,0.00,0.00,4.07,85.34,0
946760443,0.00,0.00,4.07,85.34,0
946760463,0.00,0.00,4.07,85.34,0
946760483,0.00,0.00,4.07,85.34,0
946760503,0.00,0.00,4.07,85.34,0
946760523,0.00,0.00,4.07,85.34,0
946760542,0.00,0.00,4.07,85.34,0
946760563,0.00,0.00,4.07,85.34,0
946760583,0.00,0.00,4.07,85.34,0
946760603,0.00,0.00,4.07,85.34,0
946760623,0.00,0.00,4.07,85.34,0
946760643,0.00,0.00,4.07,85.34,0
946760663,0.00,0.00,4.07,85.34,0
946760683,0.00,0.00,4.07,85.34,0
946760703,0.00,0.00,4.07,85.34,0
946760722,0.00,0.00,4.07,85.34,0
946760743,0.00,0.00,4.07,85.34,0
946760763,0.00,0.00,4.07,85.34,0
946760783,0.00,0.00,4.07,85.34,0
946760803,0.00,0.00,4.07,85.34,0
946760823,0.00,0.00,4.07,85.34,0
946760843,0.00,0.00,4.07,85.34,0
946760862,0.00,0.00,4.07,85.34,0
946760883,0.00,0.00,4.07,85.34,0
946760903,0.00,0.00,4.07,85.34,0
946760923,0.00,0.00,4.07,85.34,0
946760943,0.00,0.00,4.07,85.34,0
946760963,0.00,0.00,4.07,85.34,0
946760983,0.00,0.00,4.07,85.34,0
946761002,0.00,0.00,4.07,85.34,0
946761023,0.00,0.00,4.07,85.34,0
946761043,0.00,0.00,4.07,85.34,0
946761063,0.00,0.00,4.07,85.34,0
946761083,0.00,0.00,4.07,85.34,0
946761103,0.00,0.00,4.07,85.34,0
946761123,0.00,0.00,4.07,85.34,0
946761142,0.00,0.00,4.07,85.34,0
946761163,0.00,0.00,4.07,85.34,0
946761183,0.00,0.00,4.07,85.34,0
946761203,0.00,0.00,4.07,85.34,0
946761223,0.00,0.00,4.07,85.34,0
946761243,0.00,0.00,4.07,85.34,0
946761263,0.00,0.00,4.07,85.34,0
946761282,0.00,0.00,4.07,85.34,0
946761303,0.00,0.00,4.07,85.34,0
946761323,0.00,0.00,4.07,85.34,0
946761343,0.00,0.00,4.07,85.34,0
946761363,0.00,0.00,4.07,85.34,0
946761383,0.00,0.00,4.07,85.34,0
946761403,0.00,0.00,4.07,85.34,0
946761422,0.00,0.00,4.07,85.34,0
946761443,0.00,0.00,4.07,85.34,0
946761463,0.00,0.00,4.07,85.34,0
946761483,0.00,0.00,4.07,85.34,0
946761503,0.00,0.00,4.07,85.34,0
946761523,0.00,0.00,4.07,85.34,0
946761543,0.00,0.00,4.07,85.34,0
946761562,0.00,0.00,4.07,85.34,0
946761583,0.00,0.00,4.07,85.34,0
946761602,0.00,0.00,4.07,85.34,0
946761623,0.00,0.00,4.07,85.34,0
946761643,0.00,0.00,4.07,85.34,0
946761663,0.00,0.00,4.07,85.34,0
946761683,0.00,0.00,4.07,85.34,0
946761703,0.00,0.00,4.07,85.34,0
946761723,0.00,0.00,4.07,85.34,0
946761742,0.00,0.00,4.07,85.34,0
946761763,0.00,0.00,4.07,85.34,0
946761783,0.00,0.00,4.07,85.34,0
946761803,0.00,0.00,4.07,85.34,0
946761823,0.00,0.00,4.07,85.34,0
946761843,0.00,0.00,4.07,85.34,0
946761863,0.00,0.00,4.07,85.34,0
946761883,0.00,0.00,4.07,85.34,0
946761903,0.00,0.00,4.07,85.34,0
946761922,0.00,0.00,4.07,85.34,0
946761943,0.00,0.00,4.07,85.34,0
946761963,0.00,0.00,4.07,85.34,0
946761983,0.00,0.00,4.07,85.34,0
946762003,0.00,0.00,4.07,85.34,0
946762023,0.00,0.00,4.07,85.34,0
946762043,0.00,0.00,4.07,85.34,0
946762062,0.00,0.00,4.07,85.34,0
946762083,0.00,0.00,4.07,85.34,0
946762103,0.00,0.00,4.07,85.34,0
946762123,0.00,0.00,4.07,85.34,0
946762143,0.00,0.00,4.07,85.34,0
946762163,0.00,0.00,4.07,85.34,0
946762183,0.00,0.00,4.07,85.34,0
946762202,0.00,0.00,4.07,85.34,0
946762223,0.00,0.00,4.07,85.34,0
946762243,0.00,0.00,4.07,85.34,0
946762263,0.00,0.00,4.07,85.34,0
946762283,0.00,0.00,4.07,85.34,0
946762303,0.00,0.00,4.07,85.34,0
946762323,0.00,0.00,4.07,85.34,0
946762342,0.00,0.00,4.07,85.34,0
946762363,0.00,0.00,4.07,85.34,0
946762383,0.00,0.00,4.07,85.34,0
946762403,0.00,0.00,4.07,85.34,0
946762423,0.00,0.00,4.07,85.34,0
946762443,0.00,0.00,4.07,85.34,0
946762463,0.00,0.00,4.07,85.34,0
946762482,0.00,0.00,4.07,85.34,0
946762503,0.00,0.00,4.07,85.34,0
946762523,0.00,0.00,4.07,85.34,0
946762543,0.00,0.00,4.07,85.34,0
946762563,0.00,0.00,4.07,85.34,0
946762583,0.00,0.00,4.07,85.34,0
946762603,0.00,0.00,4.07,85.34,0
946762622,0.00,0.00,4.07,85.34,0
946762643,0.00,0.00,4.07,85.34,0
946762663,0.00,0.00,4.07,85.34,0
946762683,0.00,0.00,4.07,85.34,0
946762703,0.00,0.00,4.07,85.34,0
946762723,0.00,0.00,4.07,85.34,0
946762743,0.00,0.00,4.07,85.34,0
946762762,0.00,0.00,4.07,85.34,0
946762783,0.00,0.00,4.07,85.34,0
946762803,0.00,0.00,4.07,85.34,0
946762823,0.00,0.00,4.07,85.34,0
946762843,0.00,0.00,4.07,85.34,0
946762863,0.00,0.00,4.07,85.34,0
946762883,0.00,0.00,4.07,85.34,0
946762902,0.00,0.00,4.07,85.34,0
946762923,0.00,0.00,4.07,85.34,0
946762942,0.00,0.00,4.07,85.34,0
946762963,0.00,0.00,4.07,85.34,0
946762983,0.00,0.00,4.07,85.34,0
946763003,0.00,0.00,4.07,85.34,0
946763023,0.00,0.00,4.07,85.34,0
946763043,0.00,0.00,4.07,85.34,0
946763063,0.00,0.00,4.07,85.34,0
946763082,0.00,0.00,4.07,85.34,0
946763103,0.00,0.00,4.07,85.34,0
946763123,0.00,0.00,4.07,85.34,0
946763143,0.00,0.00,4.07,85.34,0
946763163,0.00,0.00,4.07,85.34,0
946763183,0.00,0.00,4.07,85.34,0
946763203,0.00,0.00,4.07,85.34,0
946763223,0.00,0.00,4.07,85.34,0
946763243,0.00,0.00,4.07,85.34,0
946763262,0.00,0.00,4.07,85.34,0
946763283,0.00,0.00,4.07,85.34,0
946763303,0.00,0.00,4.07,85.34,0
946763323,0.00,0.00,4.07,85.34,0
946763343,0.00,0.00,4.07,85.34,0
946763363,0.00,0.00,4.07,85.34,0
946763383,0.00,0.00,4.07,85.34,0
946763402,0.00,0.00,4.07,85.34,0
946763423,0.00,0.00,4.07,85.34,0
946763443,0.00,0.00,4.07,85.34,0
946763463,0.00,0.00,4.07,85.34,0
946763483,0.00,0.00,4.07,85.34,0
946763503,0.00,0.00,4.07,85.34,0
946763523,0.00,0.00,4.07,85.34,0
946763542,0.00,0.00,4.07,85.34,0
946763563,0.00,0.00,4.07,85.34,0
946763582,0.00,0.00,4.07,85.34,0
946763603,0.00,0.00,4.07,85.34,0
946763623,0.00,0.00,4.07,85.34,0
946763643,0.00,0.00,4.07,85.34,0
946763663,0.00,0.00,4.07,85.34,0
946763683,0.00,0.00,4.07,85.34,0
946763703,0.00,0.00,4.07,85.34,0
946763722,0.00,0.00,4.07,85.34,0
946763743,0.00,0.00,4.07,85.34,0
946763763,0.00,0.00,4.07,85.34,0
946763783,0.00,0.00,4.07,85.34,0
946763803,0.00,0.00,4.07,85.34,0
946763823,0.00,0.00,4.07,85.34,0
946763843,0.00,0.00,4.07,85.34,0
946763862,0.00,0.00,4.07,85.34,0
946763883,0.00,0.00,4.07,85.34,0
946763903,0.00,0.00,4.07,85.34,0
946763923,0.00,0.00,4.07,85.34,0
946763943,0.00,0.00,4.07,85.34,0
946763963,0.00,0.00,4.07,85.34,0
946763983,0.00,0.00,4.07,85.34,0
946764002,0.00,0.00,4.07,85.34,0
946764023,0.00,0.00,4.07,85.34,0
946764043,0.00,0.00,4.07,85.34,0
946764063,0.00,0.00,4.07,85.34,0
946764083,0.00,0.00,4.07,85.34,0
946764103,0.00,0.00,4.07,85.34,0
946764123,0.00,0.00,4.07,85.34,0
946764142,0.00,0.00,4.07,85.34,0
946764163,0.00,0.00,4.07,85.34,0
946764183,0.00,0.00,4.07,85.34,0
946764203,0.00,0.00,4.07,85.34,0
946764223,0.00,0.00,4.07,85.34,0
946764243,0.00,0.00,4.07,85.34,0
946764263,0.00,0.00,4.07,85.34,0
946764283,0.00,0.00,4.07,85.34,0
946764303,0.00,0.00,4.07,85.34,0
946764322,0.00,0.00,4.07,85.34,0
946764343,0.00,0.00,4.07,85.34,0
946764363,0.00,0.00,4.07,85.34,0
946764383,0.00,0.00,4.07,85.34,0
946764403,0.00,0.00,4.07,85.34,0
946764423,0.00,0.00,4.07,85.34,0
946764443,0.00,0.00,4.07,85.34,0
946764462,0.00,0.00,4.07,85.34,0
946764483,0.00,0.00,4.07,85.34,0
946764503,0.00,0.00,4.07,85.34,0
946764523,0.00,0.00,4.07,85.34,0
946764543,0.00,0.00,4.07,85.34,0
946764563,0.00,0.00,4.07,85.34,0
946764583,0.00,0.00,4.07,85.34,0
946764602,0.00,0.00,4.07,85.34,0
946764623,0.00,0.00,4.07,85.34,0
946764643,0.00,0.00,4.07,85.34,0
946764663,0.00,0.00,4.07,85.34,0
946764683,0.00,0.00,4.07,85.34,0
946764703,0.00,0.00,4.07,85.34,0
946764723,0.00,0.00,4.07,85.34,0
946764742,0.00,0.00,4.07,85.34,0
946764763,0.00,0.00,4.07,85.34,0
946764783,0.00,0.00,4.07,85.34,0
946764803,0.00,0.00,4.07,85.34,0
946764823,0.00,0.00,4.07,85.34,0
946764843,0.00,0.00,4.07,85.34,0
946764863,0.00,0.00,4.07,85.34,0
946764882,0.00,0.00,4.07,85.34,0
946764903,0.00,0.00,4.07,85.34,0
946764922,0.00,0.00,4.07,85.34,0
946764943,0.00,0.00,4.07,85.34,0
946764963,0.00,0.00,4.07,85.34,0
946764983,0.00,0.00,4.07,85.34,0
946765003,0.00,0.00,4.07,85.34,0
946765023,0.00,0.00,4.07,85.34,0
946765043,0.00,0.00,4.07,85.34,0
946765062,0.00,0.00,4.07,85.34,0
946765083,0.00,0.00,4.07,85.34,0
946765103,0.00,0.00,4.07,85.34,0
946765123,0.00,0.00,4.07,85.34,0
946765143,0.00,0.00,4.07,85.34,0
946765163,0.00,0.00,4.07,85.34,0
946765183,0.00,0.00,4.07,85.34,0
946765202,0.00,0.00,4.07,85.34,0
946765223,0.00,0.00,4.07,85.34,0
946765243,0.00,0.00,4.07,85.34,0
946765263,0.00,0.00,4.07,85.34,0
946765283,0.00,0.00,4.07,85.34,0
946765303,0.00,0.00,4.07,85.34,0
946765323,0.00,0.00,4.07,85.34,0
946765342,0.00,0.00,4.07,85.34,0
946765363,0.00,0.00,4.07,85.34,0
946765383,0.00,0.00,4.07,85.34,0
946765403,0.00,0.00,4.07,85.34,0
946765423,0.00,0.00,4.07,85.34,0
946765443,0.00,0.00,4.07,85.34,0
946765463,0.00,0.00,4.07,85.34,0
946765483,0.00,0.00,4.07,85.34,0
946765503,0.00,0.00,4.07,85.34,0
946765522,0.00,0.00,4.07,85.34,0
946765543,0.00,0.00,4.07,85.34,0
946765563,0.00,0.00,4.07,85.34,0
946765583,0.00,0.00,4.07,85.34,0
946765603,0.00,0.00,4.07,85.34,0
946765623,0.00,0.00,4.07,85.34,0
946765643,0.00,0.00,4.07,85.34,0
946765663,0.00,0.00,4.07,85.34,0
946765683,0.00,0.00,4.07,85.34,0
946765702,0.00,0.00,4.07,85.34,0
946765723,0.00,0.00,4.07,85.34,0
946765742,0.00,0.00,4.07,85.34,0
946765763,0.00,0.00,4.07,85.34,0
946765783,0.00,0.00,4.07,85.34,0
946765803,0.00,0.00,4.07,85.34,0
946765823,0.00,0.00,4.07,85.34,0
946765843,0.00,0.00,4.07,85.34,0
946765863,0.00,0.00,4.07,85.34,0
946765882,0.00,0.00,4.07,85.34,0
946765903,0.00,0.00,4.07,85.34,0
946765922,0.00,0.00,4.07,85.34,0
946765943,0.00,0.00,4.07,85.34,0
946765963,0.00,0.00,4.07,85.34,0
946765983,0.00,0.00,4.07,85.34,0
946766003,0.00,0.00,4.07,85.34,0
946766023,0.00,0.00,4.07,85.34,0
946766043,0.00,0.00,4.07,85.34,0
946766062,0.00,0.00,4.07,85.34,0
946766083,0.00,0.00,4.07,85.34,0
946766103,0.00,0.00,4.07,85.34,0
946766123,0.00,0.00,4.07,85.34,0
946766143,0.00,0.00,4.07,85.34,0
946766163,0.00,0.00,4.07,85.34,0
946766183,0.00,0.00,4.07,85.34,0
946766202,0.00,0.00,4.07,85.34,0
946766223,0.00,0.00,4.07,85.34,0
946766243,0.00,0.00,4.07,85.34,0
946766263,0.00,0.00,4.07,85.34,0
946766283,0.00,0.00,4.07,85.34,0
946766303,0.00,0.00,4.07,85.34,0
946766323,0.00,0.00,4.07,85.34,0
946766343,0.00,0.00,4.07,85.34,0
946766363,0.00,0.00,4.07,85.34,0
946766382,0.00,0.00,4.07,85.34,0
946766403,0.00,0.00,4.07,85.34,0
946766423,0.00,0.00,4.07,85.34,0
946766443,0.00,0.00,4.07,85.34,0
946766463,0.00,0.00,4.07,85.34,0
946766483,0.00,0.00,4.07,85.34,0
946766503,0.00,0.00,4.07,85.34,0
946766522,0.00,0.00,4.07,85.34,0
946766543,0.00,0.00,4.07,85.34,0
946766563,0.00,0.00,4.07,85.34,0
946766583,0.00,0.00,4.07,85.34,0
946766603,0.00,0.00,4.07,85.34,0
946766623,0.00,0.00,4.07,85.34,0
946766643,0.00,0.00,4.07,85.34,0
946766662,0.00,0.00,4.07,85.34,0
946766683,0.00,0.00,4.07,85.34,0
946766703,0.00,0.00,4.07,85.34,0
946766723,0.00,0.00,4.07,85.34,0
946766743,0.00,0.00,4.07,85.34,0
946766763,0.00,0.00,4.07,85.34,0
946766783,0.00,0.00,4.07,85.34,0
946766802,0.00,0.00,4.07,85.34,0
946766823,0.00,0.00,4.07,85.34,0
946766843,0.00,0.00,4.07,85.34,0
946766863,0.00,0.00,4.07,85.34,0
946766883,0.00,0.00,4.07,85.34,0
946766903,0.00,0.00,4.07,85.34,0
946766923,0.00,0.00,4.07,85.34,0
946766942,0.00,0.00,4.07,85.34,0
946766963,0.00,0.00,4.07,85.34,0
946766983,0.00,0.00,4.07,85.34,0
946767003,0.00,0.00,4.07,85.34,0
946767023,0.00,0.00,4.07,85.34,0
946767043,0.00,0.00,4.07,85.34,0
946767063,0.00,0.00,4.07,85.34,0
946767082,0.00,0.00,4.07,85.34,0
946767103,0.00,0.00,4.07,85.34,0
946767123,0.00,0.00,4.07,85.34,0
946767143,0.00,0.00,4.07,85.34,0
946767163,0.00,0.00,4.07,85.34,0
946767183,0.00,0.00,4.07,85.34,0
946767203,0.00,0.00,4.07,85.34,0
946767223,0.00,0.00,4.07,85.34,0
946767243,0.00,0.00,4.07,85.34,0
946767262,0.00,0.00,4.07,85.34,0
946767283,0.00,0.00,4.07,85.34,0
946767303,0.00,0.00,4.07,85.34,0
946767323,0.00,0.00,4.07,85.34,0
946767343,0.00,0.00,4.07,85.34,0
946767363,0.00,0.00,4.07,85.34,0
946767383,0.00,0.00,4.07,85.34,0
946767402,0.00,0.00,4.07,85.34,0
946767423,0.00,0.00,4.07,85.34,0
946767443,0.00,0.00,4.07,85.34,0
946767463,0.00,0.00,4.07,85.34,0
946767483,0.00,0.00,4.07,85.34,0
946767503,0.00,0.00,4.07,85.34,0
946767523,0.00,0.00,4.07,85.34,0
946767542,0.00,0.00,4.07,85.34,0
946767563,0.00,0.00,4.07,85.34,0
946767582,0.00,0.00,4.07,85.34,0
946767603,0.00,0.00,4.07,85.34,0
946767623,0.00,0.00,4.07,85.34,0
946767643,0.00,0.00,4.07,85.34,0
946767663,0.00,0.00,4.07,85.34,0
946767683,0.00,0.00,4.07,85.34,0
946767703,0.00,0.00,4.07,85.34,0
946767722,0.00,0.00,4.07,85.34,0
946767743,0.00,0.00,4.07,85.34,0
946767763,0.00,0.00,4.07,85.34,0
946767783,0.00,0.00,4.07,85.34,0
946767803,0.00,0.00,4.07,85.34,0
946767823,0.00,0.00,4.07,85.34,0
946767843,0.00,0.00,4.07,85.34,0
946767863,0.00,0.00,4.07,85.34,0
946767883,0.00,0.00,4.07,85.34,0
946767902,0.00,0.00,4.07,85.34,0
946767923,0.00,0.00,4.07,85.34,0
946767943,0.00,0.00,4.07,85.34,0
946767963,0.00,0.00,4.07,85.34,0
946767983,0.00,0.00,4.07,85.34,0
946768003,0.00,0.00,4.07,85.34,0
946768023,0.00,0.00,4.07,85.34,0
946768042,0.00,0.00,4.07,85.34,0
946768063,0.00,0.00,4.07,85.34,0
946768083,0.00,0.00,4.07,85.34,0
946768103,0.00,0.00,4.07,85.34,0
946768123,0.00,0.00,4.07,85.34,0
946768143,0.00,0.00,4.07,85.34,0
946768163,0.00,0.00,4.07,85.34,0
946768182,0.00,0.00,4.07,85.34,0
946768203,0.00,0.00,4.07,85.34,0
946768223,0.00,0.00,4.07,85.34,0
946768243,0.00,0.00,4.07,85.34,0
946768263,0.00,0.00,4.07,85.34,0
946768283,0.00,0.00,4.07,85.34,0
946768303,0.00,0.00,4.07,85.34,0
946768322,0.00,0.00,4.07,85.34,0
946768343,0.00,0.00,4.07,85.34,0
946768363,0.00,0.00,4.07,85.34,0
946768383,0.00,0.00,4.07,85.34,0
946768403,0.00,0.00,4.07,85.34,0
946768423,0.00,0.00,4.07,85.34,0
946768443,0.00,0.00,4.07,85.34,0
946768463,0.00,0.00,4.07,85.34,0
946768483,0.00,0.00,4.07,85.34,0
946768502,0.00,0.00,4.07,85.34,0
946768523,0.00,0.00,4.07,85.34,0
946768543,0.00,0.00,4.07,85.34,0
946768563,0.00,0.00,4.07,85.34,0
946768583,0.00,0.00,4.07,85.34,0
946768603,0.00,0.00,4.07,85.34,0
946768623,0.00,0.00,4.07,85.34,0
946768642,0.00,0.00,4.07,85.34,0
946768663,0.00,0.00,4.07,85.34,0
946768682,0.00,0.00,4.07,85.34,0
946768703,0.00,0.00,4.07,85.34,0
946768723,0.00,0.00,4.07,85.34,0
946768743,0.00,0.00,4.07,85.34,0
946768763,0.00,0.00,4.07,85.34,0
946768783,0.00,0.00,4.07,85.34,0
946768803,0.00,0.00,4.07,85.34,0
946768823,0.00,0.00,4.07,85.34,0
946768843,0.00,0.00,4.07,85.34,0
946768862,0.00,0.00,4.07,85.34,0
946768883,0.00,0.00,4.07,85.34,0
946768903,0.00,0.00,4.07,85.34,0
946768923,0.00,0.00,4.07,85.34,0
946768943,0.00,0.00,4.07,85.34,0
946768963,0.00,0.00,4.07,85.34,0
946768983,0.00,0.00,4.07,85.34,0
946769003,0.00,0.00,4.07,85.34,0
946769023,0.00,0.00,4.07,85.34,0
946769042,0.00,0.00,4.07,85.34,0
946769063,0.00,0.00,4.07,85.34,0
946769083,0.00,0.00,4.07,85.34,0
946769103,0.00,0.00,4.07,85.34,0
946769123,0.00,0.00,4.07,85.34,0
946769143,0.00,0.00,4.07,85.34,0
946769163,0.00,0.00,4.07,85.34,0
946769182,0.00,0.00,4.07,85.34,0
946769203,0.00,0.00,4.07,85.34,0
946769223,0.00,0.00,4.07,85.34,0
946769243,0.00,0.00,4.07,85.34,0
946769263,0.00,0.00,4.07,85.34,0
946769283,0.00,0.00,4.07,85.34,0
946769303,0.00,0.00,4.07,85.34,0
946769322,0.00,0.00,4.07,85.34,0
946769343,0.00,0.00,4.07,85.34,0
946769363,0.00,0.00,4.07,85.34,0
946769383,0.00,0.00,4.07,85.34,0
946769403,0.00,0.00,4.07,85.34,0
946769423,0.00,0.00,4.07,85.34,0
946769443,0.00,0.00,4.07,85.34,0
946769462,0.00,0.00,4.07,85.34,0
946769483,0.00,0.00,4.07,85.34,0
946769503,0.00,0.00,4.07,85.34,0
946769523,0.00,0.00,4.07,85.34,0
946769543,0.00,0.00,4.07,85.34,0
946769563,0.00,0.00,4.07,85.34,0
946769583,0.00,0.00,4.07,85.34,0
946769602,0.00,0.00,4.07,85.34,0
946769623,0.00,0.00,4.07,85.34,0
946769643,0.00,0.00,4.07,85.34,0
946769663,0.00,0.00,4.07,85.34,0
946769683,0.00,0.00,4.07,85.34,0
946769703,0.00,0.00,4.07,85.34,0
946769723,0.00,0.00,4.07,85.34,0
946769742,0.00,0.00,4.07,85.34,0
946769763,0.00,0.00,4.07,85.34,0
946769783,0.00,0.00,4.07,85.34,0
946769803,0.00,0.00,4.07,85.34,0
946769823,0.00,0.00,4.07,85.34,0
946769843,0.00,0.00,4.07,85.34,0
946769863,0.00,0.00,4.07,85.34,0
946769882,0.00,0.00,4.07,85.34,0
946769903,0.00,0.00,4.07,85.34,0
946769922,0.00,0.00,4.07,85.34,0
946769943,0.00,0.00,4.07,85.34,0
946769963,0.00,0.00,4.07,85.34,0
946769983,0.00,0.00,4.07,85.34,0
946770003,0.00,0.00,4.07,85.34,0
946770023,0.00,0.00,4.07,85.34,0
946770043,0.00,0.00,4.07,85.34,0
946770062,0.00,0.00,4.07,85.34,0
946770083,0.00,0.00,4.07,85.34,0
946770103,0.00,0.00,4.07,85.34,0
946770123,0.00,0.00,4.07,85.34,0
946770143,0.00,0.00,4.07,85.34,0
946770163,0.00,0.00,4.07,85.34,0
946770183,0.00,0.00,4.07,85.34,0
946770203,0.00,0.00,4.07,85.34,0
946770223,0.00,0.00,4.07,85.34,0
946770242,0.00,0.00,4.07,85.34,0
946770263,0.00,0.00,4.07,85.34,0
946770283,0.00,0.00,4.07,85.34,0
946770303,0.00,0.00,4.07,85.34,0
946770323,0.00,0.00,4.07,85.34,0
946770343,0.00,0.00,4.07,85.34,0
946770363,0.00,0.00,4.07,85.34,0
946770382,0.00,0.00,4.07,85.34,0
946770403,0.00,0.00,4.07,85.34,0
946770423,0.00,0.00,4.07,85.34,0
946770443,0.00,0.00,4.07,85.34,0
946770463,0.00,0.00,4.07,85.34,0
946770483,0.00,0.00,4.07,85.34,0
946770503,0.00,0.00,4.07,85.34,0
946770522,0.00,0.00,4.07,85.34,0
946770543,0.00,0.00,4.07,85.34,0
946770563,0.00,0.00,4.07,85.34,0
946770583,0.00,0.00,4.07,85.34,0
946770603,0.00,0.00,4.07,85.34,0
946770623,0.00,0.00,4.07,85.34,0
946770643,0.00,0.00,4.07,85.34,0
946770662,0.00,0.00,4.07,85.34,0
946770683,0.00,0.00,4.07,85.34,0
946770703,0.00,0.00,4.07,85.34,0
946770723,0.00,0.00,4.07,85.34,0
946770743,0.00,0.00,4.07,85.34,0
946770763,0.00,0.00,4.07,85.34,0
946770783,0.00,0.00,4.07,85.34,0
946770802,0.00,0.00,4.07,85.34,0
946770823,0.00,0.00,4.07,85.34,0
946770843,0.00,0.00,4.07,85.34,0
946770863,0.00,0.00,4.07,85.34,0
946770883,0.00,0.00,4.07,85.34,0
946770903,0.00,0.00,4.07,85.34,0
946770923,0.00,0.00,4.07,85.34,0
946770942,0.00,0.00,4.07,85.34,0
946770963,0.00,0.00,4.07,85.34,0
946770983,0.00,0.00,4.07,85.34,0
946771003,0.00,0.00,4.07,85.34,0
946771023,0.00,0.00,4.07,85.34,0
946771043,0.00,0.00,4.07,85.34,0
946771063,0.00,0.00,4.07,85.34,0
946771082,0.00,0.00,4.07,85.34,0
946771103,0.00,0.00,4.07,85.34,0
946771122,0.00,0.00,4.07,85.34,0
946771143,0.00,0.00,4.07,85.34,0
946771163,0.00,0.00,4.07,85.34,0
946771183,0.00,0.00,4.07,85.34,0
946771203,0.00,0.00,4.07,85.34,0
946771223,0.00,0.00,4.07,85.34,0
946771243,0.00,0.00,4.07,85.34,0
946771262,0.00,0.00,4.07,85.34,0
946771283,0.00,0.00,4.07,85.34,0
946771303,0.00,0.00,4.07,85.34,0
946771323,0.00,0.00,4.07,85.34,0
946771343,0.00,0.00,4.07,85.34,0
946771363,0.00,0.00,4.07,85.34,0
946771383,0.00,0.00,4.07,85.34,0
946771403,0.00,0.00,4.07,85.34,0
946771423,0.00,0.00,4.07,85.34,0
946771442,0.00,0.00,4.07,85.34,0
946771463,0.00,0.00,4.07,85.34,0
946771483,0.00,0.00,4.07,85.34,0
946771503,0.00,0.00,4.07,85.34,0
946771523,0.00,0.00,4.07,85.34,0
946771543,0.00,0.00,4.07,85.34,0
946771563,0.00,0.00,4.07,85.34,0
946771582,0.00,0.00,4.07,85.34,0
946771603,0.00,0.00,4.07,85.34,0
946771623,0.00,0.00,4.07,85.34,0
946771643,0.00,0.00,4.07,85.34,0
946771663,0.00,0.00,4.07,85.34,0
946771683,0.00,0.00,4.07,85.34,0
946771703,0.00,0.00,4.07,85.34,0
946771722,0.00,0.00,4.07,85.34,0
946771743,0.00,0.00,4.07,85.34,0
946771763,0.00,0.00,4.07,85.34,0
946771783,0.00,0.00,4.07,85.34,0
946771803,0.00,0.00,4.07,85.34,0
946771823,0.00,0.00,4.07,85.34,0
946771843,0.00,0.00,4.07,85.34,0
946771862,0.00,0.00,4.07,85.34,0
946771883,0.00,0.00,4.07,85.34,0
946771903,0.00,0.00,4.07,85.34,0
946771923,0.00,0.00,4.07,85.34,0
946771943,0.00,0.00,4.07,85.34,0
946771963,0.00,0.00,4.07,85.34,0
946771983,0.00,0.00,4.07,85.34,0
946772002,0.00,0.00,4.07,85.34,0
946772023,0.00,0.00,4.07,85.34,0
946772043,0.00,0.00,4.07,85.34,0
946772063,0.00,0.00,4.07,85.34,0
946772083,0.00,0.00,4.07,85.34,0
946772103,0.00,0.00,4.07,85.34,0
946772123,0.00,0.00,4.07,85.34,0
946772142,0.00,0.00,4.07,85.34,0
946772163,0.00,0.00,4.07,85.34,0
946772183,0.00,0.00,4.07,85.34,0
946772203,0.00,0.00,4.07,85.34,0
946772223,0.00,0.00,4.07,85.34,0
946772243,0.00,0.00,4.07,85.34,0
946772263,0.00,0.00,4.07,85.34,0
946772282,0.00,0.00,4.07,85.34,0
946772303,0.00,0.00,4.07,85.34,0
946772323,0.00,0.00,4.07,85.34,0
946772343,0.00,0.00,4.07,85.34,0
946772363,0.00,0.00,4.07,85.34,0
946772383,0.00,0.00,4.07,85.34,0
946772403,0.00,0.00,4.07,85.34,0
946772422,0.00,0.00,4.07,85.34,0
946772443,0.00,0.00,4.07,85.34,0
946772463,0.00,0.00,4.07,85.34,0
946772483,0.00,0.00,4.07,85.34,0
946772503,0.00,0.00,4.07,85.34,0
946772523,0.00,0.00,4.07,85.34,0
946772543,0.00,0.00,4.07,85.34,0
946772563,0.00,0.00,4.07,85.34,0
946772583,0.00,0.00,4.07,85.34,0
946772602,0.00,0.00,4.07,85.34,0
946772623,0.00,0.00,4.07,85.34,0
946772643,0.00,0.00,4.07,85.34,0
946772663,0.00,0.00,4.07,85.34,0
946772683,0.00,0.00,4.07,85.34,0
946772703,0.00,0.00,4.07,85.34,0
946772723,0.00,0.00,4.07,85.34,0
946772742,0.00,0.00,4.07,85.34,0
946772763,0.00,0.00,4.07,85.34,0
946772783,0.00,0.00,4.07,85.34,0
946772803,0.00,0.00,4.07,85.34,0
946772823,0.00,0.00,4.07,85.34,0
946772843,0.00,0.00,4.07,85.34,0
946772863,0.00,0.00,4.07,85.34,0
946772882,0.00,0.00,4.07,85.34,0
946772903,0.00,0.00,4.07,85.34,0
946772923,0.00,0.00,4.07,85.34,0
946772943,0.00,0.00,4.07,85.34,0
946772963,0.00,0.00,4.07,85.34,0
946772983,0.00,0.00,4.07,85.34,0
946773003,0.00,0.00,4.07,85.34,0
946773022,0.00,0.00,4.07,85.34,0
946773043,0.00,0.00,4.07,85.34,0
946773063,0.00,0.00,4.07,85.34,0
946773083,0.00,0.00,4.07,85.34,0
946773103,0.00,0.00,4.07,85.34,0
946773123,0.00,0.00,4.07,85.34,0
946773143,0.00,0.00,4.07,85.34,0
946773162,0.00,0.00,4.07,85.34,0
946773183,0.00,0.00,4.07,85.34,0
946773202,0.00,0.00,4.07,85.34,0
946773223,0.00,0.00,4.07,85.34,0
946773243,0.00,0.00,4.07,85.34,0
946773263,0.00,0.00,4.07,85.34,0
946773283,0.00,0.00,4.07,85.34,0
946773303,0.00,0.00,4.07,85.34,0
946773323,0.00,0.00,4.07,85.34,0
946773342,0.00,0.00,4.07,85.34,0
946773363,0.00,0.00,4.07,85.34,0
946773383,0.00,0.00,4.07,85.34,0
946773403,0.00,0.00,4.07,85.34,0
946773423,0.00,0.00,4.07,85.34,0
946773443,0.00,0.00,4.07,85.34,0
946773463,0.00,0.00,4.07,85.34,0
946773482,0.00,0.00,4.07,85.34,0
946773503,0.00,0.00,4.07,85.34,0
946773523,0.00,0.00,4.07,85.34,0
946773543,0.00,0.00,4.07,85.20,0
946773563,0.00,0.00,4.07,85.34,0
946773583,0.00,0.00,4.07,85.20,0
946773603,0.00,0.00,4.07,85.20,0
946773622,0.00,0.00,4.07,85.20,0
946773643,0.00,0.00,4.07,85.20,0
946773663,0.00,0.00,4.07,85.20,0
946773683,0.00,0.00,4.07,85.20,0
946773703,0.00,0.00,4.07,85.20,0
946773723,0.00,0.00,4.07,85.20,0
946773743,0.00,0.00,4.07,85.20,0
946773763,0.00,0.00,4.07,85.20,0
946773783,0.00,0.00,4.07,85.20,0
946773802,0.00,0.00,4.07,85.20,0
946773823,0.00,0.00,4.07,85.20,0
946773843,0.00,0.00,4.07,85.20,0
946773863,0.00,0.00,4.07,85.20,0
946773883,0.00,0.00,4.07,85.20,0
946773903,0.00,0.00,4.07,85.20,0
946773923,0.00,0.00,4.07,85.20,0
946773943,0.00,0.00,4.07,85.20,0
946773963,0.00,0.00,4.07,85.20,0
946773982,0.00,0.00,4.07,85.20,0
946774003,0.00,0.00,4.07,85.20,0
946774023,0.00,0.00,4.07,85.20,0
946774043,0.00,0.00,4.07,85.20,0
946774063,0.00,0.00,4.07,85.20,0
946774083,0.00,0.00,4.07,85.20,0
946774103,0.00,0.00,4.07,85.20,0
946774122,0.00,0.00,4.07,85.20,0
946774143,0.00,0.00,4.07,85.20,0
946774163,0.00,0.00,4.07,85.20,0
946774183,0.00,0.00,4.07,85.20,0
946774203,0.00,0.00,4.07,85.20,0
946774223,0.00,0.00,4.07,85.20,0
946774243,0.00,0.00,4.07,85.20,0
946774263,0.00,0.00,4.07,85.20,0
946774283,0.00,0.00,4.07,85.20,0
946774302,0.00,0.00,4.07,85.20,0
946774323,0.00,0.00,4.07,85.20,0
946774343,0.00,0.00,4.07,85.20,0
946774363,0.00,0.00,4.07,85.20,0
946774383,0.00,0.00,4.07,85.20,0
946774403,0.00,0.00,4.07,85.20,0
946774423,0.00,0.00,4.07,85.20,0
946774443,0.00,0.00,4.07,85.20,0
946774463,0.00,0.00,4.07,85.20,0
946774482,0.00,0.00,4.07,85.20,0
946774503,0.00,0.00,4.07,85.20,0
946774523,0.00,0.00,4.07,85.20,0
946774543,0.00,0.00,4.07,85.20,0
946774563,0.00,0.00,4.07,85.20,0
946774583,0.00,0.00,4.07,85.20,0
946774603,0.00,0.00,4.07,85.20,0
946774622,0.00,0.00,4.07,85.20,0
946774643,0.00,0.00,4.07,85.20,0
946774663,0.00,0.00,4.07,85.20,0
946774683,0.00,0.00,4.07,85.20,0
946774703,0.00,0.00,4.07,85.20,0
946774723,0.00,0.00,4.07,85.20,0
946774743,0.00,0.00,4.07,85.20,0
946774762,0.00,0.00,4.07,85.20,0
946774783,0.00,0.00,4.07,85.20,0
946774803,0.00,0.00,4.07,85.20,0
946774823,0.00,0.00,4.07,85.20,0
946774843,0.00,0.00,4.07,85.20,0
946774863,0.00,0.00,4.07,85.20,0
946774883,0.00,0.00,4.07,85.20,0
946774902,0.00,0.00,4.07,85.20,0
946774923,0.00,0.00,4.07,85.20,0
946774943,0.00,0.00,4.07,85.20,0
946774963,0.00,0.00,4.07,85.20,0
946774983,0.00,0.00,4.07,85.20,0
946775003,0.00,0.00,4.07,85.20,0
946775023,0.00,0.00,4.07,85.20,0
946775042,0.00,0.00,4.07,85.20,0
946775063,0.00,0.00,4.07,85.20,0
946775083,0.00,0.00,4.07,85.20,0
946775103,0.00,0.00,4.07,85.20,0
946775123,0.00,0.00,4.07,85.20,0
946775143,0.00,0.00,4.07,85.20,0
946775163,0.00,0.00,4.07,85.20,0
946775182,0.00,0.00,4.07,85.20,0
946775203,0.00,0.00,4.07,85.20,0
946775222,0.00,0.00,4.07,85.20,0
946775243,0.00,0.00,4.07,85.20,0
946775263,0.00,0.00,4.07,85.20,0
946775283,0.00,0.00,4.07,85.20,0
946775303,0.00,0.00,4.07,85.20,0
946775323,0.00,0.00,4.07,85.20,0
946775343,0.00,0.00,4.07,85.20,0
946775362,0.00,0.00,4.07,85.20,0
946775383,0.00,0.00,4.07,85.20,0
946775403,0.00,0.00,4.07,85.20,0
946775423,0.00,0.00,4.07,85.20,0
946775443,0.00,0.00,4.07,85.20,0
946775463,0.00,0.00,4.07,85.20,0
946775483,0.00,0.00,4.07,85.20,0
946775502,0.00,0.00,4.07,85.20,0
946775523,0.00,0.00,4.07,85.20,0
946775543,0.00,0.00,4.07,85.20,0
946775563,0.00,0.00,4.07,85.20,0
946775583,0.00,0.00,4.07,85.20,0
946775603,0.00,0.00,4.07,85.20,0
946775623,0.00,0.00,4.07,85.20,0
946775643,0.00,0.00,4.07,85.20,0
946775663,0.00,0.00,4.07,85.20,0
946775682,0.00,0.00,4.07,85.20,0
946775703,0.00,0.00,4.07,85.20,0
946775723,0.00,0.00,4.07,85.20,0
946775743,0.00,0.00,4.07,85.20,0
946775763,0.00,0.00,4.07,85.20,0
946775783,0.00,0.00,4.07,85.20,0
946775803,0.00,0.00,4.07,85.20,0
946775822,0.00,0.00,4.07,85.20,0
946775843,0.00,0.00,4.07,85.20,0
946775863,0.00,0.00,4.07,85.20,0
946775883,0.00,0.00,4.07,85.20,0
946775903,0.00,0.00,4.07,85.20,0
946775923,0.00,0.00,4.07,85.20,0
946775943,0.00,0.00,4.07,85.20,0
946775962,0.00,0.00,4.07,85.20,0
946775983,0.00,0.00,4.07,85.20,0
946776003,0.00,0.00,4.07,85.20,0
946776023,0.00,0.00,4.07,85.20,0
946776043,0.00,0.00,4.07,85.20,0
946776063,0.00,0.00,4.07,85.20,0
946776083,0.00,0.00,4.07,85.20,0
946776102,0.00,0.00,4.07,85.20,0
946776123,0.00,0.00,4.07,85.20,0
946776143,0.00,0.00,4.07,85.20,0
946776163,0.00,0.00,4.07,85.20,0
946776183,0.00,0.00,4.07,85.20,0
946776203,0.00,0.00,4.07,85.20,0
946776223,0.00,0.00,4.07,85.20,0
946776242,0.00,0.00,4.07,85.20,0
946776263,0.00,0.00,4.07,85.20,0
946776283,0.00,0.00,4.07,85.20,0
946776303,0.00,0.00,4.07,85.20,0
946776323,0.00,0.00,4.07,85.20,0
946776343,0.00,0.00,4.07,85.20,0
946776363,0.00,0.00,4.07,85.20,0
946776382,0.00,0.00,4.07,85.20,0
946776403,0.00,0.00,4.07,85.20,0
946776423,0.00,0.00,4.07,85.20,0
946776443,0.00,0.00,4.07,85.20,0
946776463,0.00,0.00,4.07,85.20,0
946776483,0.00,0.00,4.07,85.20,0
946776503,0.00,0.00,4.07,85.20,0
946776523,0.00,0.00,4.07,85.20,0
946776543,0.00,0.00,4.07,85.20,0
946776562,0.00,0.00,4.07,85.20,0
946776583,0.00,0.00,4.07,85.20,0
946776603,0.00,0.00,4.07,85.20,0
946776623,0.00,0.00,4.07,85.20,0
946776643,0.00,0.00,4.07,85.20,0
946776663,0.00,0.00,4.07,85.20,0
946776683,0.00,0.00,4.07,85.20,0
946776702,0.00,0.00,4.07,85.20,0
946776723,0.00,0.00,4.07,85.20,0
946776743,0.00,0.00,4.07,85.20,0
946776763,0.00,0.00,4.07,85.20,0
946776783,0.00,0.00,4.07,85.20,0
946776803,0.00,0.00,4.07,85.20,0
946776823,0.00,0.00,4.07,85.20,0
946776842,0.00,0.00,4.07,85.20,0
946776863,0.00,0.00,4.07,85.20,0
946776883,0.00,0.00,4.07,85.20,0
946776903,0.00,0.00,4.07,85.20,0
946776923,0.00,0.00,4.07,85.20,0
946776943,0.00,0.00,4.07,85.20,0
946776963,0.00,0.00,4.07,85.20,0
946776983,0.00,0.00,4.07,85.20,0
946777003,0.00,0.00,4.07,85.20,0
946777022,0.00,0.00,4.07,85.20,0
946777043,0.00,0.00,4.07,85.20,0
946777063,0.00,0.00,4.07,85.20,0
946777083,0.00,0.00,4.07,85.20,0
946777103,0.00,0.00,4.07,85.20,0
946777123,0.00,0.00,4.07,85.20,0
946777143,0.00,0.00,4.07,85.20,0
946777162,0.00,0.00,4.07,85.20,0
946777183,0.00,0.00,4.07,85.20,0
946777203,0.00,0.00,4.07,85.20,0
946777223,0.00,0.00,4.07,85.20,0
946777243,0.00,0.00,4.07,85.20,0
946777263,0.00,0.00,4.07,85.20,0
946777283,0.00,0.00,4.07,85.20,0
946777302,0.00,0.00,4.07,85.20,0
946777323,0.00,0.00,4.07,85.20,0
946777343,0.00,0.00,4.07,85.20,0
946777363,0.00,0.00,4.07,85.20,0
946777383,0.00,0.00,4.07,85.20,0
946777403,0.00,0.00,4.07,85.20,0
946777423,0.00,0.00,4.07,85.20,0
946777442,0.00,0.00,4.07,85.20,0
946777463,0.00,0.00,4.07,85.20,0
946777483,0.00,0.00,4.07,85.20,0
946777503,0.00,0.00,4.07,85.20,0
946777523,0.00,0.00,4.07,85.20,0
946777543,0.00,0.00,4.07,85.20,0
946777563,0.00,0.00,4.07,85.20,0
946777582,0.00,0.00,4.07,85.20,0
946777603,0.00,0.00,4.07,85.20,0
946777622,0.00,0.00,4.07,85.20,0
946777643,0.00,0.00,4.07,85.20,0
946777663,0.00,0.00,4.07,85.20,0
946777683,0.00,0.00,4.07,85.20,0
946777703,0.00,0.00,4.07,85.20,0
946777723,0.00,0.00,4.07,85.20,0
946777743,0.00,0.00,4.07,85.20,0
946777762,0.00,0.00,4.07,85.20,0
946777783,0.00,0.00,4.07,85.20,0
946777803,0.00,0.00,4.07,85.20,0
946777823,0.00,0.00,4.07,85.20,0
946777843,0.00,0.00,4.07,85.20,0
946777863,0.00,0.00,4.07,85.20,0
946777883,0.00,0.00,4.07,85.20,0
946777902,0.00,0.00,4.07,85.20,0
946777923,0.00,0.00,4.07,85.20,0
946777943,0.00,0.00,4.07,85.20,0
946777963,0.00,0.00,4.07,85.20,0
946777983,0.00,0.00,4.07,85.20,0
946778003,0.00,0.00,4.07,85.20,0
946778023,0.00,0.00,4.07,85.20,0
946778042,0.00,0.00,4.07,85.20,0
946778063,0.00,0.00,4.07,85.20,0
946778082,0.00,0.00,4.07,85.20,0
946778103,0.00,0.00,4.07,85.20,0
946778123,0.00,0.00,4.07,85.20,0
946778143,0.00,0.00,4.07,85.20,0
946778163,0.00,0.00,4.07,85.20,0
946778183,0.00,0.00,4.07,85.20,0
946778203,0.00,0.00,4.07,85.20,0
946778222,0.00,0.00,4.07,85.20,0
946778243,0.00,0.00,4.07,85.20,0
946778263,0.00,0.00,4.07,85.20,0
946778283,0.00,0.00,4.07,85.20,0
946778303,0.00,0.00,4.07,85.20,0
946778323,0.00,0.00,4.07,85.20,0
946778343,0.00,0.00,4.07,85.20,0
946778362,0.00,0.00,4.07,85.20,0
946778383,0.00,0.00,4.07,85.20,0
946778402,0.00,0.00,4.07,85.20,0
946778423,0.00,0.00,4.07,85.20,0
946778443,0.00,0.00,4.07,85.20,0
946778463,0.00,0.00,4.07,85.20,0
946778483,0.00,0.00,4.07,85.20,0
946778503,0.00,0.00,4.07,85.20,0
946778523,0.00,0.00,4.07,85.20,0
946778542,0.00,0.00,4.07,85.20,0
946778563,0.00,0.00,4.07,85.20,0
946778582,0.00,0.00,4.07,85.20,0
946778603,0.00,0.00,4.07,85.20,0
946778623,0.00,0.00,4.07,85.20,0
946778643,0.00,0.00,4.07,85.20,0
946778663,0.00,0.00,4.07,85.20,0
946778683,0.00,0.00,4.07,85.20,0
946778703,0.00,0.00,4.07,85.20,0
946778722,0.00,0.00,4.07,85.20,0
946778743,0.00,0.00,4.07,85.20,0
946778762,0.00,0.00,4.07,85.20,0
946778783,0.00,0.00,4.07,85.20,0
946778803,0.00,0.00,4.07,85.20,0
946778823,0.00,0.00,4.07,85.20,0
946778843,0.00,0.00,4.07,85.20,0
946778863,0.00,0.00,4.07,85.20,0
946778883,0.00,0.00,4.07,85.20,0
946778903,0.00,0.00,4.07,85.20,0
946778923,0.00,0.00,4.07,85.20,0
946778942,0.00,0.00,4.07,85.20,0
946778963,0.00,0.00,4.07,85.20,0
946778983,0.00,0.00,4.07,85.20,0
946779003,0.00,0.00,4.07,85.20,0
946779023,0.00,0.00,4.07,85.20,0
946779043,0.00,0.00,4.07,85.20,0
946779063,0.00,0.00,4.07,85.20,0
946779082,0.00,0.00,4.07,85.20,0
946779103,0.00,0.00,4.07,85.20,0
946779123,0.00,0.00,4.07,85.20,0
946779143,0.00,0.00,4.07,85.20,0
946779163,0.00,0.00,4.07,85.20,0
946779183,0.00,0.00,4.07,85.20,0
946779203,0.00,0.00,4.07,85.20,0
946779222,0.00,0.00,4.07,85.20,0
946779243,0.00,0.00,4.07,85.20,0
946779263,0.00,0.00,4.07,85.20,0
946779283,0.00,0.00,4.07,85.20,0
946779303,0.00,0.00,4.07,85.20,0
946779323,0.00,0.00,4.07,85.20,0
946779343,0.00,0.00,4.07,85.20,0
946779362,0.00,0.00,4.07,85.20,0
946779383,0.00,0.00,4.07,85.20,0
946779403,0.00,0.00,4.07,85.20,0
946779423,0.00,0.00,4.07,85.20,0
946779443,0.00,0.00,4.07,85.20,0
946779463,0.00,0.00,4.07,85.20,0
946779483,0.00,0.00,4.07,85.20,0
946779502,0.00,0.00,4.07,85.20,0
946779523,0.00,0.00,4.07,85.20,0
946779542,0.00,0.00,4.07,85.20,0
946779563,0.00,0.00,4.07,85.20,0
946779583,0.00,0.00,4.07,85.20,0
946779603,0.00,0.00,4.07,85.20,0
946779623,0.00,0.00,4.07,85.20,0
946779643,0.00,0.00,4.07,85.20,0
946779663,0.00,0.00,4.07,85.20,0
946779682,0.00,0.00,4.07,85.20,0
946779703,0.00,0.00,4.07,85.20,0
946779723,0.00,0.00,4.07,85.20,0
946779743,0.00,0.00,4.07,85.20,0
946779763,0.00,0.00,4.07,85.20,0
946779783,0.00,0.00,4.07,85.20,0
946779803,0.00,0.00,4.07,85.20,0
946779822,0.00,0.00,4.07,85.20,0
946779843,0.00,0.00,4.07,85.20,0
946779863,0.00,0.00,4.07,85.20,0
946779883,0.00,0.00,4.07,85.20,0
946779903,0.00,0.00,4.07,85.20,0
946779923,0.00,0.00,4.07,85.20,0
946779943,0.00,0.00,4.07,85.20,0
946779962,0.00,0.00,4.07,85.20,0
946779983,0.00,0.00,4.07,85.20,0
946780003,0.00,0.00,4.07,85.20,0
946780023,0.00,0.00,4.07,85.20,0
946780043,0.00,0.00,4.07,85.20,0
946780063,0.00,0.00,4.07,85.20,0
946780083,0.00,0.00,4.07,85.20,0
946780102,0.00,0.00,4.07,85.20,0
946780123,0.00,0.00,4.07,85.20,0
946780143,0.00,0.00,4.07,85.20,0
946780163,0.00,0.00,4.07,85.20,0
946780183,0.00,0.00,4.07,85.20,0
946780203,0.00,0.00,4.07,85.20,0
946780223,0.00,0.00,4.07,85.20,0
946780242,0.00,0.00,4.07,85.20,0
946780263,0.00,0.00,4.07,85.20,0
946780283,0.00,0.00,4.07,85.20,0
946780303,0.00,0.00,4.07,85.20,0
946780323,0.00,0.00,4.07,85.20,0
946780343,0.00,0.00,4.07,85.20,0
946780363,0.00,0.00,4.07,85.20,0
946780382,0.00,0.00,4.07,85.20,0
946780403,0.00,0.00,4.07,85.20,0
946780423,0.00,0.00,4.07,85.20,0
946780443,0.00,0.00,4.07,85.20,0
946780463,0.00,0.00,4.07,85.20,0
946780483,0.00,0.00,4.07,85.20,0
946780503,0.00,0.00,4.07,85.20,0
946780522,0.00,0.00,4.07,85.20,0
946780543,0.00,0.00,4.07,85.20,0
946780562,0.00,0.00,4.07,85.20,0
946780583,0.00,0.00,4.07,85.20,0
946780603,0.00,0.00,4.07,85.20,0
946780623,0.00,0.00,4.07,85.20,0
946780643,0.00,0.00,4.07,85.20,0
946780663,0.00,0.00,4.07,85.20,0
946780683,0.00,0.00,4.07,85.20,0
946780702,0.00,0.00,4.07,85.20,0
946780723,0.00,0.00,4.07,85.20,0
946780743,0.00,0.00,4.07,85.20,0
946780763,0.00,0.00,4.07,85.20,0
946780783,0.00,0.00,4.07,85.20,0
946780803,0.00,0.00,4.07,85.20,0
946780823,0.00,0.00,4.07,85.20,0
946780843,0.00,0.00,4.07,85.20,0
946780863,0.00,0.00,4.07,85.20,0
946780882,0.00,0.00,4.07,85.20,0
946780903,0.00,0.00,4.07,85.20,0
946780923,0.00,0.00,4.07,85.20,0
946780943,0.00,0.00,4.07,85.20,0
946780963,0.00,0.00,4.07,85.20,0
946780983,0.00,0.00,4.07,85.20,0
946781003,0.00,0.00,4.07,85.20,0
946781022,0.00,0.00,4.07,85.20,0
946781043,0.00,0.00,4.07,85.20,0
946781063,0.00,0.00,4.07,85.20,0
946781083,0.00,0.00,4.07,85.20,0
946781103,0.00,0.00,4.07,85.20,0
946781123,0.00,0.00,4.07,85.20,0
946781143,0.00,0.00,4.07,85.20,0
946781162,0.00,0.00,4.07,85.20,0
946781183,0.00,0.00,4.07,85.20,0
946781203,0.00,0.00,4.07,85.20,0
946781223,0.00,0.00,4.07,85.20,0
946781243,0.00,0.00,4.07,85.20,0
946781263,0.00,0.00,4.07,85.20,0
946781283,0.00,0.00,4.07,85.20,0
946781302,0.00,0.00,4.07,85.20,0
946781323,0.00,0.00,4.07,85.20,0
946781343,0.00,0.00,4.07,85.20,0
946781363,0.00,0.00,4.07,85.20,0
946781383,0.00,0.00,4.07,85.20,0
946781403,0.00,0.00,4.07,85.20,0
946781423,0.00,0.00,4.07,85.20,0
946781442,0.00,0.00,4.07,85.20,0
946781463,0.00,0.00,4.07,85.20,0
946781483,0.00,0.00,4.07,85.20,0
946781503,0.00,0.00,4.07,85.20,0
946781523,0.00,0.00,4.07,85.20,0
946781543,0.00,0.00,4.07,85.20,0
946781563,0.00,0.00,4.07,85.20,0
946781583,0.00,0.00,4.07,85.20,0
946781603,0.00,0.00,4.07,85.20,0
946781622,0.00,0.00,4.07,85.20,0
946781643,0.00,0.00,4.07,85.20,0
946781663,0.00,0.00,4.07,85.20,0
946781683,0.00,0.00,4.07,85.20,0
946781703,0.00,0.00,4.07,85.20,0
946781723,0.00,0.00,4.07,85.20,0
946781743,0.00,0.00,4.07,85.20,0
946781762,0.00,0.00,4.07,85.20,0
946781783,0.00,0.00,4.07,85.20,0
946781803,0.00,0.00,4.07,85.20,0
946781823,0.00,0.00,4.07,85.20,0
946781843,0.00,0.00,4.07,85.20,0
946781863,0.00,0.00,4.07,85.20,0
946781883,0.00,0.00,4.07,85.20,0
946781903,0.00,0.00,4.07,85.20,0
946781923,0.00,0.00,4.07,85.20,0
946781942,0.00,0.00,4.07,85.20,0
946781963,0.00,0.00,4.07,85.20,0
946781983,0.00,0.00,4.07,85.20,0
946782003,0.00,0.00,4.07,85.20,0
946782023,0.00,0.00,4.07,85.20,0
946782043,0.00,0.00,4.07,85.20,0
946782063,0.00,0.00,4.07,85.20,0
946782082,0.00,0.00,4.07,85.20,0
946782103,0.00,0.00,4.07,85.20,0
946782122,0.00,0.00,4.07,85.20,0
946782143,0.00,0.00,4.07,85.20,0
946782163,0.00,0.00,4.07,85.20,0
946782183,0.00,0.00,4.07,85.20,0
946782203,0.00,0.00,4.07,85.20,0
946782223,0.00,0.00,4.07,85.20,0
946782243,0.00,0.00,4.07,85.20,0
946782262,0.00,0.00,4.07,85.20,0
946782283,0.00,0.00,4.07,85.20,0
946782303,0.00,0.00,4.07,85.20,0
946782323,0.00,0.00,4.07,85.20,0
946782343,0.00,0.00,4.07,85.20,0
946782363,0.00,0.00,4.07,85.20,0
946782383,0.00,0.00,4.07,85.20,0
946782403,0.00,0.00,4.07,85.20,0
946782423,0.00,0.00,4.07,85.20,0
946782442,0.00,0.00,4.07,85.20,0
946782463,0.00,0.00,4.07,85.20,0
946782483,0.00,0.00,4.07,85.20,0
946782503,0.00,0.00,4.07,85.20,0
946782523,0.00,0.00,4.07,85.20,0
946782543,0.00,0.00,4.07,85.20,0
946782563,0.00,0.00,4.07,85.20,0
946782582,0.00,0.00,4.07,85.20,0
946782603,0.00,0.00,4.07,85.20,0
946782623,0.00,0.00,4.07,85.20,0
946782643,0.00,0.00,4.07,85.20,0
946782663,0.00,0.00,4.07,85.20,0
946782683,0.00,0.00,4.07,85.20,0
946782703,0.00,0.00,4.07,85.20,0
946782722,0.00,0.00,4.07,85.20,0
946782743,0.00,0.00,4.07,85.20,0
946782762,0.00,0.00,4.07,85.20,0
946782783,0.00,0.00,4.07,85.20,0
946782803,0.00,0.00,4.07,85.20,0
946782823,0.00,0.00,4.07,85.20,0
946782843,0.00,0.00,4.07,85.20,0
946782863,0.00,0.00,4.07,85.20,0
946782883,0.00,0.00,4.07,85.20,0
946782902,0.00,0.00,4.07,85.20,0
946782923,0.00,0.00,4.07,85.20,0
946782943,0.00,0.00,4.07,85.20,0
946782963,0.00,0.00,4.07,85.20,0
946782983,0.00,0.00,4.07,85.20,0
946783003,0.00,0.00,4.07,85.20,0
946783023,0.00,0.00,4.07,85.20,0
946783043,0.00,0.00,4.07,85.20,0
946783063,0.00,0.00,4.07,85.20,0
946783082,0.00,0.00,4.07,85.20,0
946783103,0.00,0.00,4.07,85.20,0
946783123,0.00,0.00,4.07,85.20,0
946783143,0.00,0.00,4.07,85.20,0
946783163,0.00,0.00,4.07,85.20,0
946783183,0.00,0.00,4.07,85.20,0
946783203,0.00,0.00,4.07,85.20,0
946783222,0.00,0.00,4.07,85.20,0
946783243,0.00,0.00,4.07,85.20,0
946783263,0.00,0.00,4.07,85.20,0
946783283,0.00,0.00,4.07,85.20,0
946783303,0.00,0.00,4.07,85.20,0
946783323,0.00,0.00,4.07,85.20,0
946783343,0.00,0.00,4.07,85.20,0
946783363,0.00,0.00,4.07,85.20,0
946783383,0.00,0.00,4.07,85.20,0
946783402,0.00,0.00,4.07,85.20,0
946783423,0.00,0.00,4.07,85.20,0
946783443,0.00,0.00,4.07,85.20,0
946783463,0.00,0.00,4.07,85.20,0
946783483,0.00,0.00,4.07,85.20,0
946783503,0.00,0.00,4.07,85.20,0
946783523,0.00,0.00,4.07,85.20,0
946783542,0.00,0.00,4.07,85.20,0
946783563,0.00,0.00,4.07,85.20,0
946783583,0.00,0.00,4.07,85.20,0
946783603,0.00,0.00,4.07,85.20,0
946783623,0.00,0.00,4.07,85.20,0
946783643,0.00,0.00,4.07,85.20,0
946783663,0.00,0.00,4.07,85.20,0
946783683,0.00,0.00,4.07,85.20,0
946783703,0.00,0.00,4.07,85.20,0
946783722,0.00,0.00,4.07,85.20,0
946783743,0.00,0.00,4.07,85.20,0
946783763,0.00,0.00,4.07,85.20,0
946783783,0.00,0.00,4.07,85.20,0
946783803,0.00,0.00,4.07,85.20,0
946783823,0.00,0.00,4.07,85.20,0
946783843,0.00,0.00,4.07,85.20,0
946783862,0.00,0.00,4.07,85.20,0
946783883,0.00,0.00,4.07,85.20,0
946783902,0.00,0.00,4.07,85.20,0
946783923,0.00,0.00,4.07,85.20,0
946783943,0.00,0.00,4.07,85.20,0
946783963,0.00,0.00,4.07,85.20,0
946783983,0.00,0.00,4.07,85.20,0
946784003,0.00,0.00,4.07,85.20,0
946784023,0.00,0.00,4.07,85.20,0
946784042,0.00,0.00,4.07,85.20,0
946784063,0.00,0.00,4.07,85.20,0
946784082,0.00,0.00,4.07,85.20,0
946784103,0.00,0.00,4.07,85.20,0
946784123,0.00,0.00,4.07,85.20,0
946784143,0.00,0.00,4.07,85.20,0
946784163,0.00,0.00,4.07,85.20,0
946784183,0.00,0.00,4.07,85.20,0
946784203,0.00,0.00,4.07,85.20,0
946784222,0.00,0.00,4.07,85.20,0
946784243,0.00,0.00,4.07,85.20,0
946784263,0.00,0.00,4.07,85.20,0
946784283,0.00,0.00,4.07,85.20,0
946784303,0.00,0.00,4.07,85.20,0
946784323,0.00,0.00,4.07,85.20,0
946784343,0.00,0.00,4.07,85.20,0
946784362,0.00,0.00,4.07,85.20,0
946784383,0.00,0.00,4.07,85.20,0
946784403,0.00,0.00,4.07,85.20,0
946784423,0.00,0.00,4.07,85.20,0
946784443,0.00,0.00,4.07,85.20,0
946784463,0.00,0.00,4.07,85.20,0
946784483,0.00,0.00,4.07,85.20,0
946784502,0.00,0.00,4.07,85.20,0
946784523,0.00,0.00,4.07,85.20,0
946784543,0.00,0.00,4.07,85.20,0
946784563,0.00,0.00,4.07,85.20,0
946784583,0.00,0.00,4.07,85.20,0
946784603,0.00,0.00,4.07,85.20,0
946784623,0.00,0.00,4.07,85.20,0
946784642,0.00,0.00,4.07,85.20,0
946784663,0.00,0.00,4.07,85.20,0
946784683,0.00,0.00,4.07,85.20,0
946784703,0.00,0.00,4.07,85.20,0
946784723,0.00,0.00,4.07,85.20,0
946784743,0.00,0.00,4.07,85.20,0
946784763,0.00,0.00,4.07,85.20,0
946784782,0.00,0.00,4.07,85.20,0
946784803,0.00,0.00,4.07,85.20,0
946784823,0.00,0.00,4.07,85.20,0
946784843,0.00,0.00,4.07,85.20,0
946784863,0.00,0.00,4.07,85.20,0
946784883,0.00,0.00,4.07,85.20,0
946784903,0.00,0.00,4.07,85.20,0
946784922,0.00,0.00,4.07,85.20,0
946784943,0.00,0.00,4.07,85.20,0
946784962,0.00,0.00,4.07,85.20,0
946784983,0.00,0.00,4.07,85.20,0
946785003,0.00,0.00,4.07,85.20,0
946785023,0.00,0.00,4.07,85.20,0
946785043,0.00,0.00,4.07,85.20,0
946785063,0.00,0.00,4.07,85.20,0
946785083,0.00,0.00,4.07,85.20,0
946785102,0.00,0.00,4.07,85.20,0
946785123,0.00,0.00,4.07,85.20,0
946785142,0.00,0.00,4.07,85.20,0
946785163,0.00,0.00,4.07,85.20,0
946785183,0.00,0.00,4.07,85.20,0
946785203,0.00,0.00,4.07,85.20,0
946785223,0.00,0.00,4.07,85.20,0
946785243,0.00,0.00,4.07,85.20,0
946785263,0.00,0.00,4.07,85.20,0
946785282,0.00,0.00,4.07,85.20,0
946785303,0.00,0.00,4.07,85.20,0
946785323,0.00,0.00,4.07,85.20,0
946785343,0.00,0.00,4.07,85.20,0
946785363,0.00,0.00,4.07,85.20,0
946785383,0.00,0.00,4.07,85.20,0
946785403,0.00,0.00,4.07,85.20,0
946785422,0.00,0.00,4.07,85.20,0
946785443,0.00,0.00,4.07,85.20,0
946785463,0.00,0.00,4.07,85.20,0
946785483,0.00,0.00,4.07,85.20,0
946785503,0.00,0.00,4.07,85.20,0
946785523,0.00,0.00,4.07,85.20,0
946785543,0.00,0.00,4.07,85.20,0
946785562,0.00,0.00,4.07,85.20,0
946785583,0.00,0.00,4.07,85.20,0
946785603,0.00,0.00,4.07,85.20,0
946785623,0.00,0.00,4.07,85.20,0
946785643,0.00,0.00,4.07,85.20,0
946785663,0.00,0.00,4.07,85.20,0
946785683,0.00,0.00,4.07,85.20,0
946785702,0.00,0.00,4.07,85.20,0
946785723,0.00,0.00,4.07,85.20,0
946785743,0.00,0.00,4.07,85.20,0
946785763,0.00,0.00,4.07,85.20,0
946785783,0.00,0.00,4.07,85.20,0
946785803,0.00,0.00,4.07,85.20,0
946785823,0.00,0.00,4.07,85.20,0
946785842,0.00,0.00,4.07,85.20,0
946785863,0.00,0.00,4.07,85.20,0
946785883,0.00,0.00,4.07,85.20,0
946785903,0.00,0.00,4.07,85.20,0
946785923,0.00,0.00,4.07,85.20,0
946785943,0.00,0.00,4.07,85.20,0
946785963,0.00,0.00,4.07,85.20,0
946785982,0.00,0.00,4.07,85.20,0
946786003,0.00,0.00,4.07,85.20,0
946786023,0.00,0.00,4.07,85.20,0
946786043,0.00,0.00,4.07,85.20,0
946786063,0.00,0.00,4.07,85.20,0
946786083,0.00,0.00,4.07,85.20,0
946786103,0.00,0.00,4.07,85.20,0
946786122,0.00,0.00,4.07,85.20,0
946786143,0.00,0.00,4.07,85.20,0
946786163,0.00,0.00,4.07,85.20,0
946786183,0.00,0.00,4.07,85.20,0
946786203,0.00,0.00,4.07,85.20,0
946786223,0.00,0.00,4.07,85.20,0
946786243,0.00,0.00,4.07,85.20,0
946786262,0.00,0.00,4.07,85.20,0
946786283,0.00,0.00,4.07,85.20,0
946786303,0.00,0.00,4.07,85.20,0
946786323,0.00,0.00,4.07,85.20,0
946786343,0.00,0.00,4.07,85.20,0
946786363,0.00,0.00,4.07,85.20,0
946786383,0.00,0.00,4.07,85.20,0
946786403,0.00,0.00,4.07,85.20,0
946786423,0.00,0.00,4.07,85.20,0
946786442,0.00,0.00,4.07,85.20,0
946786463,0.00,0.00,4.07,85.20,0
946786483,0.00,0.00,4.07,85.20,0
946786503,0.00,0.00,4.07,85.20,0
946786523,0.00,0.00,4.07,85.20,0
946786543,0.00,0.00,4.07,85.20,0
946786563,0.00,0.00,4.07,85.20,0
946786582,0.00,0.00,4.07,85.20,0
946786603,0.00,0.00,4.07,85.20,0
946786623,0.00,0.00,4.07,85.20,0
946786643,0.00,0.00,4.07,85.20,0
946786663,0.00,0.00,4.07,85.20,0
